SheetPath,RecordType,RecordKey,NetName,MemberType,MemberName,Designator,ComponentUniqueID,MemberUniqueID,ComponentKind,LibraryReference,PartID,PinNumber,PinName,Electrical,Relation,EndpointStatus,ObservedNetCount,ObservedNets,EffectiveShortNetCount,EffectiveShortNets,DanglingEndpointCount,DanglingNets,Status,RawID
C:\Users\nvt10241\Downloads\Sheet1.SchDoc,NET_MEMBER,NET_MEMBER@AGND@POWER_PORT@AGND@AGND,AGND,POWER_PORT,AGND,,,,,,,,,Power,,,,,,,,,,AGND
C:\Users\nvt10241\Downloads\Sheet1.SchDoc,NET_MEMBER,NET_MEMBER@AGND@PIN@RDRDLWDY@$$$\RDRDLWDY-1,AGND,PIN,R_DGND_S1.1,R_DGND_S1,RDRDLWDY,$$$\RDRDLWDY-1,,,1,1,1,Passive,,,,,,,,,,1
C:\Users\nvt10241\Downloads\Sheet1.SchDoc,NET_MEMBER,NET_MEMBER@AGND@PIN@YDNGICIP@$$$\YDNGICIP-1,AGND,PIN,R_GND_S1.1,R_GND_S1,YDNGICIP,$$$\YDNGICIP-1,,,1,1,1,Passive,,,,,,,,,,1
C:\Users\nvt10241\Downloads\Sheet1.SchDoc,NET_MEMBER,NET_MEMBER@AGND@PIN@MZXKPXGO@$$$\MZXKPXGO-1,AGND,PIN,R_JGND_S1.1,R_JGND_S1,MZXKPXGO,$$$\MZXKPXGO-1,,,1,1,1,Passive,,,,,,,,,,1
C:\Users\nvt10241\Downloads\Sheet1.SchDoc,NET_MEMBER,NET_MEMBER@AGND_F_S1@NET_LABEL@AGND_F_S1@AGND_F_S1,AGND_F_S1,NET_LABEL,AGND_F_S1,,,,,,,,,Passive,,,,,,,,,,AGND_F_S1
C:\Users\nvt10241\Downloads\Sheet1.SchDoc,NET_MEMBER,NET_MEMBER@AGND_F_S1@POWER_PORT@AGND_F_S1@AGND_F_S1,AGND_F_S1,POWER_PORT,AGND_F_S1,,,,,,,,,Power,,,,,,,,,,AGND_F_S1
C:\Users\nvt10241\Downloads\Sheet1.SchDoc,NET_MEMBER,NET_MEMBER@AGND_F_S1@PIN@JZIJMDSU@$$$\JZIJMDSU-2,AGND_F_S1,PIN,C1_Stable_S1.2,C1_Stable_S1,JZIJMDSU,$$$\JZIJMDSU-2,,,1,2,2,Passive,,,,,,,,,,2
C:\Users\nvt10241\Downloads\Sheet1.SchDoc,NET_MEMBER,NET_MEMBER@AGND_F_S1@PIN@AHDVUZCF@$$$\AHDVUZCF-1,AGND_F_S1,PIN,C2_GND_S1.1,C2_GND_S1,AHDVUZCF,$$$\AHDVUZCF-1,,,1,1,1,Passive,,,,,,,,,,1
C:\Users\nvt10241\Downloads\Sheet1.SchDoc,NET_MEMBER,NET_MEMBER@AGND_F_S1@PIN@AHDVUZCF@$$$\AHDVUZCF-2,AGND_F_S1,PIN,C2_GND_S1.2,C2_GND_S1,AHDVUZCF,$$$\AHDVUZCF-2,,,1,2,2,Passive,,,,,,,,,,2
C:\Users\nvt10241\Downloads\Sheet1.SchDoc,NET_MEMBER,NET_MEMBER@AGND_F_S1@PIN@JDKZLWQS@$$$\JDKZLWQS-1,AGND_F_S1,PIN,C2_OSC_S1.1,C2_OSC_S1,JDKZLWQS,$$$\JDKZLWQS-1,,,1,1,1,Passive,,,,,,,,,,1
C:\Users\nvt10241\Downloads\Sheet1.SchDoc,NET_MEMBER,NET_MEMBER@AGND_F_S1@PIN@ZFXBSXHE@$$$\ZFXBSXHE-2,AGND_F_S1,PIN,C2_Stable_S1.2,C2_Stable_S1,ZFXBSXHE,$$$\ZFXBSXHE-2,,,1,2,2,Passive,,,,,,,,,,2
C:\Users\nvt10241\Downloads\Sheet1.SchDoc,NET_MEMBER,NET_MEMBER@AGND_F_S1@PIN@ZIININHL@$$$\ZIININHL-1,AGND_F_S1,PIN,C3_PWR_S1.1,C3_PWR_S1,ZIININHL,$$$\ZIININHL-1,,,1,1,1,Passive,,,,,,,,,,1
C:\Users\nvt10241\Downloads\Sheet1.SchDoc,NET_MEMBER,NET_MEMBER@AGND_F_S1@PIN@QOYWCPQL@$$$\QOYWCPQL-1,AGND_F_S1,PIN,C5_GND_S1.1,C5_GND_S1,QOYWCPQL,$$$\QOYWCPQL-1,,,1,1,1,Passive,,,,,,,,,,1
C:\Users\nvt10241\Downloads\Sheet1.SchDoc,NET_MEMBER,NET_MEMBER@AGND_F_S1@PIN@QOYWCPQL@$$$\QOYWCPQL-2,AGND_F_S1,PIN,C5_GND_S1.2,C5_GND_S1,QOYWCPQL,$$$\QOYWCPQL-2,,,1,2,2,Passive,,,,,,,,,,2
C:\Users\nvt10241\Downloads\Sheet1.SchDoc,NET_MEMBER,NET_MEMBER@AGND_F_S1@PIN@AHQCBTSE@$$$\AHQCBTSE-1,AGND_F_S1,PIN,C6_PWR_S1.1,C6_PWR_S1,AHQCBTSE,$$$\AHQCBTSE-1,,,1,1,1,Passive,,,,,,,,,,1
C:\Users\nvt10241\Downloads\Sheet1.SchDoc,NET_MEMBER,NET_MEMBER@AGND_F_S1@PIN@EKGGGQLT@$$$\EKGGGQLT-1,AGND_F_S1,PIN,C7_GND_S1.1,C7_GND_S1,EKGGGQLT,$$$\EKGGGQLT-1,,,1,1,1,Passive,,,,,,,,,,1
C:\Users\nvt10241\Downloads\Sheet1.SchDoc,NET_MEMBER,NET_MEMBER@AGND_F_S1@PIN@EKGGGQLT@$$$\EKGGGQLT-2,AGND_F_S1,PIN,C7_GND_S1.2,C7_GND_S1,EKGGGQLT,$$$\EKGGGQLT-2,,,1,2,2,Passive,,,,,,,,,,2
C:\Users\nvt10241\Downloads\Sheet1.SchDoc,NET_MEMBER,NET_MEMBER@AGND_F_S1@PIN@GMHXWFFE@$$$\GMHXWFFE-1,AGND_F_S1,PIN,C8_PWR_S1.1,C8_PWR_S1,GMHXWFFE,$$$\GMHXWFFE-1,,,1,1,1,Passive,,,,,,,,,,1
C:\Users\nvt10241\Downloads\Sheet1.SchDoc,NET_MEMBER,NET_MEMBER@AGND_F_S1@PIN@WUOMVTDA@$$$\WUOMVTDA-2,AGND_F_S1,PIN,Cap1_PMID_S1.2,Cap1_PMID_S1,WUOMVTDA,$$$\WUOMVTDA-2,,,1,2,2,Passive,,,,,,,,,,2
C:\Users\nvt10241\Downloads\Sheet1.SchDoc,NET_MEMBER,NET_MEMBER@AGND_F_S1@PIN@MVXFZYKO@$$$\MVXFZYKO-2,AGND_F_S1,PIN,Cap1_V1P5_S1.2,Cap1_V1P5_S1,MVXFZYKO,$$$\MVXFZYKO-2,,,1,2,2,Passive,,,,,,,,,,2
C:\Users\nvt10241\Downloads\Sheet1.SchDoc,NET_MEMBER,NET_MEMBER@AGND_F_S1@PIN@VKGQGMYG@$$$\VKGQGMYG-2,AGND_F_S1,PIN,Cap1_VAC1_S1.2,Cap1_VAC1_S1,VKGQGMYG,$$$\VKGQGMYG-2,,,1,2,2,Passive,,,,,,,,,,2
C:\Users\nvt10241\Downloads\Sheet1.SchDoc,NET_MEMBER,NET_MEMBER@AGND_F_S1@PIN@WCSLPROT@$$$\WCSLPROT-2,AGND_F_S1,PIN,Cap1_VAC2_S1.2,Cap1_VAC2_S1,WCSLPROT,$$$\WCSLPROT-2,,,1,2,2,Passive,,,,,,,,,,2
C:\Users\nvt10241\Downloads\Sheet1.SchDoc,NET_MEMBER,NET_MEMBER@AGND_F_S1@PIN@USEUVUDR@$$$\USEUVUDR-2,AGND_F_S1,PIN,Cap1_VAC3_S1.2,Cap1_VAC3_S1,USEUVUDR,$$$\USEUVUDR-2,,,1,2,2,Passive,,,,,,,,,,2
C:\Users\nvt10241\Downloads\Sheet1.SchDoc,NET_MEMBER,NET_MEMBER@AGND_F_S1@PIN@DXAPQMFD@$$$\DXAPQMFD-2,AGND_F_S1,PIN,Cap1_VBAT_S1.2,Cap1_VBAT_S1,DXAPQMFD,$$$\DXAPQMFD-2,,,1,2,2,Passive,,,,,,,,,,2
C:\Users\nvt10241\Downloads\Sheet1.SchDoc,NET_MEMBER,NET_MEMBER@AGND_F_S1@PIN@GKHUMKGG@$$$\GKHUMKGG-2,AGND_F_S1,PIN,Cap1_VBUS_S1.2,Cap1_VBUS_S1,GKHUMKGG,$$$\GKHUMKGG-2,,,1,2,2,Passive,,,,,,,,,,2
C:\Users\nvt10241\Downloads\Sheet1.SchDoc,NET_MEMBER,NET_MEMBER@AGND_F_S1@PIN@PHZCJVRR@$$$\PHZCJVRR-2,AGND_F_S1,PIN,Cap1_VCC_S1.2,Cap1_VCC_S1,PHZCJVRR,$$$\PHZCJVRR-2,,,1,2,2,Passive,,,,,,,,,,2
C:\Users\nvt10241\Downloads\Sheet1.SchDoc,NET_MEMBER,NET_MEMBER@AGND_F_S1@PIN@DBCNYJYC@$$$\DBCNYJYC-1,AGND_F_S1,PIN,Cap2_PMID_S1.1,Cap2_PMID_S1,DBCNYJYC,$$$\DBCNYJYC-1,,,1,1,1,Passive,,,,,,,,,,1
C:\Users\nvt10241\Downloads\Sheet1.SchDoc,NET_MEMBER,NET_MEMBER@AGND_F_S1@PIN@KUYOIAQY@$$$\KUYOIAQY-1,AGND_F_S1,PIN,Cap2_V1P5_S1.1,Cap2_V1P5_S1,KUYOIAQY,$$$\KUYOIAQY-1,,,1,1,1,Passive,,,,,,,,,,1
C:\Users\nvt10241\Downloads\Sheet1.SchDoc,NET_MEMBER,NET_MEMBER@AGND_F_S1@PIN@JZWRCYVQ@$$$\JZWRCYVQ-1,AGND_F_S1,PIN,Cap2_VAC_S1.1,Cap2_VAC_S1,JZWRCYVQ,$$$\JZWRCYVQ-1,,,1,1,1,Passive,,,,,,,,,,1
C:\Users\nvt10241\Downloads\Sheet1.SchDoc,NET_MEMBER,NET_MEMBER@AGND_F_S1@PIN@FYHWROLB@$$$\FYHWROLB-1,AGND_F_S1,PIN,Cap2_VBAT_S1.1,Cap2_VBAT_S1,FYHWROLB,$$$\FYHWROLB-1,,,1,1,1,Passive,,,,,,,,,,1
C:\Users\nvt10241\Downloads\Sheet1.SchDoc,NET_MEMBER,NET_MEMBER@AGND_F_S1@PIN@VTOUWBPS@$$$\VTOUWBPS-1,AGND_F_S1,PIN,Cap2_VBUS_S1.1,Cap2_VBUS_S1,VTOUWBPS,$$$\VTOUWBPS-1,,,1,1,1,Passive,,,,,,,,,,1
C:\Users\nvt10241\Downloads\Sheet1.SchDoc,NET_MEMBER,NET_MEMBER@AGND_F_S1@PIN@DNYHBCQM@$$$\DNYHBCQM-1,AGND_F_S1,PIN,Cap2_VCC_S1.1,Cap2_VCC_S1,DNYHBCQM,$$$\DNYHBCQM-1,,,1,1,1,Passive,,,,,,,,,,1
C:\Users\nvt10241\Downloads\Sheet1.SchDoc,NET_MEMBER,NET_MEMBER@AGND_F_S1@PIN@NNAUUTLO@$$$\NNAUUTLO-2,AGND_F_S1,PIN,Cap_nRST_S1.2,Cap_nRST_S1,NNAUUTLO,$$$\NNAUUTLO-2,,,1,2,2,Passive,,,,,,,,,,2
C:\Users\nvt10241\Downloads\Sheet1.SchDoc,NET_MEMBER,NET_MEMBER@AGND_F_S1@PIN@JJOOQHSR@$$$\JJOOQHSR-2,AGND_F_S1,PIN,CL_S1.2,CL_S1,JJOOQHSR,$$$\JJOOQHSR-2,,,1,2,2,Passive,,,,,,,,,,2
C:\Users\nvt10241\Downloads\Sheet1.SchDoc,NET_MEMBER,NET_MEMBER@AGND_F_S1@PIN@ECXTZGGS@$$$\ECXTZGGS-2,AGND_F_S1,PIN,CS_S1.2,CS_S1,ECXTZGGS,$$$\ECXTZGGS-2,,,1,2,2,Passive,,,,,,,,,,2
C:\Users\nvt10241\Downloads\Sheet1.SchDoc,NET_MEMBER,NET_MEMBER@AGND_F_S1@PIN@TKLVOFPH@$$$\TKLVOFPH-2,AGND_F_S1,PIN,K14_VAC1_P2P_S1.2,K14_VAC1_P2P_S1,TKLVOFPH,$$$\TKLVOFPH-2,,,1,2,NO,Passive,,,,,,,,,,2
C:\Users\nvt10241\Downloads\Sheet1.SchDoc,NET_MEMBER,NET_MEMBER@AGND_F_S1@PIN@DXSNRACM@$$$\DXSNRACM-2,AGND_F_S1,PIN,K15_VAC2_P2P_S1.2,K15_VAC2_P2P_S1,DXSNRACM,$$$\DXSNRACM-2,,,1,2,NO,Passive,,,,,,,,,,2
C:\Users\nvt10241\Downloads\Sheet1.SchDoc,NET_MEMBER,NET_MEMBER@AGND_F_S1@PIN@PZMFOIST@$$$\PZMFOIST-2,AGND_F_S1,PIN,K16_VAC3_P2P_S1.2,K16_VAC3_P2P_S1,PZMFOIST,$$$\PZMFOIST-2,,,1,2,NO,Passive,,,,,,,,,,2
C:\Users\nvt10241\Downloads\Sheet1.SchDoc,NET_MEMBER,NET_MEMBER@AGND_F_S1@PIN@XEOVXFMH@$$$\XEOVXFMH-2,AGND_F_S1,PIN,K26_ACDRV1_P2P_S1.2,K26_ACDRV1_P2P_S1,XEOVXFMH,$$$\XEOVXFMH-2,,,1,2,NO,Passive,,,,,,,,,,2
C:\Users\nvt10241\Downloads\Sheet1.SchDoc,NET_MEMBER,NET_MEMBER@AGND_F_S1@PIN@JWAWINYG@$$$\JWAWINYG-2,AGND_F_S1,PIN,K27_ACDRV2_P2P_S1.2,K27_ACDRV2_P2P_S1,JWAWINYG,$$$\JWAWINYG-2,,,1,2,NO,Passive,,,,,,,,,,2
C:\Users\nvt10241\Downloads\Sheet1.SchDoc,NET_MEMBER,NET_MEMBER@AGND_F_S1@PIN@GQDJSVUJ@$$$\GQDJSVUJ-2,AGND_F_S1,PIN,K28_ACDRV3_P2P_S1.2,K28_ACDRV3_P2P_S1,GQDJSVUJ,$$$\GQDJSVUJ-2,,,1,2,NO,Passive,,,,,,,,,,2
C:\Users\nvt10241\Downloads\Sheet1.SchDoc,NET_MEMBER,NET_MEMBER@AGND_F_S1@PIN@YNEIZRWX@$$$\YNEIZRWX-2,AGND_F_S1,PIN,K39_KLV1_P2P_S1.2,K39_KLV1_P2P_S1,YNEIZRWX,$$$\YNEIZRWX-2,,,1,2,NO,Passive,,,,,,,,,,2
C:\Users\nvt10241\Downloads\Sheet1.SchDoc,NET_MEMBER,NET_MEMBER@AGND_F_S1@PIN@PAQRILNI@$$$\PAQRILNI-2,AGND_F_S1,PIN,K40_KLV2_P2P_S1.2,K40_KLV2_P2P_S1,PAQRILNI,$$$\PAQRILNI-2,,,1,2,NO,Passive,,,,,,,,,,2
C:\Users\nvt10241\Downloads\Sheet1.SchDoc,NET_MEMBER,NET_MEMBER@AGND_F_S1@PIN@SBMVDCLM@$$$\SBMVDCLM-2,AGND_F_S1,PIN,K53_LG2_P2P_S1.2,K53_LG2_P2P_S1,SBMVDCLM,$$$\SBMVDCLM-2,,,1,2,NO,Passive,,,,,,,,,,2
C:\Users\nvt10241\Downloads\Sheet1.SchDoc,NET_MEMBER,NET_MEMBER@AGND_F_S1@PIN@STMAFQJM@$$$\STMAFQJM-2,AGND_F_S1,PIN,K54_LG1_P2P_S1.2,K54_LG1_P2P_S1,STMAFQJM,$$$\STMAFQJM-2,,,1,2,NO,Passive,,,,,,,,,,2
C:\Users\nvt10241\Downloads\Sheet1.SchDoc,NET_MEMBER,NET_MEMBER@AGND_F_S1@PIN@TGUKHBDS@$$$\TGUKHBDS-2,AGND_F_S1,PIN,K55_HG2_P2P_S1.2,K55_HG2_P2P_S1,TGUKHBDS,$$$\TGUKHBDS-2,,,1,2,NO,Passive,,,,,,,,,,2
C:\Users\nvt10241\Downloads\Sheet1.SchDoc,NET_MEMBER,NET_MEMBER@AGND_F_S1@PIN@VXZGOQLM@$$$\VXZGOQLM-2,AGND_F_S1,PIN,K56_HG1_P2P_S1.2,K56_HG1_P2P_S1,VXZGOQLM,$$$\VXZGOQLM-2,,,1,2,NO,Passive,,,,,,,,,,2
C:\Users\nvt10241\Downloads\Sheet1.SchDoc,NET_MEMBER,NET_MEMBER@AGND_F_S1@PIN@JRXRWEZE@$$$\JRXRWEZE-2,AGND_F_S1,PIN,K74_GAIN1_SEL_S1S2.2,K74_GAIN1_SEL_S1S2,JRXRWEZE,$$$\JRXRWEZE-2,,,1,2,2,Passive,,,,,,,,,,2
C:\Users\nvt10241\Downloads\Sheet1.SchDoc,NET_MEMBER,NET_MEMBER@AGND_F_S1@PIN@NFHUZEWI@$$$\NFHUZEWI-2,AGND_F_S1,PIN,K75_GAIN2_SEL_S1S2.2,K75_GAIN2_SEL_S1S2,NFHUZEWI,$$$\NFHUZEWI-2,,,1,2,2,Passive,,,,,,,,,,2
C:\Users\nvt10241\Downloads\Sheet1.SchDoc,NET_MEMBER,NET_MEMBER@AGND_F_S1@PIN@QNXHDRJJ@$$$\QNXHDRJJ-2,AGND_F_S1,PIN,K148_PC4_PD_S1.2,K148_PC4_PD_S1,QNXHDRJJ,$$$\QNXHDRJJ-2,,,1,2,NO,Passive,,,,,,,,,,2
C:\Users\nvt10241\Downloads\Sheet1.SchDoc,NET_MEMBER,NET_MEMBER@AGND_F_S1@PIN@MABIZNQR@$$$\MABIZNQR-2,AGND_F_S1,PIN,K149_PA1_PD_S1.2,K149_PA1_PD_S1,MABIZNQR,$$$\MABIZNQR-2,,,1,2,NO,Passive,,,,,,,,,,2
C:\Users\nvt10241\Downloads\Sheet1.SchDoc,NET_MEMBER,NET_MEMBER@AGND_F_S1@PIN@FZVQHHDF@$$$\FZVQHHDF-2,AGND_F_S1,PIN,K150_PA4_PD_S1.2,K150_PA4_PD_S1,FZVQHHDF,$$$\FZVQHHDF-2,,,1,2,NO,Passive,,,,,,,,,,2
C:\Users\nvt10241\Downloads\Sheet1.SchDoc,NET_MEMBER,NET_MEMBER@AGND_F_S1@PIN@YDNGICIP@$$$\YDNGICIP-2,AGND_F_S1,PIN,R_GND_S1.2,R_GND_S1,YDNGICIP,$$$\YDNGICIP-2,,,1,2,2,Passive,,,,,,,,,,2
C:\Users\nvt10241\Downloads\Sheet1.SchDoc,NET_MEMBER,NET_MEMBER@AGND_F_S1@PIN@MYCMGCJF@$$$\MYCMGCJF-2,AGND_F_S1,PIN,R_PMID_S1.2,R_PMID_S1,MYCMGCJF,$$$\MYCMGCJF-2,,,1,2,2,Passive,,,,,,,,,,2
C:\Users\nvt10241\Downloads\Sheet1.SchDoc,NET_MEMBER,NET_MEMBER@AGND_F_S1@PIN@NPBOBYQE@$$$\NPBOBYQE-2,AGND_F_S1,PIN,R_V1P5_S1.2,R_V1P5_S1,NPBOBYQE,$$$\NPBOBYQE-2,,,1,2,2,Passive,,,,,,,,,,2
C:\Users\nvt10241\Downloads\Sheet1.SchDoc,NET_MEMBER,NET_MEMBER@AGND_F_S1@PIN@VHTTJNZS@$$$\VHTTJNZS-2,AGND_F_S1,PIN,R_VAC_S1.2,R_VAC_S1,VHTTJNZS,$$$\VHTTJNZS-2,,,1,2,2,Passive,,,,,,,,,,2
C:\Users\nvt10241\Downloads\Sheet1.SchDoc,NET_MEMBER,NET_MEMBER@AGND_F_S1@PIN@VEKPMBWA@$$$\VEKPMBWA-2,AGND_F_S1,PIN,R_VBAT_S1.2,R_VBAT_S1,VEKPMBWA,$$$\VEKPMBWA-2,,,1,2,2,Passive,,,,,,,,,,2
C:\Users\nvt10241\Downloads\Sheet1.SchDoc,NET_MEMBER,NET_MEMBER@AGND_F_S1@PIN@FIMKPKWR@$$$\FIMKPKWR-2,AGND_F_S1,PIN,R_VBUS_S1.2,R_VBUS_S1,FIMKPKWR,$$$\FIMKPKWR-2,,,1,2,2,Passive,,,,,,,,,,2
C:\Users\nvt10241\Downloads\Sheet1.SchDoc,NET_MEMBER,NET_MEMBER@AGND_F_S1@PIN@UAEUOJEG@$$$\UAEUOJEG-2,AGND_F_S1,PIN,R_VCC_S1.2,R_VCC_S1,UAEUOJEG,$$$\UAEUOJEG-2,,,1,2,2,Passive,,,,,,,,,,2
C:\Users\nvt10241\Downloads\Sheet1.SchDoc,NET_MEMBER,NET_MEMBER@AGND_F_S1@PIN@XYXAFCIB@$$$\XYXAFCIB-GND,AGND_F_S1,PIN,U1_S1.GND,U1_S1,XYXAFCIB,$$$\XYXAFCIB-GND,,,1,GND,5,Passive,,,,,,,,,,GND
C:\Users\nvt10241\Downloads\Sheet1.SchDoc,NET_MEMBER,NET_MEMBER@AGND_F_S1@PIN@SGSMLWIQ@$$$\SGSMLWIQ-V-,AGND_F_S1,PIN,U2_S1.V-,U2_S1,SGSMLWIQ,$$$\SGSMLWIQ-V-,,,1,V-,2,Passive,,,,,,,,,,V-
C:\Users\nvt10241\Downloads\Sheet1.SchDoc,NET_MEMBER,NET_MEMBER@AGND_F_S1@PIN@DJUKEAEC@$$$\DJUKEAEC-V-,AGND_F_S1,PIN,U3_S1.V-,U3_S1,DJUKEAEC,$$$\DJUKEAEC-V-,,,1,V-,2,Passive,,,,,,,,,,V-
C:\Users\nvt10241\Downloads\Sheet1.SchDoc,NET_MEMBER,NET_MEMBER@AGND_F_S1@PIN@KUNTSGNL@$$$\KUNTSGNL-V-,AGND_F_S1,PIN,U4_S1.V-,U4_S1,KUNTSGNL,$$$\KUNTSGNL-V-,,,1,V-,2,Passive,,,,,,,,,,V-
C:\Users\nvt10241\Downloads\Sheet1.SchDoc,NET_MEMBER,NET_MEMBER@AGND_F_S1@PIN@IZWMAHRU@$$$\IZWMAHRU-2,AGND_F_S1,PIN,U6_S1.2,U6_S1,IZWMAHRU,$$$\IZWMAHRU-2,,,1,2,GND,Passive,,,,,,,,,,2
C:\Users\nvt10241\Downloads\Sheet1.SchDoc,NET_MEMBER,NET_MEMBER@AMPOUT_S1@NET_LABEL@AMPOUT_S1@AMPOUT_S1,AMPOUT_S1,NET_LABEL,AMPOUT_S1,,,,,,,,,Passive,,,,,,,,,,AMPOUT_S1
C:\Users\nvt10241\Downloads\Sheet1.SchDoc,NET_MEMBER,NET_MEMBER@AMPOUT_S1@PIN@MMBWQOZL@$$$\MMBWQOZL-1,AMPOUT_S1,PIN,K81_AMPOUT_QVM_S1.1,K81_AMPOUT_QVM_S1,MMBWQOZL,$$$\MMBWQOZL-1,,,1,1,COMMON,Passive,,,,,,,,,,1
C:\Users\nvt10241\Downloads\Sheet1.SchDoc,NET_MEMBER,NET_MEMBER@AMPOUT_S1@PIN@DMGUCUUG@$$$\DMGUCUUG-2,AMPOUT_S1,PIN,K158_AMPOUT_S1.2,K158_AMPOUT_S1,DMGUCUUG,$$$\DMGUCUUG-2,,,1,2,NO,Passive,,,,,,,,,,2
C:\Users\nvt10241\Downloads\Sheet1.SchDoc,NET_MEMBER,NET_MEMBER@AMPOUT_S1@PIN@FUNGAWQW@$$$\FUNGAWQW-1,AMPOUT_S1,PIN,TP_AMPOUT_S1.1,TP_AMPOUT_S1,FUNGAWQW,$$$\FUNGAWQW-1,,,1,1,1,Passive,,,,,,,,,,1
C:\Users\nvt10241\Downloads\Sheet1.SchDoc,NET_MEMBER,NET_MEMBER@AMPOUT_S1@PIN@XYXAFCIB@$$$\XYXAFCIB-VOUT,AMPOUT_S1,PIN,U1_S1.VOUT,U1_S1,XYXAFCIB,$$$\XYXAFCIB-VOUT,,,1,VOUT,4,Passive,,,,,,,,,,VOUT
C:\Users\nvt10241\Downloads\Sheet1.SchDoc,NET_MEMBER,NET_MEMBER@Backup_S1@NET_LABEL@Backup_S1@Backup_S1,Backup_S1,NET_LABEL,Backup_S1,,,,,,,,,Passive,,,,,,,,,,Backup_S1
C:\Users\nvt10241\Downloads\Sheet1.SchDoc,NET_MEMBER,NET_MEMBER@Backup_S1@PIN@JQLLDVCX@$$$\JQLLDVCX-2,Backup_S1,PIN,K129_Backup_S1.2,K129_Backup_S1,JQLLDVCX,$$$\JQLLDVCX-2,,,1,2,NO,Passive,,,,,,,,,,2
C:\Users\nvt10241\Downloads\Sheet1.SchDoc,NET_MEMBER,NET_MEMBER@Backup_S1@PIN@GRYJWLNY@$$$\GRYJWLNY-1,Backup_S1,PIN,TP_backup_S1.1,TP_backup_S1,GRYJWLNY,$$$\GRYJWLNY-1,,,1,1,1,Passive,,,,,,,,,,1
C:\Users\nvt10241\Downloads\Sheet1.SchDoc,NET_MEMBER,NET_MEMBER@DGND@POWER_PORT@DGND@DGND,DGND,POWER_PORT,DGND,,,,,,,,,Power,,,,,,,,,,DGND
C:\Users\nvt10241\Downloads\Sheet1.SchDoc,NET_MEMBER,NET_MEMBER@DGND@PIN@RDRDLWDY@$$$\RDRDLWDY-2,DGND,PIN,R_DGND_S1.2,R_DGND_S1,RDRDLWDY,$$$\RDRDLWDY-2,,,1,2,2,Passive,,,,,,,,,,2
C:\Users\nvt10241\Downloads\Sheet1.SchDoc,NET_MEMBER,NET_MEMBER@FPVIe0_FH_BUS_S1@NET_LABEL@FPVIe0_FH_BUS_S1@FPVIe0_FH_BUS_S1,FPVIe0_FH_BUS_S1,NET_LABEL,FPVIe0_FH_BUS_S1,,,,,,,,,Passive,,,,,,,,,,FPVIe0_FH_BUS_S1
C:\Users\nvt10241\Downloads\Sheet1.SchDoc,NET_MEMBER,NET_MEMBER@FPVIe0_FH_BUS_S1@PIN@WXKNUSNE@$$$\WXKNUSNE-3,FPVIe0_FH_BUS_S1,PIN,K30_BUSH_ACDRV_S1.3,K30_BUSH_ACDRV_S1,WXKNUSNE,$$$\WXKNUSNE-3,,,1,3,3,Passive,,,,,,,,,,3
C:\Users\nvt10241\Downloads\Sheet1.SchDoc,NET_MEMBER,NET_MEMBER@FPVIe0_FH_BUS_S1@PIN@UMJQCPES@$$$\UMJQCPES-3,FPVIe0_FH_BUS_S1,PIN,K35_BUSH_KLV_S1.3,K35_BUSH_KLV_S1,UMJQCPES,$$$\UMJQCPES-3,,,1,3,3,Passive,,,,,,,,,,3
C:\Users\nvt10241\Downloads\Sheet1.SchDoc,NET_MEMBER,NET_MEMBER@FPVIe0_FH_BUS_S1@PIN@MMORKWCI@$$$\MMORKWCI-3,FPVIe0_FH_BUS_S1,PIN,K83_BUSH_PMID_S1.3,K83_BUSH_PMID_S1,MMORKWCI,$$$\MMORKWCI-3,,,1,3,3,Passive,,,,,,,,,,3
C:\Users\nvt10241\Downloads\Sheet1.SchDoc,NET_MEMBER,NET_MEMBER@FPVIe0_FH_BUS_S1@PIN@ZQCQFRXS@$$$\ZQCQFRXS-2,FPVIe0_FH_BUS_S1,PIN,K87_KELVIN0_S1S2.2,K87_KELVIN0_S1S2,ZQCQFRXS,$$$\ZQCQFRXS-2,,,1,2,2,Passive,,,,,,,,,,2
C:\Users\nvt10241\Downloads\Sheet1.SchDoc,NET_MEMBER,NET_MEMBER@FPVIe0_FH_BUS_S1@PIN@WKWNTILQ@$$$\WKWNTILQ-4,FPVIe0_FH_BUS_S1,PIN,K141_QTMU_BUSA_S1S2.4,K141_QTMU_BUSA_S1S2,WKWNTILQ,$$$\WKWNTILQ-4,,,1,4,4,Passive,,,,,,,,,,4
C:\Users\nvt10241\Downloads\Sheet1.SchDoc,NET_MEMBER,NET_MEMBER@FPVIe0_FH_BUS_S1@PIN@UPGLQUWY@$$$\UPGLQUWY-2,FPVIe0_FH_BUS_S1,PIN,K143_DCM_BUS0_H_S1.2,K143_DCM_BUS0_H_S1,UPGLQUWY,$$$\UPGLQUWY-2,,,1,2,NO,Passive,,,,,,,,,,2
C:\Users\nvt10241\Downloads\Sheet1.SchDoc,NET_MEMBER,NET_MEMBER@FPVIe0_FH_PC_S1@NET_LABEL@FPVIe0_FH_PC_S1@FPVIe0_FH_PC_S1,FPVIe0_FH_PC_S1,NET_LABEL,FPVIe0_FH_PC_S1,,,,,,,,,Passive,,,,,,,,,,FPVIe0_FH_PC_S1
C:\Users\nvt10241\Downloads\Sheet1.SchDoc,NET_MEMBER,NET_MEMBER@FPVIe0_FH_PC_S1@PIN@PRTLZUQD@$$$\PRTLZUQD-4,FPVIe0_FH_PC_S1,PIN,K90_PC0_Force_S1.4,K90_PC0_Force_S1,PRTLZUQD,$$$\PRTLZUQD-4,,,1,4,4,Passive,,,,,,,,,,4
C:\Users\nvt10241\Downloads\Sheet1.SchDoc,NET_MEMBER,NET_MEMBER@FPVIe0_FH_PC_S1@PIN@HMMAZBNZ@$$$\HMMAZBNZ-1,FPVIe0_FH_PC_S1,PIN,R22_FH.1,R22_FH,HMMAZBNZ,$$$\HMMAZBNZ-1,,,1,1,1,Passive,,,,,,,,,,1
C:\Users\nvt10241\Downloads\Sheet1.SchDoc,NET_MEMBER,NET_MEMBER@FPVIe0_FL_BUS_S1@NET_LABEL@FPVIe0_FL_BUS_S1@FPVIe0_FL_BUS_S1,FPVIe0_FL_BUS_S1,NET_LABEL,FPVIe0_FL_BUS_S1,,,,,,,,,Passive,,,,,,,,,,FPVIe0_FL_BUS_S1
C:\Users\nvt10241\Downloads\Sheet1.SchDoc,NET_MEMBER,NET_MEMBER@FPVIe0_FL_BUS_S1@PIN@KNLEOGFJ@$$$\KNLEOGFJ-3,FPVIe0_FL_BUS_S1,PIN,K3_BUSL_VBUS_S1.3,K3_BUSL_VBUS_S1,KNLEOGFJ,$$$\KNLEOGFJ-3,,,1,3,3,Passive,,,,,,,,,,3
C:\Users\nvt10241\Downloads\Sheet1.SchDoc,NET_MEMBER,NET_MEMBER@FPVIe0_FL_BUS_S1@PIN@JOKIMDFU@$$$\JOKIMDFU-3,FPVIe0_FL_BUS_S1,PIN,K17_BUSL_VAC_S1.3,K17_BUSL_VAC_S1,JOKIMDFU,$$$\JOKIMDFU-3,,,1,3,3,Passive,,,,,,,,,,3
C:\Users\nvt10241\Downloads\Sheet1.SchDoc,NET_MEMBER,NET_MEMBER@FPVIe0_FL_BUS_S1@PIN@BMMBJMTR@$$$\BMMBJMTR-3,FPVIe0_FL_BUS_S1,PIN,K29_BUSL_VCC_S1.3,K29_BUSL_VCC_S1,BMMBJMTR,$$$\BMMBJMTR-3,,,1,3,3,Passive,,,,,,,,,,3
C:\Users\nvt10241\Downloads\Sheet1.SchDoc,NET_MEMBER,NET_MEMBER@FPVIe0_FL_BUS_S1@PIN@GQOSOKBN@$$$\GQOSOKBN-3,FPVIe0_FL_BUS_S1,PIN,K32_BUSL_SCL_S1.3,K32_BUSL_SCL_S1,GQOSOKBN,$$$\GQOSOKBN-3,,,1,3,3,Passive,,,,,,,,,,3
C:\Users\nvt10241\Downloads\Sheet1.SchDoc,NET_MEMBER,NET_MEMBER@FPVIe0_FL_BUS_S1@PIN@ZSQBWKJG@$$$\ZSQBWKJG-1,FPVIe0_FL_BUS_S1,PIN,K41_BUS_FL_BST_S1.1,K41_BUS_FL_BST_S1,ZSQBWKJG,$$$\ZSQBWKJG-1,,,1,1,COMMON,Passive,,,,,,,,,,1
C:\Users\nvt10241\Downloads\Sheet1.SchDoc,NET_MEMBER,NET_MEMBER@FPVIe0_FL_BUS_S1@PIN@UJPZLDGE@$$$\UJPZLDGE-1,FPVIe0_FL_BUS_S1,PIN,K47_BUS_FL_SW1_S1.1,K47_BUS_FL_SW1_S1,UJPZLDGE,$$$\UJPZLDGE-1,,,1,1,COMMON,Passive,,,,,,,,,,1
C:\Users\nvt10241\Downloads\Sheet1.SchDoc,NET_MEMBER,NET_MEMBER@FPVIe0_FL_BUS_S1@PIN@ONHMCZFR@$$$\ONHMCZFR-3,FPVIe0_FL_BUS_S1,PIN,K51_BUSL_LG_S1.3,K51_BUSL_LG_S1,ONHMCZFR,$$$\ONHMCZFR-3,,,1,3,3,Passive,,,,,,,,,,3
C:\Users\nvt10241\Downloads\Sheet1.SchDoc,NET_MEMBER,NET_MEMBER@FPVIe0_FL_BUS_S1@PIN@IIBKCTDR@$$$\IIBKCTDR-3,FPVIe0_FL_BUS_S1,PIN,K60_BUSL_VCP_S1.3,K60_BUSL_VCP_S1,IIBKCTDR,$$$\IIBKCTDR-3,,,1,3,3,Passive,,,,,,,,,,3
C:\Users\nvt10241\Downloads\Sheet1.SchDoc,NET_MEMBER,NET_MEMBER@FPVIe0_FL_BUS_S1@PIN@HJENZLHS@$$$\HJENZLHS-2,FPVIe0_FL_BUS_S1,PIN,K89_KELVIN0_S1S2.2,K89_KELVIN0_S1S2,HJENZLHS,$$$\HJENZLHS-2,,,1,2,2,Passive,,,,,,,,,,2
C:\Users\nvt10241\Downloads\Sheet1.SchDoc,NET_MEMBER,NET_MEMBER@FPVIe0_FL_BUS_S1@PIN@TBVQQLFF@$$$\TBVQQLFF-4,FPVIe0_FL_BUS_S1,PIN,K142_QTMU_BUSB_S1S2.4,K142_QTMU_BUSB_S1S2,TBVQQLFF,$$$\TBVQQLFF-4,,,1,4,4,Passive,,,,,,,,,,4
C:\Users\nvt10241\Downloads\Sheet1.SchDoc,NET_MEMBER,NET_MEMBER@FPVIe0_FL_BUS_S1@PIN@EWJLHETV@$$$\EWJLHETV-2,FPVIe0_FL_BUS_S1,PIN,K145_DCM_BUS0_L_S1.2,K145_DCM_BUS0_L_S1,EWJLHETV,$$$\EWJLHETV-2,,,1,2,NO,Passive,,,,,,,,,,2
C:\Users\nvt10241\Downloads\Sheet1.SchDoc,NET_MEMBER,NET_MEMBER@FPVIe0_FL_PC_S1@NET_LABEL@FPVIe0_FL_PC_S1@FPVIe0_FL_PC_S1,FPVIe0_FL_PC_S1,NET_LABEL,FPVIe0_FL_PC_S1,,,,,,,,,Passive,,,,,,,,,,FPVIe0_FL_PC_S1
C:\Users\nvt10241\Downloads\Sheet1.SchDoc,NET_MEMBER,NET_MEMBER@FPVIe0_FL_PC_S1@PIN@UMOFFXCY@$$$\UMOFFXCY-5,FPVIe0_FL_PC_S1,PIN,K90_PC0_Force_S1.5,K90_PC0_Force_S1,UMOFFXCY,$$$\UMOFFXCY-5,,,2,5,5,Passive,,,,,,,,,,5
C:\Users\nvt10241\Downloads\Sheet1.SchDoc,NET_MEMBER,NET_MEMBER@FPVIe0_FL_PC_S1@PIN@YPXUXAIS@$$$\YPXUXAIS-1,FPVIe0_FL_PC_S1,PIN,R22_FL.1,R22_FL,YPXUXAIS,$$$\YPXUXAIS-1,,,1,1,1,Passive,,,,,,,,,,1
C:\Users\nvt10241\Downloads\Sheet1.SchDoc,NET_MEMBER,NET_MEMBER@FPVIe0_SH_BUS_S1@NET_LABEL@FPVIe0_SH_BUS_S1@FPVIe0_SH_BUS_S1,FPVIe0_SH_BUS_S1,NET_LABEL,FPVIe0_SH_BUS_S1,,,,,,,,,Passive,,,,,,,,,,FPVIe0_SH_BUS_S1
C:\Users\nvt10241\Downloads\Sheet1.SchDoc,NET_MEMBER,NET_MEMBER@FPVIe0_SH_BUS_S1@PIN@NAXIFHPC@$$$\NAXIFHPC-6,FPVIe0_SH_BUS_S1,PIN,K30_BUSH_ACDRV_S1.6,K30_BUSH_ACDRV_S1,NAXIFHPC,$$$\NAXIFHPC-6,,,2,6,6,Passive,,,,,,,,,,6
C:\Users\nvt10241\Downloads\Sheet1.SchDoc,NET_MEMBER,NET_MEMBER@FPVIe0_SH_BUS_S1@PIN@MCFXBFMI@$$$\MCFXBFMI-6,FPVIe0_SH_BUS_S1,PIN,K35_BUSH_KLV_S1.6,K35_BUSH_KLV_S1,MCFXBFMI,$$$\MCFXBFMI-6,,,2,6,6,Passive,,,,,,,,,,6
C:\Users\nvt10241\Downloads\Sheet1.SchDoc,NET_MEMBER,NET_MEMBER@FPVIe0_SH_BUS_S1@PIN@KBBASBAS@$$$\KBBASBAS-6,FPVIe0_SH_BUS_S1,PIN,K83_BUSH_PMID_S1.6,K83_BUSH_PMID_S1,KBBASBAS,$$$\KBBASBAS-6,,,2,6,6,Passive,,,,,,,,,,6
C:\Users\nvt10241\Downloads\Sheet1.SchDoc,NET_MEMBER,NET_MEMBER@FPVIe0_SH_BUS_S1@PIN@DHCWPJDD@$$$\DHCWPJDD-2,FPVIe0_SH_BUS_S1,PIN,K88_KELVIN0_S1.2,K88_KELVIN0_S1,DHCWPJDD,$$$\DHCWPJDD-2,,,1,2,2,Passive,,,,,,,,,,2
C:\Users\nvt10241\Downloads\Sheet1.SchDoc,NET_MEMBER,NET_MEMBER@FPVIe0_SH_BUS_S1@PIN@UMOFFXCY@$$$\UMOFFXCY-7,FPVIe0_SH_BUS_S1,PIN,K90_PC0_Force_S1.7,K90_PC0_Force_S1,UMOFFXCY,$$$\UMOFFXCY-7,,,2,7,7,Passive,,,,,,,,,,7
C:\Users\nvt10241\Downloads\Sheet1.SchDoc,NET_MEMBER,NET_MEMBER@FPVIe0_SH_BUS_S1@PIN@XWYJDGSM@$$$\XWYJDGSM-2,FPVIe0_SH_BUS_S1,PIN,K137_QVMH_BUS1_S1.2,K137_QVMH_BUS1_S1,XWYJDGSM,$$$\XWYJDGSM-2,,,1,2,NO,Passive,,,,,,,,,,2
C:\Users\nvt10241\Downloads\Sheet1.SchDoc,NET_MEMBER,NET_MEMBER@FPVIe0_SH_PC_S1@NET_LABEL@FPVIe0_SH_PC_S1@FPVIe0_SH_PC_S1,FPVIe0_SH_PC_S1,NET_LABEL,FPVIe0_SH_PC_S1,,,,,,,,,Passive,,,,,,,,,,FPVIe0_SH_PC_S1
C:\Users\nvt10241\Downloads\Sheet1.SchDoc,NET_MEMBER,NET_MEMBER@FPVIe0_SH_PC_S1@PIN@VAATZKVY@$$$\VAATZKVY-4,FPVIe0_SH_PC_S1,PIN,K91_PC0_Sense_S1.4,K91_PC0_Sense_S1,VAATZKVY,$$$\VAATZKVY-4,,,1,4,4,Passive,,,,,,,,,,4
C:\Users\nvt10241\Downloads\Sheet1.SchDoc,NET_MEMBER,NET_MEMBER@FPVIe0_SH_PC_S1@PIN@SEEHDYPX@$$$\SEEHDYPX-1,FPVIe0_SH_PC_S1,PIN,R22_SH.1,R22_SH,SEEHDYPX,$$$\SEEHDYPX-1,,,1,1,1,Passive,,,,,,,,,,1
C:\Users\nvt10241\Downloads\Sheet1.SchDoc,NET_MEMBER,NET_MEMBER@FPVIe0_SL_BUS_S1@NET_LABEL@FPVIe0_SL_BUS_S1@FPVIe0_SL_BUS_S1,FPVIe0_SL_BUS_S1,NET_LABEL,FPVIe0_SL_BUS_S1,,,,,,,,,Passive,,,,,,,,,,FPVIe0_SL_BUS_S1
C:\Users\nvt10241\Downloads\Sheet1.SchDoc,NET_MEMBER,NET_MEMBER@FPVIe0_SL_BUS_S1@PIN@LTHQDGQH@$$$\LTHQDGQH-6,FPVIe0_SL_BUS_S1,PIN,K3_BUSL_VBUS_S1.6,K3_BUSL_VBUS_S1,LTHQDGQH,$$$\LTHQDGQH-6,,,2,6,6,Passive,,,,,,,,,,6
C:\Users\nvt10241\Downloads\Sheet1.SchDoc,NET_MEMBER,NET_MEMBER@FPVIe0_SL_BUS_S1@PIN@PFFATOCB@$$$\PFFATOCB-6,FPVIe0_SL_BUS_S1,PIN,K17_BUSL_VAC_S1.6,K17_BUSL_VAC_S1,PFFATOCB,$$$\PFFATOCB-6,,,2,6,6,Passive,,,,,,,,,,6
C:\Users\nvt10241\Downloads\Sheet1.SchDoc,NET_MEMBER,NET_MEMBER@FPVIe0_SL_BUS_S1@PIN@SOFXSKSI@$$$\SOFXSKSI-6,FPVIe0_SL_BUS_S1,PIN,K29_BUSL_VCC_S1.6,K29_BUSL_VCC_S1,SOFXSKSI,$$$\SOFXSKSI-6,,,2,6,6,Passive,,,,,,,,,,6
C:\Users\nvt10241\Downloads\Sheet1.SchDoc,NET_MEMBER,NET_MEMBER@FPVIe0_SL_BUS_S1@PIN@CCRTQUFT@$$$\CCRTQUFT-6,FPVIe0_SL_BUS_S1,PIN,K32_BUSL_SCL_S1.6,K32_BUSL_SCL_S1,CCRTQUFT,$$$\CCRTQUFT-6,,,2,6,6,Passive,,,,,,,,,,6
C:\Users\nvt10241\Downloads\Sheet1.SchDoc,NET_MEMBER,NET_MEMBER@FPVIe0_SL_BUS_S1@PIN@WUPNAPTG@$$$\WUPNAPTG-1,FPVIe0_SL_BUS_S1,PIN,K41_BUS_SL_BST_S1.1,K41_BUS_SL_BST_S1,WUPNAPTG,$$$\WUPNAPTG-1,,,1,1,COMMON,Passive,,,,,,,,,,1
C:\Users\nvt10241\Downloads\Sheet1.SchDoc,NET_MEMBER,NET_MEMBER@FPVIe0_SL_BUS_S1@PIN@FBWUGAYV@$$$\FBWUGAYV-1,FPVIe0_SL_BUS_S1,PIN,K47_BUS_SL_SW1_S1.1,K47_BUS_SL_SW1_S1,FBWUGAYV,$$$\FBWUGAYV-1,,,1,1,COMMON,Passive,,,,,,,,,,1
C:\Users\nvt10241\Downloads\Sheet1.SchDoc,NET_MEMBER,NET_MEMBER@FPVIe0_SL_BUS_S1@PIN@WBMEJFOW@$$$\WBMEJFOW-6,FPVIe0_SL_BUS_S1,PIN,K51_BUSL_LG_S1.6,K51_BUSL_LG_S1,WBMEJFOW,$$$\WBMEJFOW-6,,,2,6,6,Passive,,,,,,,,,,6
C:\Users\nvt10241\Downloads\Sheet1.SchDoc,NET_MEMBER,NET_MEMBER@FPVIe0_SL_BUS_S1@PIN@XYYTIZBI@$$$\XYYTIZBI-6,FPVIe0_SL_BUS_S1,PIN,K60_BUSL_VCP_S1.6,K60_BUSL_VCP_S1,XYYTIZBI,$$$\XYYTIZBI-6,,,2,6,6,Passive,,,,,,,,,,6
C:\Users\nvt10241\Downloads\Sheet1.SchDoc,NET_MEMBER,NET_MEMBER@FPVIe0_SL_BUS_S1@PIN@NEFHIEMJ@$$$\NEFHIEMJ-7,FPVIe0_SL_BUS_S1,PIN,K88_KELVIN0_S1.7,K88_KELVIN0_S1,NEFHIEMJ,$$$\NEFHIEMJ-7,,,2,7,7,Passive,,,,,,,,,,7
C:\Users\nvt10241\Downloads\Sheet1.SchDoc,NET_MEMBER,NET_MEMBER@FPVIe0_SL_BUS_S1@PIN@PRTLZUQD@$$$\PRTLZUQD-2,FPVIe0_SL_BUS_S1,PIN,K90_PC0_Force_S1.2,K90_PC0_Force_S1,PRTLZUQD,$$$\PRTLZUQD-2,,,1,2,2,Passive,,,,,,,,,,2
C:\Users\nvt10241\Downloads\Sheet1.SchDoc,NET_MEMBER,NET_MEMBER@FPVIe0_SL_BUS_S1@PIN@QTLGDKAF@$$$\QTLGDKAF-2,FPVIe0_SL_BUS_S1,PIN,K138_QVML_BUS0_S1.2,K138_QVML_BUS0_S1,QTLGDKAF,$$$\QTLGDKAF-2,,,1,2,NO,Passive,,,,,,,,,,2
C:\Users\nvt10241\Downloads\Sheet1.SchDoc,NET_MEMBER,NET_MEMBER@FPVIe0_SL_PC_S1@NET_LABEL@FPVIe0_SL_PC_S1@FPVIe0_SL_PC_S1,FPVIe0_SL_PC_S1,NET_LABEL,FPVIe0_SL_PC_S1,,,,,,,,,Passive,,,,,,,,,,FPVIe0_SL_PC_S1
C:\Users\nvt10241\Downloads\Sheet1.SchDoc,NET_MEMBER,NET_MEMBER@FPVIe0_SL_PC_S1@PIN@ECVFMUYU@$$$\ECVFMUYU-5,FPVIe0_SL_PC_S1,PIN,K91_PC0_Sense_S1.5,K91_PC0_Sense_S1,ECVFMUYU,$$$\ECVFMUYU-5,,,2,5,5,Passive,,,,,,,,,,5
C:\Users\nvt10241\Downloads\Sheet1.SchDoc,NET_MEMBER,NET_MEMBER@FPVIe0_SL_PC_S1@PIN@FXEXEHYY@$$$\FXEXEHYY-1,FPVIe0_SL_PC_S1,PIN,R22_SL.1,R22_SL,FXEXEHYY,$$$\FXEXEHYY-1,,,1,1,1,Passive,,,,,,,,,,1
C:\Users\nvt10241\Downloads\Sheet1.SchDoc,NET_MEMBER,NET_MEMBER@FPVIe1_FH_BUS_S1@NET_LABEL@FPVIe1_FH_BUS_S1@FPVIe1_FH_BUS_S1,FPVIe1_FH_BUS_S1,NET_LABEL,FPVIe1_FH_BUS_S1,,,,,,,,,Passive,,,,,,,,,,FPVIe1_FH_BUS_S1
C:\Users\nvt10241\Downloads\Sheet1.SchDoc,NET_MEMBER,NET_MEMBER@FPVIe1_FH_BUS_S1@PIN@INOQZELH@$$$\INOQZELH-3,FPVIe1_FH_BUS_S1,PIN,K7_BUSH_VBAT_S1.3,K7_BUSH_VBAT_S1,INOQZELH,$$$\INOQZELH-3,,,1,3,3,Passive,,,,,,,,,,3
C:\Users\nvt10241\Downloads\Sheet1.SchDoc,NET_MEMBER,NET_MEMBER@FPVIe1_FH_BUS_S1@PIN@GJDWTCIJ@$$$\GJDWTCIJ-1,FPVIe1_FH_BUS_S1,PIN,K46_BUS_FH_SW1_S1.1,K46_BUS_FH_SW1_S1,GJDWTCIJ,$$$\GJDWTCIJ-1,,,1,1,COMMON,Passive,,,,,,,,,,1
C:\Users\nvt10241\Downloads\Sheet1.SchDoc,NET_MEMBER,NET_MEMBER@FPVIe1_FH_BUS_S1@PIN@ITBBODHM@$$$\ITBBODHM-3,FPVIe1_FH_BUS_S1,PIN,K58_BUSH_VDM_S1.3,K58_BUSH_VDM_S1,ITBBODHM,$$$\ITBBODHM-3,,,1,3,3,Passive,,,,,,,,,,3
C:\Users\nvt10241\Downloads\Sheet1.SchDoc,NET_MEMBER,NET_MEMBER@FPVIe1_FH_BUS_S1@PIN@AYWLWMYL@$$$\AYWLWMYL-1,FPVIe1_FH_BUS_S1,PIN,K62_BUS_FH_QON_S1.1,K62_BUS_FH_QON_S1,AYWLWMYL,$$$\AYWLWMYL-1,,,1,1,COMMON,Passive,,,,,,,,,,1
C:\Users\nvt10241\Downloads\Sheet1.SchDoc,NET_MEMBER,NET_MEMBER@FPVIe1_FH_BUS_S1@PIN@XBHPLGLT@$$$\XBHPLGLT-1,FPVIe1_FH_BUS_S1,PIN,K96_BUS_FH_CC1_S1.1,K96_BUS_FH_CC1_S1,XBHPLGLT,$$$\XBHPLGLT-1,,,1,1,COMMON,Passive,,,,,,,,,,1
C:\Users\nvt10241\Downloads\Sheet1.SchDoc,NET_MEMBER,NET_MEMBER@FPVIe1_FH_BUS_S1@PIN@NEDSPORM@$$$\NEDSPORM-1,FPVIe1_FH_BUS_S1,PIN,K101_BUS_FH_PA0_S1.1,K101_BUS_FH_PA0_S1,NEDSPORM,$$$\NEDSPORM-1,,,1,1,COMMON,Passive,,,,,,,,,,1
C:\Users\nvt10241\Downloads\Sheet1.SchDoc,NET_MEMBER,NET_MEMBER@FPVIe1_FH_BUS_S1@PIN@WSTQVMSK@$$$\WSTQVMSK-1,FPVIe1_FH_BUS_S1,PIN,K106_BUS_FH_PA1_S1.1,K106_BUS_FH_PA1_S1,WSTQVMSK,$$$\WSTQVMSK-1,,,1,1,COMMON,Passive,,,,,,,,,,1
C:\Users\nvt10241\Downloads\Sheet1.SchDoc,NET_MEMBER,NET_MEMBER@FPVIe1_FH_BUS_S1@PIN@NETZPLFQ@$$$\NETZPLFQ-1,FPVIe1_FH_BUS_S1,PIN,K111_BUS_FH_PA6_S1.1,K111_BUS_FH_PA6_S1,NETZPLFQ,$$$\NETZPLFQ-1,,,1,1,COMMON,Passive,,,,,,,,,,1
C:\Users\nvt10241\Downloads\Sheet1.SchDoc,NET_MEMBER,NET_MEMBER@FPVIe1_FH_BUS_S1@PIN@DRGHHWXU@$$$\DRGHHWXU-1,FPVIe1_FH_BUS_S1,PIN,K116_BUS_FH_PB7_S1.1,K116_BUS_FH_PB7_S1,DRGHHWXU,$$$\DRGHHWXU-1,,,1,1,COMMON,Passive,,,,,,,,,,1
C:\Users\nvt10241\Downloads\Sheet1.SchDoc,NET_MEMBER,NET_MEMBER@FPVIe1_FH_BUS_S1@PIN@EWYCENUV@$$$\EWYCENUV-1,FPVIe1_FH_BUS_S1,PIN,K120_BUS_FH_PA7_S1.1,K120_BUS_FH_PA7_S1,EWYCENUV,$$$\EWYCENUV-1,,,1,1,COMMON,Passive,,,,,,,,,,1
C:\Users\nvt10241\Downloads\Sheet1.SchDoc,NET_MEMBER,NET_MEMBER@FPVIe1_FH_BUS_S1@PIN@ILVMJMJK@$$$\ILVMJMJK-3,FPVIe1_FH_BUS_S1,PIN,K123_BUSL_PB5_S1.3,K123_BUSL_PB5_S1,ILVMJMJK,$$$\ILVMJMJK-3,,,1,3,3,Passive,,,,,,,,,,3
C:\Users\nvt10241\Downloads\Sheet1.SchDoc,NET_MEMBER,NET_MEMBER@FPVIe1_FH_BUS_S1@PIN@UGBXFLJA@$$$\UGBXFLJA-2,FPVIe1_FH_BUS_S1,PIN,K131_KELVIN1_S1S2.2,K131_KELVIN1_S1S2,UGBXFLJA,$$$\UGBXFLJA-2,,,1,2,2,Passive,,,,,,,,,,2
C:\Users\nvt10241\Downloads\Sheet1.SchDoc,NET_MEMBER,NET_MEMBER@FPVIe1_FH_BUS_S1@PIN@WKWNTILQ@$$$\WKWNTILQ-2,FPVIe1_FH_BUS_S1,PIN,K141_QTMU_BUSA_S1S2.2,K141_QTMU_BUSA_S1S2,WKWNTILQ,$$$\WKWNTILQ-2,,,1,2,2,Passive,,,,,,,,,,2
C:\Users\nvt10241\Downloads\Sheet1.SchDoc,NET_MEMBER,NET_MEMBER@FPVIe1_FH_BUS_S1@PIN@GGHANVNH@$$$\GGHANVNH-2,FPVIe1_FH_BUS_S1,PIN,K144_DCM_BUS1_H_S1.2,K144_DCM_BUS1_H_S1,GGHANVNH,$$$\GGHANVNH-2,,,1,2,NO,Passive,,,,,,,,,,2
C:\Users\nvt10241\Downloads\Sheet1.SchDoc,NET_MEMBER,NET_MEMBER@FPVIe1_FH_BUS_S1@PIN@CYLEOHNE@$$$\CYLEOHNE-3,FPVIe1_FH_BUS_S1,PIN,K154_BUSH_AMUX_S1.3,K154_BUSH_AMUX_S1,CYLEOHNE,$$$\CYLEOHNE-3,,,1,3,3,Passive,,,,,,,,,,3
C:\Users\nvt10241\Downloads\Sheet1.SchDoc,NET_MEMBER,NET_MEMBER@FPVIe1_FH_BUS_S1@PIN@PSHGFUYS@$$$\PSHGFUYS-1,FPVIe1_FH_BUS_S1,PIN,K156_BUS_FH_VCN_S1.1,K156_BUS_FH_VCN_S1,PSHGFUYS,$$$\PSHGFUYS-1,,,1,1,COMMON,Passive,,,,,,,,,,1
C:\Users\nvt10241\Downloads\Sheet1.SchDoc,NET_MEMBER,NET_MEMBER@FPVIe1_FH_PC_S1@PORT@BST_F_S1@Output,FPVIe1_FH_PC_S1,PORT,BST_F_S1,,,,,,,,,Output,,,,,,,,,CONNECTED,BST_F_S1
C:\Users\nvt10241\Downloads\Sheet1.SchDoc,NET_MEMBER,NET_MEMBER@FPVIe1_FH_PC_S1@NET_LABEL@FPVIe1_FH_PC_S1@FPVIe1_FH_PC_S1,FPVIe1_FH_PC_S1,NET_LABEL,FPVIe1_FH_PC_S1,,,,,,,,,Passive,,,,,,,,,,FPVIe1_FH_PC_S1
C:\Users\nvt10241\Downloads\Sheet1.SchDoc,NET_MEMBER,NET_MEMBER@FPVIe1_FH_PC_S1@PIN@HBADQXHD@$$$\HBADQXHD-3,FPVIe1_FH_PC_S1,PIN,K57_CAP_BST_SW_S1S2.3,K57_CAP_BST_SW_S1S2,HBADQXHD,$$$\HBADQXHD-3,,,1,3,3,Passive,,,,,,,,,,3
C:\Users\nvt10241\Downloads\Sheet1.SchDoc,NET_MEMBER,NET_MEMBER@FPVIe1_FH_PC_S1@PIN@CNKFWDEK@$$$\CNKFWDEK-5,FPVIe1_FH_PC_S1,PIN,K76_ACM_BST_S1.5,K76_ACM_BST_S1,CNKFWDEK,$$$\CNKFWDEK-5,,,2,5,5,Passive,,,,,,,,,,5
C:\Users\nvt10241\Downloads\Sheet1.SchDoc,NET_MEMBER,NET_MEMBER@FPVIe1_FH_PC_S1@PIN@IGBMWBEB@$$$\IGBMWBEB-5,FPVIe1_FH_PC_S1,PIN,K110_BST_S1.5,K110_BST_S1,IGBMWBEB,$$$\IGBMWBEB-5,,,2,5,5,Passive,,,,,,,,,,5
C:\Users\nvt10241\Downloads\Sheet1.SchDoc,NET_MEMBER,NET_MEMBER@FPVIe1_FH_PC_S1@PIN@LZZGXUNO@$$$\LZZGXUNO-4,FPVIe1_FH_PC_S1,PIN,K134_PC1_Force_S1.4,K134_PC1_Force_S1,LZZGXUNO,$$$\LZZGXUNO-4,,,1,4,4,Passive,,,,,,,,,,4
C:\Users\nvt10241\Downloads\Sheet1.SchDoc,NET_MEMBER,NET_MEMBER@FPVIe1_FH_PC_S1@PIN@IZBOMTLF@$$$\IZBOMTLF-1,FPVIe1_FH_PC_S1,PIN,R_BST_S1.1,R_BST_S1,IZBOMTLF,$$$\IZBOMTLF-1,,,1,1,1,Passive,,,,,,,,,,1
C:\Users\nvt10241\Downloads\Sheet1.SchDoc,NET_MEMBER,NET_MEMBER@FPVIe1_FH_PC_S1@PIN@XSCPIANZ@$$$\XSCPIANZ-1,FPVIe1_FH_PC_S1,PIN,TP_BST_F_S1.1,TP_BST_F_S1,XSCPIANZ,$$$\XSCPIANZ-1,,,1,1,1,Passive,,,,,,,,,,1
C:\Users\nvt10241\Downloads\Sheet1.SchDoc,NET_MEMBER,NET_MEMBER@FPVIe1_FL_BUS_S1@NET_LABEL@FPVIe1_FL_BUS_S1@FPVIe1_FL_BUS_S1,FPVIe1_FL_BUS_S1,NET_LABEL,FPVIe1_FL_BUS_S1,,,,,,,,,Passive,,,,,,,,,,FPVIe1_FL_BUS_S1
C:\Users\nvt10241\Downloads\Sheet1.SchDoc,NET_MEMBER,NET_MEMBER@FPVIe1_FL_BUS_S1@PIN@GTUFNGKO@$$$\GTUFNGKO-1,FPVIe1_FL_BUS_S1,PIN,K94_BUS_FL_PC8_S1.1,K94_BUS_FL_PC8_S1,GTUFNGKO,$$$\GTUFNGKO-1,,,1,1,COMMON,Passive,,,,,,,,,,1
C:\Users\nvt10241\Downloads\Sheet1.SchDoc,NET_MEMBER,NET_MEMBER@FPVIe1_FL_BUS_S1@PIN@UCWQGGSX@$$$\UCWQGGSX-3,FPVIe1_FL_BUS_S1,PIN,K99_BUSL_PB5_S1.3,K99_BUSL_PB5_S1,UCWQGGSX,$$$\UCWQGGSX-3,,,1,3,3,Passive,,,,,,,,,,3
C:\Users\nvt10241\Downloads\Sheet1.SchDoc,NET_MEMBER,NET_MEMBER@FPVIe1_FL_BUS_S1@PIN@ZOBDTNXQ@$$$\ZOBDTNXQ-1,FPVIe1_FL_BUS_S1,PIN,K104_BUS_FL_PD5_S1.1,K104_BUS_FL_PD5_S1,ZOBDTNXQ,$$$\ZOBDTNXQ-1,,,1,1,COMMON,Passive,,,,,,,,,,1
C:\Users\nvt10241\Downloads\Sheet1.SchDoc,NET_MEMBER,NET_MEMBER@FPVIe1_FL_BUS_S1@PIN@QREOTNKL@$$$\QREOTNKL-3,FPVIe1_FL_BUS_S1,PIN,K109_BUSL_PB0_S1.3,K109_BUSL_PB0_S1,QREOTNKL,$$$\QREOTNKL-3,,,1,3,3,Passive,,,,,,,,,,3
C:\Users\nvt10241\Downloads\Sheet1.SchDoc,NET_MEMBER,NET_MEMBER@FPVIe1_FL_BUS_S1@PIN@CAGDKLTD@$$$\CAGDKLTD-3,FPVIe1_FL_BUS_S1,PIN,K114_BUSL_PA5_S1.3,K114_BUSL_PA5_S1,CAGDKLTD,$$$\CAGDKLTD-3,,,1,3,3,Passive,,,,,,,,,,3
C:\Users\nvt10241\Downloads\Sheet1.SchDoc,NET_MEMBER,NET_MEMBER@FPVIe1_FL_BUS_S1@PIN@IOUZAOFP@$$$\IOUZAOFP-1,FPVIe1_FL_BUS_S1,PIN,K118_BUS_FL_PA4_S1.1,K118_BUS_FL_PA4_S1,IOUZAOFP,$$$\IOUZAOFP-1,,,1,1,COMMON,Passive,,,,,,,,,,1
C:\Users\nvt10241\Downloads\Sheet1.SchDoc,NET_MEMBER,NET_MEMBER@FPVIe1_FL_BUS_S1@PIN@NGQVBBQY@$$$\NGQVBBQY-2,FPVIe1_FL_BUS_S1,PIN,K133_KELVIN1_S1S2.2,K133_KELVIN1_S1S2,NGQVBBQY,$$$\NGQVBBQY-2,,,1,2,2,Passive,,,,,,,,,,2
C:\Users\nvt10241\Downloads\Sheet1.SchDoc,NET_MEMBER,NET_MEMBER@FPVIe1_FL_BUS_S1@PIN@TBVQQLFF@$$$\TBVQQLFF-2,FPVIe1_FL_BUS_S1,PIN,K142_QTMU_BUSB_S1S2.2,K142_QTMU_BUSB_S1S2,TBVQQLFF,$$$\TBVQQLFF-2,,,1,2,2,Passive,,,,,,,,,,2
C:\Users\nvt10241\Downloads\Sheet1.SchDoc,NET_MEMBER,NET_MEMBER@FPVIe1_FL_BUS_S1@PIN@XACZUBPF@$$$\XACZUBPF-2,FPVIe1_FL_BUS_S1,PIN,K146_DCM_BUS1_L_S1.2,K146_DCM_BUS1_L_S1,XACZUBPF,$$$\XACZUBPF-2,,,1,2,NO,Passive,,,,,,,,,,2
C:\Users\nvt10241\Downloads\Sheet1.SchDoc,NET_MEMBER,NET_MEMBER@FPVIe1_FL_PC_S1@PORT@BST_S_S1@Output,FPVIe1_FL_PC_S1,PORT,BST_S_S1,,,,,,,,,Output,,,,,,,,,CONNECTED,BST_S_S1
C:\Users\nvt10241\Downloads\Sheet1.SchDoc,NET_MEMBER,NET_MEMBER@FPVIe1_FL_PC_S1@PORT@SW_F_S1@Output,FPVIe1_FL_PC_S1,PORT,SW_F_S1,,,,,,,,,Output,,,,,,,,,CONNECTED,SW_F_S1
C:\Users\nvt10241\Downloads\Sheet1.SchDoc,NET_MEMBER,NET_MEMBER@FPVIe1_FL_PC_S1@NET_LABEL@FPVIe1_FL_PC_S1@FPVIe1_FL_PC_S1,FPVIe1_FL_PC_S1,NET_LABEL,FPVIe1_FL_PC_S1,,,,,,,,,Passive,,,,,,,,,,FPVIe1_FL_PC_S1
C:\Users\nvt10241\Downloads\Sheet1.SchDoc,NET_MEMBER,NET_MEMBER@FPVIe1_FL_PC_S1@PIN@VAPFCVCU@$$$\VAPFCVCU-2,FPVIe1_FL_PC_S1,PIN,Cap_SW_BST_S1.2,Cap_SW_BST_S1,VAPFCVCU,$$$\VAPFCVCU-2,,,1,2,2,Passive,,,,,,,,,,2
C:\Users\nvt10241\Downloads\Sheet1.SchDoc,NET_MEMBER,NET_MEMBER@FPVIe1_FL_PC_S1@PIN@BATIAZLR@$$$\BATIAZLR-1,FPVIe1_FL_PC_S1,PIN,D_BST_SW_S1.1,D_BST_SW_S1,BATIAZLR,$$$\BATIAZLR-1,,,1,1,A,Passive,,,,,,,,,,1
C:\Users\nvt10241\Downloads\Sheet1.SchDoc,NET_MEMBER,NET_MEMBER@FPVIe1_FL_PC_S1@PIN@OEZHRDBE@$$$\OEZHRDBE-5,FPVIe1_FL_PC_S1,PIN,K61_SW_S1.5,K61_SW_S1,OEZHRDBE,$$$\OEZHRDBE-5,,,2,5,5,Passive,,,,,,,,,,5
C:\Users\nvt10241\Downloads\Sheet1.SchDoc,NET_MEMBER,NET_MEMBER@FPVIe1_FL_PC_S1@PIN@SAUABOUZ@$$$\SAUABOUZ-4,FPVIe1_FL_PC_S1,PIN,K76_ACM_BST_S1.4,K76_ACM_BST_S1,SAUABOUZ,$$$\SAUABOUZ-4,,,1,4,4,Passive,,,,,,,,,,4
C:\Users\nvt10241\Downloads\Sheet1.SchDoc,NET_MEMBER,NET_MEMBER@FPVIe1_FL_PC_S1@PIN@CFKRIGTH@$$$\CFKRIGTH-4,FPVIe1_FL_PC_S1,PIN,K110_BST_S1.4,K110_BST_S1,CFKRIGTH,$$$\CFKRIGTH-4,,,1,4,4,Passive,,,,,,,,,,4
C:\Users\nvt10241\Downloads\Sheet1.SchDoc,NET_MEMBER,NET_MEMBER@FPVIe1_FL_PC_S1@PIN@MSUZUKYI@$$$\MSUZUKYI-5,FPVIe1_FL_PC_S1,PIN,K134_PC1_Force_S1.5,K134_PC1_Force_S1,MSUZUKYI,$$$\MSUZUKYI-5,,,2,5,5,Passive,,,,,,,,,,5
C:\Users\nvt10241\Downloads\Sheet1.SchDoc,NET_MEMBER,NET_MEMBER@FPVIe1_FL_PC_S1@PIN@LQYWEXLE@$$$\LQYWEXLE-4,FPVIe1_FL_PC_S1,PIN,K135_PC1_Sense_S1.4,K135_PC1_Sense_S1,LQYWEXLE,$$$\LQYWEXLE-4,,,1,4,4,Passive,,,,,,,,,,4
C:\Users\nvt10241\Downloads\Sheet1.SchDoc,NET_MEMBER,NET_MEMBER@FPVIe1_FL_PC_S1@PIN@IZBOMTLF@$$$\IZBOMTLF-2,FPVIe1_FL_PC_S1,PIN,R_BST_S1.2,R_BST_S1,IZBOMTLF,$$$\IZBOMTLF-2,,,1,2,2,Passive,,,,,,,,,,2
C:\Users\nvt10241\Downloads\Sheet1.SchDoc,NET_MEMBER,NET_MEMBER@FPVIe1_FL_PC_S1@PIN@FDFEAQZO@$$$\FDFEAQZO-1,FPVIe1_FL_PC_S1,PIN,R_SW_S1.1,R_SW_S1,FDFEAQZO,$$$\FDFEAQZO-1,,,1,1,1,Passive,,,,,,,,,,1
C:\Users\nvt10241\Downloads\Sheet1.SchDoc,NET_MEMBER,NET_MEMBER@FPVIe1_FL_PC_S1@PIN@VIHIQJUV@$$$\VIHIQJUV-1,FPVIe1_FL_PC_S1,PIN,TP_BST_S_S1.1,TP_BST_S_S1,VIHIQJUV,$$$\VIHIQJUV-1,,,1,1,1,Passive,,,,,,,,,,1
C:\Users\nvt10241\Downloads\Sheet1.SchDoc,NET_MEMBER,NET_MEMBER@FPVIe1_FL_PC_S1@PIN@EEJIPQBL@$$$\EEJIPQBL-1,FPVIe1_FL_PC_S1,PIN,TP_SW_F_S1.1,TP_SW_F_S1,EEJIPQBL,$$$\EEJIPQBL-1,,,1,1,1,Passive,,,,,,,,,,1
C:\Users\nvt10241\Downloads\Sheet1.SchDoc,NET_MEMBER,NET_MEMBER@FPVIe1_SH_BUS_S1@NET_LABEL@FPVIe1_SH_BUS_S1@FPVIe1_SH_BUS_S1,FPVIe1_SH_BUS_S1,NET_LABEL,FPVIe1_SH_BUS_S1,,,,,,,,,Passive,,,,,,,,,,FPVIe1_SH_BUS_S1
C:\Users\nvt10241\Downloads\Sheet1.SchDoc,NET_MEMBER,NET_MEMBER@FPVIe1_SH_BUS_S1@PIN@CRCZIBLJ@$$$\CRCZIBLJ-6,FPVIe1_SH_BUS_S1,PIN,K7_BUSH_VBAT_S1.6,K7_BUSH_VBAT_S1,CRCZIBLJ,$$$\CRCZIBLJ-6,,,2,6,6,Passive,,,,,,,,,,6
C:\Users\nvt10241\Downloads\Sheet1.SchDoc,NET_MEMBER,NET_MEMBER@FPVIe1_SH_BUS_S1@PIN@SEYZCEOH@$$$\SEYZCEOH-1,FPVIe1_SH_BUS_S1,PIN,K46_BUS_SH_SW1_S1.1,K46_BUS_SH_SW1_S1,SEYZCEOH,$$$\SEYZCEOH-1,,,1,1,COMMON,Passive,,,,,,,,,,1
C:\Users\nvt10241\Downloads\Sheet1.SchDoc,NET_MEMBER,NET_MEMBER@FPVIe1_SH_BUS_S1@PIN@QUWNZMAN@$$$\QUWNZMAN-6,FPVIe1_SH_BUS_S1,PIN,K58_BUSH_VDM_S1.6,K58_BUSH_VDM_S1,QUWNZMAN,$$$\QUWNZMAN-6,,,2,6,6,Passive,,,,,,,,,,6
C:\Users\nvt10241\Downloads\Sheet1.SchDoc,NET_MEMBER,NET_MEMBER@FPVIe1_SH_BUS_S1@PIN@RRCBTGAW@$$$\RRCBTGAW-1,FPVIe1_SH_BUS_S1,PIN,K62_BUS_SH_QON_S1.1,K62_BUS_SH_QON_S1,RRCBTGAW,$$$\RRCBTGAW-1,,,1,1,COMMON,Passive,,,,,,,,,,1
C:\Users\nvt10241\Downloads\Sheet1.SchDoc,NET_MEMBER,NET_MEMBER@FPVIe1_SH_BUS_S1@PIN@SWYITEAZ@$$$\SWYITEAZ-1,FPVIe1_SH_BUS_S1,PIN,K96_BUS_SH_CC1_S1.1,K96_BUS_SH_CC1_S1,SWYITEAZ,$$$\SWYITEAZ-1,,,1,1,COMMON,Passive,,,,,,,,,,1
C:\Users\nvt10241\Downloads\Sheet1.SchDoc,NET_MEMBER,NET_MEMBER@FPVIe1_SH_BUS_S1@PIN@UACWVRTA@$$$\UACWVRTA-1,FPVIe1_SH_BUS_S1,PIN,K101_BUS_SH_PA0_S1.1,K101_BUS_SH_PA0_S1,UACWVRTA,$$$\UACWVRTA-1,,,1,1,COMMON,Passive,,,,,,,,,,1
C:\Users\nvt10241\Downloads\Sheet1.SchDoc,NET_MEMBER,NET_MEMBER@FPVIe1_SH_BUS_S1@PIN@OYFCGIEO@$$$\OYFCGIEO-1,FPVIe1_SH_BUS_S1,PIN,K106_BUS_SH_PA1_S1.1,K106_BUS_SH_PA1_S1,OYFCGIEO,$$$\OYFCGIEO-1,,,1,1,COMMON,Passive,,,,,,,,,,1
C:\Users\nvt10241\Downloads\Sheet1.SchDoc,NET_MEMBER,NET_MEMBER@FPVIe1_SH_BUS_S1@PIN@BCEISMDK@$$$\BCEISMDK-1,FPVIe1_SH_BUS_S1,PIN,K111_BUS_SH_PA6_S1.1,K111_BUS_SH_PA6_S1,BCEISMDK,$$$\BCEISMDK-1,,,1,1,COMMON,Passive,,,,,,,,,,1
C:\Users\nvt10241\Downloads\Sheet1.SchDoc,NET_MEMBER,NET_MEMBER@FPVIe1_SH_BUS_S1@PIN@QCYYANCI@$$$\QCYYANCI-1,FPVIe1_SH_BUS_S1,PIN,K116_BUS_SH_PB7_S1.1,K116_BUS_SH_PB7_S1,QCYYANCI,$$$\QCYYANCI-1,,,1,1,COMMON,Passive,,,,,,,,,,1
C:\Users\nvt10241\Downloads\Sheet1.SchDoc,NET_MEMBER,NET_MEMBER@FPVIe1_SH_BUS_S1@PIN@FLZICQHC@$$$\FLZICQHC-1,FPVIe1_SH_BUS_S1,PIN,K120_BUS_SH_PA7_S1.1,K120_BUS_SH_PA7_S1,FLZICQHC,$$$\FLZICQHC-1,,,1,1,COMMON,Passive,,,,,,,,,,1
C:\Users\nvt10241\Downloads\Sheet1.SchDoc,NET_MEMBER,NET_MEMBER@FPVIe1_SH_BUS_S1@PIN@LQDJDIAE@$$$\LQDJDIAE-6,FPVIe1_SH_BUS_S1,PIN,K123_BUSL_PB5_S1.6,K123_BUSL_PB5_S1,LQDJDIAE,$$$\LQDJDIAE-6,,,2,6,6,Passive,,,,,,,,,,6
C:\Users\nvt10241\Downloads\Sheet1.SchDoc,NET_MEMBER,NET_MEMBER@FPVIe1_SH_BUS_S1@PIN@QKZQWXLD@$$$\QKZQWXLD-2,FPVIe1_SH_BUS_S1,PIN,K132_KELVIN1_S1.2,K132_KELVIN1_S1,QKZQWXLD,$$$\QKZQWXLD-2,,,1,2,2,Passive,,,,,,,,,,2
C:\Users\nvt10241\Downloads\Sheet1.SchDoc,NET_MEMBER,NET_MEMBER@FPVIe1_SH_BUS_S1@PIN@MSUZUKYI@$$$\MSUZUKYI-7,FPVIe1_SH_BUS_S1,PIN,K134_PC1_Force_S1.7,K134_PC1_Force_S1,MSUZUKYI,$$$\MSUZUKYI-7,,,2,7,7,Passive,,,,,,,,,,7
C:\Users\nvt10241\Downloads\Sheet1.SchDoc,NET_MEMBER,NET_MEMBER@FPVIe1_SH_BUS_S1@PIN@XASWBTQQ@$$$\XASWBTQQ-2,FPVIe1_SH_BUS_S1,PIN,K136_QVMH_BUS0_S1.2,K136_QVMH_BUS0_S1,XASWBTQQ,$$$\XASWBTQQ-2,,,1,2,NO,Passive,,,,,,,,,,2
C:\Users\nvt10241\Downloads\Sheet1.SchDoc,NET_MEMBER,NET_MEMBER@FPVIe1_SH_BUS_S1@PIN@VGERNSZE@$$$\VGERNSZE-6,FPVIe1_SH_BUS_S1,PIN,K154_BUSH_AMUX_S1.6,K154_BUSH_AMUX_S1,VGERNSZE,$$$\VGERNSZE-6,,,2,6,6,Passive,,,,,,,,,,6
C:\Users\nvt10241\Downloads\Sheet1.SchDoc,NET_MEMBER,NET_MEMBER@FPVIe1_SH_BUS_S1@PIN@FHFHTHZG@$$$\FHFHTHZG-1,FPVIe1_SH_BUS_S1,PIN,K156_BUS_SH_VCN_S1.1,K156_BUS_SH_VCN_S1,FHFHTHZG,$$$\FHFHTHZG-1,,,1,1,COMMON,Passive,,,,,,,,,,1
C:\Users\nvt10241\Downloads\Sheet1.SchDoc,NET_MEMBER,NET_MEMBER@FPVIe1_SL_BUS_S1@NET_LABEL@FPVIe1_SL_BUS_S1@FPVIe1_SL_BUS_S1,FPVIe1_SL_BUS_S1,NET_LABEL,FPVIe1_SL_BUS_S1,,,,,,,,,Passive,,,,,,,,,,FPVIe1_SL_BUS_S1
C:\Users\nvt10241\Downloads\Sheet1.SchDoc,NET_MEMBER,NET_MEMBER@FPVIe1_SL_BUS_S1@PIN@EKIPWBCX@$$$\EKIPWBCX-1,FPVIe1_SL_BUS_S1,PIN,K94_BUS_SL_PC8_S1.1,K94_BUS_SL_PC8_S1,EKIPWBCX,$$$\EKIPWBCX-1,,,1,1,COMMON,Passive,,,,,,,,,,1
C:\Users\nvt10241\Downloads\Sheet1.SchDoc,NET_MEMBER,NET_MEMBER@FPVIe1_SL_BUS_S1@PIN@OOUTYHST@$$$\OOUTYHST-6,FPVIe1_SL_BUS_S1,PIN,K99_BUSL_PB5_S1.6,K99_BUSL_PB5_S1,OOUTYHST,$$$\OOUTYHST-6,,,2,6,6,Passive,,,,,,,,,,6
C:\Users\nvt10241\Downloads\Sheet1.SchDoc,NET_MEMBER,NET_MEMBER@FPVIe1_SL_BUS_S1@PIN@YQSZWFST@$$$\YQSZWFST-1,FPVIe1_SL_BUS_S1,PIN,K104_BUS_SL_PD5_S1.1,K104_BUS_SL_PD5_S1,YQSZWFST,$$$\YQSZWFST-1,,,1,1,COMMON,Passive,,,,,,,,,,1
C:\Users\nvt10241\Downloads\Sheet1.SchDoc,NET_MEMBER,NET_MEMBER@FPVIe1_SL_BUS_S1@PIN@SXLDTBPL@$$$\SXLDTBPL-6,FPVIe1_SL_BUS_S1,PIN,K109_BUSL_PB0_S1.6,K109_BUSL_PB0_S1,SXLDTBPL,$$$\SXLDTBPL-6,,,2,6,6,Passive,,,,,,,,,,6
C:\Users\nvt10241\Downloads\Sheet1.SchDoc,NET_MEMBER,NET_MEMBER@FPVIe1_SL_BUS_S1@PIN@SJWNLNYU@$$$\SJWNLNYU-6,FPVIe1_SL_BUS_S1,PIN,K114_BUSL_PA5_S1.6,K114_BUSL_PA5_S1,SJWNLNYU,$$$\SJWNLNYU-6,,,2,6,6,Passive,,,,,,,,,,6
C:\Users\nvt10241\Downloads\Sheet1.SchDoc,NET_MEMBER,NET_MEMBER@FPVIe1_SL_BUS_S1@PIN@BTOWOSJD@$$$\BTOWOSJD-1,FPVIe1_SL_BUS_S1,PIN,K118_BUS_SL_PA4_S1.1,K118_BUS_SL_PA4_S1,BTOWOSJD,$$$\BTOWOSJD-1,,,1,1,COMMON,Passive,,,,,,,,,,1
C:\Users\nvt10241\Downloads\Sheet1.SchDoc,NET_MEMBER,NET_MEMBER@FPVIe1_SL_BUS_S1@PIN@TVDOQDPH@$$$\TVDOQDPH-7,FPVIe1_SL_BUS_S1,PIN,K132_KELVIN1_S1.7,K132_KELVIN1_S1,TVDOQDPH,$$$\TVDOQDPH-7,,,2,7,7,Passive,,,,,,,,,,7
C:\Users\nvt10241\Downloads\Sheet1.SchDoc,NET_MEMBER,NET_MEMBER@FPVIe1_SL_BUS_S1@PIN@WSCWIZEY@$$$\WSCWIZEY-2,FPVIe1_SL_BUS_S1,PIN,K139_QVML_BUS1_S1.2,K139_QVML_BUS1_S1,WSCWIZEY,$$$\WSCWIZEY-2,,,1,2,NO,Passive,,,,,,,,,,2
C:\Users\nvt10241\Downloads\Sheet1.SchDoc,NET_MEMBER,NET_MEMBER@FPVIe1_SL_PC_S1@PORT@SW_S_S1@Output,FPVIe1_SL_PC_S1,PORT,SW_S_S1,,,,,,,,,Output,,,,,,,,,CONNECTED,SW_S_S1
C:\Users\nvt10241\Downloads\Sheet1.SchDoc,NET_MEMBER,NET_MEMBER@FPVIe1_SL_PC_S1@NET_LABEL@FPVIe1_SL_PC_S1@FPVIe1_SL_PC_S1,FPVIe1_SL_PC_S1,NET_LABEL,FPVIe1_SL_PC_S1,,,,,,,,,Passive,,,,,,,,,,FPVIe1_SL_PC_S1
C:\Users\nvt10241\Downloads\Sheet1.SchDoc,NET_MEMBER,NET_MEMBER@FPVIe1_SL_PC_S1@PIN@NOJQLARB@$$$\NOJQLARB-4,FPVIe1_SL_PC_S1,PIN,K61_SW_S1.4,K61_SW_S1,NOJQLARB,$$$\NOJQLARB-4,,,1,4,4,Passive,,,,,,,,,,4
C:\Users\nvt10241\Downloads\Sheet1.SchDoc,NET_MEMBER,NET_MEMBER@FPVIe1_SL_PC_S1@PIN@NLKLLRAU@$$$\NLKLLRAU-5,FPVIe1_SL_PC_S1,PIN,K135_PC1_Sense_S1.5,K135_PC1_Sense_S1,NLKLLRAU,$$$\NLKLLRAU-5,,,2,5,5,Passive,,,,,,,,,,5
C:\Users\nvt10241\Downloads\Sheet1.SchDoc,NET_MEMBER,NET_MEMBER@FPVIe1_SL_PC_S1@PIN@FDFEAQZO@$$$\FDFEAQZO-2,FPVIe1_SL_PC_S1,PIN,R_SW_S1.2,R_SW_S1,FDFEAQZO,$$$\FDFEAQZO-2,,,1,2,2,Passive,,,,,,,,,,2
C:\Users\nvt10241\Downloads\Sheet1.SchDoc,NET_MEMBER,NET_MEMBER@FPVIe1_SL_PC_S1@PIN@ONIFXKUF@$$$\ONIFXKUF-1,FPVIe1_SL_PC_S1,PIN,TP_SW_S_S1.1,TP_SW_S_S1,ONIFXKUF,$$$\ONIFXKUF-1,,,1,1,1,Passive,,,,,,,,,,1
C:\Users\nvt10241\Downloads\Sheet1.SchDoc,NET_MEMBER,NET_MEMBER@JGND@POWER_PORT@JGND@JGND,JGND,POWER_PORT,JGND,,,,,,,,,Power,,,,,,,,,,JGND
C:\Users\nvt10241\Downloads\Sheet1.SchDoc,NET_MEMBER,NET_MEMBER@JGND@PIN@UGOLPSRX@$$$\UGOLPSRX-1,JGND,PIN,EEPROM.1,EEPROM,UGOLPSRX,$$$\UGOLPSRX-1,,,1,1,NC,Passive,,,,,,,,,,1
C:\Users\nvt10241\Downloads\Sheet1.SchDoc,NET_MEMBER,NET_MEMBER@JGND@PIN@UGOLPSRX@$$$\UGOLPSRX-2,JGND,PIN,EEPROM.2,EEPROM,UGOLPSRX,$$$\UGOLPSRX-2,,,1,2,A1,Passive,,,,,,,,,,2
C:\Users\nvt10241\Downloads\Sheet1.SchDoc,NET_MEMBER,NET_MEMBER@JGND@PIN@UGOLPSRX@$$$\UGOLPSRX-3,JGND,PIN,EEPROM.3,EEPROM,UGOLPSRX,$$$\UGOLPSRX-3,,,1,3,A2,Passive,,,,,,,,,,3
C:\Users\nvt10241\Downloads\Sheet1.SchDoc,NET_MEMBER,NET_MEMBER@JGND@PIN@UGOLPSRX@$$$\UGOLPSRX-4,JGND,PIN,EEPROM.4,EEPROM,UGOLPSRX,$$$\UGOLPSRX-4,,,1,4,VSS,Passive,,,,,,,,,,4
C:\Users\nvt10241\Downloads\Sheet1.SchDoc,NET_MEMBER,NET_MEMBER@JGND@PIN@UGOLPSRX@$$$\UGOLPSRX-7,JGND,PIN,EEPROM.7,EEPROM,UGOLPSRX,$$$\UGOLPSRX-7,,,1,7,WP,Passive,,,,,,,,,,7
C:\Users\nvt10241\Downloads\Sheet1.SchDoc,NET_MEMBER,NET_MEMBER@JGND@PIN@MZXKPXGO@$$$\MZXKPXGO-2,JGND,PIN,R_JGND_S1.2,R_JGND_S1,MZXKPXGO,$$$\MZXKPXGO-2,,,1,2,2,Passive,,,,,,,,,,2
C:\Users\nvt10241\Downloads\Sheet1.SchDoc,NET_MEMBER,NET_MEMBER@KLV_FORCE_S1@PORT@S5_ACM200_FH3@I/O,KLV_FORCE_S1,PORT,S5_ACM200_FH3,,,,,,,,,I/O,,,,,,,,,CONNECTED,S5_ACM200_FH3
C:\Users\nvt10241\Downloads\Sheet1.SchDoc,NET_MEMBER,NET_MEMBER@KLV_FORCE_S1@NET_LABEL@KLV_FORCE_S1@KLV_FORCE_S1,KLV_FORCE_S1,NET_LABEL,KLV_FORCE_S1,,,,,,,,,Passive,,,,,,,,,,KLV_FORCE_S1
C:\Users\nvt10241\Downloads\Sheet1.SchDoc,NET_MEMBER,NET_MEMBER@KLV_FORCE_S1@PIN@UMJQCPES@$$$\UMJQCPES-4,KLV_FORCE_S1,PIN,K35_BUSH_KLV_S1.4,K35_BUSH_KLV_S1,UMJQCPES,$$$\UMJQCPES-4,,,1,4,4,Passive,,,,,,,,,,4
C:\Users\nvt10241\Downloads\Sheet1.SchDoc,NET_MEMBER,NET_MEMBER@KLV_FORCE_S1@PIN@FOXPMZKI@$$$\FOXPMZKI-3,KLV_FORCE_S1,PIN,K36_PGND_WL_S1.3,K36_PGND_WL_S1,FOXPMZKI,$$$\FOXPMZKI-3,,,1,3,3,Passive,,,,,,,,,,3
C:\Users\nvt10241\Downloads\Sheet1.SchDoc,NET_MEMBER,NET_MEMBER@KLV_FORCE_S1@PIN@BZFWHWZN@$$$\BZFWHWZN-2,KLV_FORCE_S1,PIN,K73_VCN_F_S1.2,K73_VCN_F_S1,BZFWHWZN,$$$\BZFWHWZN-2,,,1,2,NO,Passive,,,,,,,,,,2
C:\Users\nvt10241\Downloads\Sheet1.SchDoc,NET_MEMBER,NET_MEMBER@KLV_SENSE_S1@PORT@S5_ACM200_SH3@I/O,KLV_SENSE_S1,PORT,S5_ACM200_SH3,,,,,,,,,I/O,,,,,,,,,CONNECTED,S5_ACM200_SH3
C:\Users\nvt10241\Downloads\Sheet1.SchDoc,NET_MEMBER,NET_MEMBER@KLV_SENSE_S1@NET_LABEL@KLV_SENSE_S1@KLV_SENSE_S1,KLV_SENSE_S1,NET_LABEL,KLV_SENSE_S1,,,,,,,,,Passive,,,,,,,,,,KLV_SENSE_S1
C:\Users\nvt10241\Downloads\Sheet1.SchDoc,NET_MEMBER,NET_MEMBER@KLV_SENSE_S1@PIN@MCFXBFMI@$$$\MCFXBFMI-5,KLV_SENSE_S1,PIN,K35_BUSH_KLV_S1.5,K35_BUSH_KLV_S1,MCFXBFMI,$$$\MCFXBFMI-5,,,2,5,5,Passive,,,,,,,,,,5
C:\Users\nvt10241\Downloads\Sheet1.SchDoc,NET_MEMBER,NET_MEMBER@KLV_SENSE_S1@PIN@VIKKHJLK@$$$\VIKKHJLK-6,KLV_SENSE_S1,PIN,K36_PGND_WL_S1.6,K36_PGND_WL_S1,VIKKHJLK,$$$\VIKKHJLK-6,,,2,6,6,Passive,,,,,,,,,,6
C:\Users\nvt10241\Downloads\Sheet1.SchDoc,NET_MEMBER,NET_MEMBER@KLV_SENSE_S1@PIN@ZYEYVPKK@$$$\ZYEYVPKK-2,KLV_SENSE_S1,PIN,K79_KLV_S_S1.2,K79_KLV_S_S1,ZYEYVPKK,$$$\ZYEYVPKK-2,,,1,2,NO,Passive,,,,,,,,,,2
C:\Users\nvt10241\Downloads\Sheet1.SchDoc,NET_MEMBER,NET_MEMBER@N00024@PORT@S34_LOCK_D0@I/O,N00024,PORT,S34_LOCK_D0,,,,,,,,,I/O,,,,,,,,,CONNECTED,S34_LOCK_D0
C:\Users\nvt10241\Downloads\Sheet1.SchDoc,NET_MEMBER,NET_MEMBER@N00024@PORT@S34_LOCK_D1@I/O,N00024,PORT,S34_LOCK_D1,,,,,,,,,I/O,,,,,,,,,CONNECTED,S34_LOCK_D1
C:\Users\nvt10241\Downloads\Sheet1.SchDoc,NET_MEMBER,NET_MEMBER@N00025@PORT@S34_LOCK_C0@I/O,N00025,PORT,S34_LOCK_C0,,,,,,,,,I/O,,,,,,,,,CONNECTED,S34_LOCK_C0
C:\Users\nvt10241\Downloads\Sheet1.SchDoc,NET_MEMBER,NET_MEMBER@N00025@PORT@S34_LOCK_C1@I/O,N00025,PORT,S34_LOCK_C1,,,,,,,,,I/O,,,,,,,,,CONNECTED,S34_LOCK_C1
C:\Users\nvt10241\Downloads\Sheet1.SchDoc,NET_MEMBER,NET_MEMBER@N00026@PORT@S34_LOCK_B0@I/O,N00026,PORT,S34_LOCK_B0,,,,,,,,,I/O,,,,,,,,,CONNECTED,S34_LOCK_B0
C:\Users\nvt10241\Downloads\Sheet1.SchDoc,NET_MEMBER,NET_MEMBER@N00026@PORT@S34_LOCK_B1@I/O,N00026,PORT,S34_LOCK_B1,,,,,,,,,I/O,,,,,,,,,CONNECTED,S34_LOCK_B1
C:\Users\nvt10241\Downloads\Sheet1.SchDoc,NET_MEMBER,NET_MEMBER@N00027@PORT@S34_LOCK_A0@I/O,N00027,PORT,S34_LOCK_A0,,,,,,,,,I/O,,,,,,,,,CONNECTED,S34_LOCK_A0
C:\Users\nvt10241\Downloads\Sheet1.SchDoc,NET_MEMBER,NET_MEMBER@N00027@PORT@S34_LOCK_A1@I/O,N00027,PORT,S34_LOCK_A1,,,,,,,,,I/O,,,,,,,,,CONNECTED,S34_LOCK_A1
C:\Users\nvt10241\Downloads\Sheet1.SchDoc,NET_MEMBER,NET_MEMBER@N00028@PORT@@I/O,N00028,PORT,,,,,,,,,,I/O,,,,,,,,,CONNECTED,
C:\Users\nvt10241\Downloads\Sheet1.SchDoc,NET_MEMBER,NET_MEMBER@N00028@PORT@@Output,N00028,PORT,,,,,,,,,,Output,,,,,,,,,CONNECTED,
C:\Users\nvt10241\Downloads\Sheet1.SchDoc,NET_MEMBER,NET_MEMBER@N00029@PORT@S5_ACM200_FH9@I/O,N00029,PORT,S5_ACM200_FH9,,,,,,,,,I/O,,,,,,,,,CONNECTED,S5_ACM200_FH9
C:\Users\nvt10241\Downloads\Sheet1.SchDoc,NET_MEMBER,NET_MEMBER@NetK33_VAC_WL_S1_2@PORT@SCL_S_S1@Output,NetK33_VAC_WL_S1_2,PORT,SCL_S_S1,,,,,,,,,Output,,,,,,,,,CONNECTED,SCL_S_S1
C:\Users\nvt10241\Downloads\Sheet1.SchDoc,NET_MEMBER,NET_MEMBER@NetK33_VAC_WL_S1_2@PIN@POUGKWOI@$$$\POUGKWOI-2,NetK33_VAC_WL_S1_2,PIN,K33_VAC_WL_S1.2,K33_VAC_WL_S1,POUGKWOI,$$$\POUGKWOI-2,,,1,2,2,Passive,,,,,,,,,,2
C:\Users\nvt10241\Downloads\Sheet1.SchDoc,NET_MEMBER,NET_MEMBER@NetK33_VAC_WL_S1_2@PIN@JHEMLEJB@$$$\JHEMLEJB-2,NetK33_VAC_WL_S1_2,PIN,R_SCL_KLV_S1.2,R_SCL_KLV_S1,JHEMLEJB,$$$\JHEMLEJB-2,,,1,2,2,Passive,,,,,,,,,,2
C:\Users\nvt10241\Downloads\Sheet1.SchDoc,NET_MEMBER,NET_MEMBER@NetK33_VAC_WL_S1_2@PIN@HNXSETPR@$$$\HNXSETPR-1,NetK33_VAC_WL_S1_2,PIN,TP_SCL_S_S1.1,TP_SCL_S_S1,HNXSETPR,$$$\HNXSETPR-1,,,1,1,1,Passive,,,,,,,,,,1
C:\Users\nvt10241\Downloads\Sheet1.SchDoc,NET_MEMBER,NET_MEMBER@NetC1_CS_S1_1@PIN@TFRCFUZZ@$$$\TFRCFUZZ-1,NetC1_CS_S1_1,PIN,C1_CS_S1.1,C1_CS_S1,TFRCFUZZ,$$$\TFRCFUZZ-1,,,1,1,1,Passive,,,,,,,,,,1
C:\Users\nvt10241\Downloads\Sheet1.SchDoc,NET_MEMBER,NET_MEMBER@NetC1_CS_S1_1@PIN@JNJSHGFW@$$$\JNJSHGFW-1,NetC1_CS_S1_1,PIN,C2_CS_S1.1,C2_CS_S1,JNJSHGFW,$$$\JNJSHGFW-1,,,1,1,1,Passive,,,,,,,,,,1
C:\Users\nvt10241\Downloads\Sheet1.SchDoc,NET_MEMBER,NET_MEMBER@NetC1_CS_S1_1@PIN@RLZSRFMA@$$$\RLZSRFMA-1,NetC1_CS_S1_1,PIN,K71_KLV_F_S1.1,K71_KLV_F_S1,RLZSRFMA,$$$\RLZSRFMA-1,,,1,1,COMMON,Passive,,,,,,,,,,1
C:\Users\nvt10241\Downloads\Sheet1.SchDoc,NET_MEMBER,NET_MEMBER@NetC1_CS_S1_1@PIN@JCSDECAJ@$$$\JCSDECAJ-1,NetC1_CS_S1_1,PIN,K72_PA5_F_S1.1,K72_PA5_F_S1,JCSDECAJ,$$$\JCSDECAJ-1,,,1,1,COMMON,Passive,,,,,,,,,,1
C:\Users\nvt10241\Downloads\Sheet1.SchDoc,NET_MEMBER,NET_MEMBER@NetC1_CS_S1_1@PIN@BZFWHWZN@$$$\BZFWHWZN-1,NetC1_CS_S1_1,PIN,K73_VCN_F_S1.1,K73_VCN_F_S1,BZFWHWZN,$$$\BZFWHWZN-1,,,1,1,COMMON,Passive,,,,,,,,,,1
C:\Users\nvt10241\Downloads\Sheet1.SchDoc,NET_MEMBER,NET_MEMBER@NetC1_CS_S1_1@PIN@FSIMZACN@$$$\FSIMZACN-1,NetC1_CS_S1_1,PIN,R1_CS_S1.1,R1_CS_S1,FSIMZACN,$$$\FSIMZACN-1,,,1,1,1,Passive,,,,,,,,,,1
C:\Users\nvt10241\Downloads\Sheet1.SchDoc,NET_MEMBER,NET_MEMBER@NetC1_CS_S1_1@PIN@RWKBJFPI@$$$\RWKBJFPI-1,NetC1_CS_S1_1,PIN,R2_CS_S1.1,R2_CS_S1,RWKBJFPI,$$$\RWKBJFPI-1,,,1,1,1,Passive,,,,,,,,,,1
C:\Users\nvt10241\Downloads\Sheet1.SchDoc,NET_MEMBER,NET_MEMBER@NetC1_CS_S1_1@PIN@YPXUXAIS@$$$\YPXUXAIS-2,NetC1_CS_S1_1,PIN,R22_FL.2,R22_FL,YPXUXAIS,$$$\YPXUXAIS-2,,,1,2,2,Passive,,,,,,,,,,2
C:\Users\nvt10241\Downloads\Sheet1.SchDoc,NET_MEMBER,NET_MEMBER@NetC1_CS_S1_1@PIN@FXEXEHYY@$$$\FXEXEHYY-2,NetC1_CS_S1_1,PIN,R22_SL.2,R22_SL,FXEXEHYY,$$$\FXEXEHYY-2,,,1,2,2,Passive,,,,,,,,,,2
C:\Users\nvt10241\Downloads\Sheet1.SchDoc,NET_MEMBER,NET_MEMBER@NetC1_CS_S1_2@PIN@TFRCFUZZ@$$$\TFRCFUZZ-2,NetC1_CS_S1_2,PIN,C1_CS_S1.2,C1_CS_S1,TFRCFUZZ,$$$\TFRCFUZZ-2,,,1,2,2,Passive,,,,,,,,,,2
C:\Users\nvt10241\Downloads\Sheet1.SchDoc,NET_MEMBER,NET_MEMBER@NetC1_CS_S1_2@PIN@DNJRSWTD@$$$\DNJRSWTD-1,NetC1_CS_S1_2,PIN,K168_VCP_F_S1.1,K168_VCP_F_S1,DNJRSWTD,$$$\DNJRSWTD-1,,,1,1,COMMON,Passive,,,,,,,,,,1
C:\Users\nvt10241\Downloads\Sheet1.SchDoc,NET_MEMBER,NET_MEMBER@NetC1_CS_S1_2@PIN@TGTGWUVE@$$$\TGTGWUVE-1,NetC1_CS_S1_2,PIN,K169_PB5_F_S1.1,K169_PB5_F_S1,TGTGWUVE,$$$\TGTGWUVE-1,,,1,1,COMMON,Passive,,,,,,,,,,1
C:\Users\nvt10241\Downloads\Sheet1.SchDoc,NET_MEMBER,NET_MEMBER@NetC1_CS_S1_2@PIN@BSSEFUUB@$$$\BSSEFUUB-1,NetC1_CS_S1_2,PIN,K170_VAC_F_S1.1,K170_VAC_F_S1,BSSEFUUB,$$$\BSSEFUUB-1,,,1,1,COMMON,Passive,,,,,,,,,,1
C:\Users\nvt10241\Downloads\Sheet1.SchDoc,NET_MEMBER,NET_MEMBER@NetC1_CS_S1_2@PIN@FSIMZACN@$$$\FSIMZACN-2,NetC1_CS_S1_2,PIN,R1_CS_S1.2,R1_CS_S1,FSIMZACN,$$$\FSIMZACN-2,,,1,2,2,Passive,,,,,,,,,,2
C:\Users\nvt10241\Downloads\Sheet1.SchDoc,NET_MEMBER,NET_MEMBER@NetC1_OSC_S1_1@PIN@NHONCXRK@$$$\NHONCXRK-1,NetC1_OSC_S1_1,PIN,C1_OSC_S1.1,C1_OSC_S1,NHONCXRK,$$$\NHONCXRK-1,,,1,1,1,Passive,,,,,,,,,,1
C:\Users\nvt10241\Downloads\Sheet1.SchDoc,NET_MEMBER,NET_MEMBER@NetC1_OSC_S1_1@PIN@IZWMAHRU@$$$\IZWMAHRU-4,NetC1_OSC_S1_1,PIN,U6_S1.4,U6_S1,IZWMAHRU,$$$\IZWMAHRU-4,,,1,4,GND,Passive,,,,,,,,,,4
C:\Users\nvt10241\Downloads\Sheet1.SchDoc,NET_MEMBER,NET_MEMBER@NetC1_OSC_S1_2@PIN@NHONCXRK@$$$\NHONCXRK-2,NetC1_OSC_S1_2,PIN,C1_OSC_S1.2,C1_OSC_S1,NHONCXRK,$$$\NHONCXRK-2,,,1,2,2,Passive,,,,,,,,,,2
C:\Users\nvt10241\Downloads\Sheet1.SchDoc,NET_MEMBER,NET_MEMBER@NetC1_OSC_S1_2@PIN@NYHAXEAI@$$$\NYHAXEAI-1,NetC1_OSC_S1_2,PIN,K147_PB0_OSC_S1.1,K147_PB0_OSC_S1,NYHAXEAI,$$$\NYHAXEAI-1,,,1,1,COMMON,Passive,,,,,,,,,,1
C:\Users\nvt10241\Downloads\Sheet1.SchDoc,NET_MEMBER,NET_MEMBER@NetC1_OSC_S1_2@PIN@UZDCWBDC@$$$\UZDCWBDC-2,NetC1_OSC_S1_2,PIN,R_OSC_S1.2,R_OSC_S1,UZDCWBDC,$$$\UZDCWBDC-2,,,1,2,2,Passive,,,,,,,,,,2
C:\Users\nvt10241\Downloads\Sheet1.SchDoc,NET_MEMBER,NET_MEMBER@NetC1_OSC_S1_2@PIN@IZWMAHRU@$$$\IZWMAHRU-1,NetC1_OSC_S1_2,PIN,U6_S1.1,U6_S1,IZWMAHRU,$$$\IZWMAHRU-1,,,1,1,Y1,Passive,,,,,,,,,,1
C:\Users\nvt10241\Downloads\Sheet1.SchDoc,NET_MEMBER,NET_MEMBER@NetC1_Stable_S1_1@PIN@JZIJMDSU@$$$\JZIJMDSU-1,NetC1_Stable_S1_1,PIN,C1_Stable_S1.1,C1_Stable_S1,JZIJMDSU,$$$\JZIJMDSU-1,,,1,1,1,Passive,,,,,,,,,,1
C:\Users\nvt10241\Downloads\Sheet1.SchDoc,NET_MEMBER,NET_MEMBER@NetC1_Stable_S1_1@PIN@LQBALCNU@$$$\LQBALCNU-2,NetC1_Stable_S1_1,PIN,K1_COMP_AMP_S1.2,K1_COMP_AMP_S1,LQBALCNU,$$$\LQBALCNU-2,,,1,2,NO,Passive,,,,,,,,,,2
C:\Users\nvt10241\Downloads\Sheet1.SchDoc,NET_MEMBER,NET_MEMBER@NetC1_Stable_S1_1@PIN@TLNOBFUJ@$$$\TLNOBFUJ-2,NetC1_Stable_S1_1,PIN,K153_PA4_S1.2,K153_PA4_S1,TLNOBFUJ,$$$\TLNOBFUJ-2,,,1,2,NO,Passive,,,,,,,,,,2
C:\Users\nvt10241\Downloads\Sheet1.SchDoc,NET_MEMBER,NET_MEMBER@NetC1_Stable_S1_1@PIN@DJUKEAEC@$$$\DJUKEAEC-+IN,NetC1_Stable_S1_1,PIN,U3_S1.+IN,U3_S1,DJUKEAEC,$$$\DJUKEAEC-+IN,,,1,#NAME?,3,Passive,,,,,,,,,,#NAME?
C:\Users\nvt10241\Downloads\Sheet1.SchDoc,NET_MEMBER,NET_MEMBER@NetC2_CS_S1_2@PIN@JNJSHGFW@$$$\JNJSHGFW-2,NetC2_CS_S1_2,PIN,C2_CS_S1.2,C2_CS_S1,JNJSHGFW,$$$\JNJSHGFW-2,,,1,2,2,Passive,,,,,,,,,,2
C:\Users\nvt10241\Downloads\Sheet1.SchDoc,NET_MEMBER,NET_MEMBER@NetC2_CS_S1_2@PIN@ONDTEHNI@$$$\ONDTEHNI-2,NetC2_CS_S1_2,PIN,K82_R_CS_S1S2.2,K82_R_CS_S1S2,ONDTEHNI,$$$\ONDTEHNI-2,,,1,2,2,Passive,,,,,,,,,,2
C:\Users\nvt10241\Downloads\Sheet1.SchDoc,NET_MEMBER,NET_MEMBER@NetC2_CS_S1_2@PIN@RWKBJFPI@$$$\RWKBJFPI-2,NetC2_CS_S1_2,PIN,R2_CS_S1.2,R2_CS_S1,RWKBJFPI,$$$\RWKBJFPI-2,,,1,2,2,Passive,,,,,,,,,,2
C:\Users\nvt10241\Downloads\Sheet1.SchDoc,NET_MEMBER,NET_MEMBER@NetC2_OSC_S1_2@PIN@JDKZLWQS@$$$\JDKZLWQS-2,NetC2_OSC_S1_2,PIN,C2_OSC_S1.2,C2_OSC_S1,JDKZLWQS,$$$\JDKZLWQS-2,,,1,2,2,Passive,,,,,,,,,,2
C:\Users\nvt10241\Downloads\Sheet1.SchDoc,NET_MEMBER,NET_MEMBER@NetC2_OSC_S1_2@PIN@ITJZJNCA@$$$\ITJZJNCA-1,NetC2_OSC_S1_2,PIN,K147_PB1_OSC_S1.1,K147_PB1_OSC_S1,ITJZJNCA,$$$\ITJZJNCA-1,,,1,1,COMMON,Passive,,,,,,,,,,1
C:\Users\nvt10241\Downloads\Sheet1.SchDoc,NET_MEMBER,NET_MEMBER@NetC2_OSC_S1_2@PIN@UZDCWBDC@$$$\UZDCWBDC-1,NetC2_OSC_S1_2,PIN,R_OSC_S1.1,R_OSC_S1,UZDCWBDC,$$$\UZDCWBDC-1,,,1,1,1,Passive,,,,,,,,,,1
C:\Users\nvt10241\Downloads\Sheet1.SchDoc,NET_MEMBER,NET_MEMBER@NetC2_OSC_S1_2@PIN@IZWMAHRU@$$$\IZWMAHRU-3,NetC2_OSC_S1_2,PIN,U6_S1.3,U6_S1,IZWMAHRU,$$$\IZWMAHRU-3,,,1,3,Y2,Passive,,,,,,,,,,3
C:\Users\nvt10241\Downloads\Sheet1.SchDoc,NET_MEMBER,NET_MEMBER@NetC2_Stable_S1_1@PIN@ZFXBSXHE@$$$\ZFXBSXHE-1,NetC2_Stable_S1_1,PIN,C2_Stable_S1.1,C2_Stable_S1,ZFXBSXHE,$$$\ZFXBSXHE-1,,,1,1,1,Passive,,,,,,,,,,1
C:\Users\nvt10241\Downloads\Sheet1.SchDoc,NET_MEMBER,NET_MEMBER@NetC2_Stable_S1_1@PIN@QTGYSHHH@$$$\QTGYSHHH-1,NetC2_Stable_S1_1,PIN,K9_COMP_SVLP1_S1.1,K9_COMP_SVLP1_S1,QTGYSHHH,$$$\QTGYSHHH-1,,,1,1,COMMON,Passive,,,,,,,,,,1
C:\Users\nvt10241\Downloads\Sheet1.SchDoc,NET_MEMBER,NET_MEMBER@NetC2_Stable_S1_1@PIN@KKDOXZLI@$$$\KKDOXZLI-1,NetC2_Stable_S1_1,PIN,K10_COMP_SVLP2_S1.1,K10_COMP_SVLP2_S1,KKDOXZLI,$$$\KKDOXZLI-1,,,1,1,COMMON,Passive,,,,,,,,,,1
C:\Users\nvt10241\Downloads\Sheet1.SchDoc,NET_MEMBER,NET_MEMBER@NetC2_Stable_S1_1@PIN@SGSMLWIQ@$$$\SGSMLWIQ-+IN,NetC2_Stable_S1_1,PIN,U2_S1.+IN,U2_S1,SGSMLWIQ,$$$\SGSMLWIQ-+IN,,,1,#NAME?,3,Passive,,,,,,,,,,#NAME?
C:\Users\nvt10241\Downloads\Sheet1.SchDoc,NET_MEMBER,NET_MEMBER@NetC4_SVLP_S1(NC)_1@PIN@JDHGDIDN@$$$\JDHGDIDN-1,NetC4_SVLP_S1(NC)_1,PIN,C4_SVLP_S1(NC).1,C4_SVLP_S1(NC),JDHGDIDN,$$$\JDHGDIDN-1,,,1,1,1,Passive,,,,,,,,,,1
C:\Users\nvt10241\Downloads\Sheet1.SchDoc,NET_MEMBER,NET_MEMBER@NetC4_SVLP_S1(NC)_1@PIN@LYVOHGKX@$$$\LYVOHGKX-2,NetC4_SVLP_S1(NC)_1,PIN,K2_BUF_S1S2.2,K2_BUF_S1S2,LYVOHGKX,$$$\LYVOHGKX-2,,,1,2,2,Passive,,,,,,,,,,2
C:\Users\nvt10241\Downloads\Sheet1.SchDoc,NET_MEMBER,NET_MEMBER@NetC4_SVLP_S1(NC)_1@PIN@AWNVLZTJ@$$$\AWNVLZTJ-2,NetC4_SVLP_S1(NC)_1,PIN,R1_S1.2,R1_S1,AWNVLZTJ,$$$\AWNVLZTJ-2,,,1,2,2,Passive,,,,,,,,,,2
C:\Users\nvt10241\Downloads\Sheet1.SchDoc,NET_MEMBER,NET_MEMBER@NetC4_SVLP_S1(NC)_2@PIN@JDHGDIDN@$$$\JDHGDIDN-2,NetC4_SVLP_S1(NC)_2,PIN,C4_SVLP_S1(NC).2,C4_SVLP_S1(NC),JDHGDIDN,$$$\JDHGDIDN-2,,,1,2,2,Passive,,,,,,,,,,2
C:\Users\nvt10241\Downloads\Sheet1.SchDoc,NET_MEMBER,NET_MEMBER@NetC4_SVLP_S1(NC)_2@PIN@AWNVLZTJ@$$$\AWNVLZTJ-1,NetC4_SVLP_S1(NC)_2,PIN,R1_S1.1,R1_S1,AWNVLZTJ,$$$\AWNVLZTJ-1,,,1,1,1,Passive,,,,,,,,,,1
C:\Users\nvt10241\Downloads\Sheet1.SchDoc,NET_MEMBER,NET_MEMBER@NetC4_SVLP_S1(NC)_2@PIN@SYHVODML@$$$\SYHVODML-1,NetC4_SVLP_S1(NC)_2,PIN,R2_S1.1,R2_S1,SYHVODML,$$$\SYHVODML-1,,,1,1,1,Passive,,,,,,,,,,1
C:\Users\nvt10241\Downloads\Sheet1.SchDoc,NET_MEMBER,NET_MEMBER@NetC4_SVLP_S1(NC)_2@PIN@KUNTSGNL@$$$\KUNTSGNL--IN,NetC4_SVLP_S1(NC)_2,PIN,U4_S1.-IN,U4_S1,KUNTSGNL,$$$\KUNTSGNL--IN,,,1,#NAME?,4,Passive,,,,,,,,,,#NAME?
C:\Users\nvt10241\Downloads\Sheet1.SchDoc,NET_MEMBER,NET_MEMBER@NetCap1_PMID_S1_1@PORT@PMID_F_S1@Output,NetCap1_PMID_S1_1,PORT,PMID_F_S1,,,,,,,,,Output,,,,,,,,,CONNECTED,PMID_F_S1
C:\Users\nvt10241\Downloads\Sheet1.SchDoc,NET_MEMBER,NET_MEMBER@NetCap1_PMID_S1_1@PIN@WUOMVTDA@$$$\WUOMVTDA-1,NetCap1_PMID_S1_1,PIN,Cap1_PMID_S1.1,Cap1_PMID_S1,WUOMVTDA,$$$\WUOMVTDA-1,,,1,1,1,Passive,,,,,,,,,,1
C:\Users\nvt10241\Downloads\Sheet1.SchDoc,NET_MEMBER,NET_MEMBER@NetCap1_PMID_S1_1@PIN@TYUZHVGC@$$$\TYUZHVGC-2,NetCap1_PMID_S1_1,PIN,K84_HG2_S1.2,K84_HG2_S1,TYUZHVGC,$$$\TYUZHVGC-2,,,1,2,2,Passive,,,,,,,,,,2
C:\Users\nvt10241\Downloads\Sheet1.SchDoc,NET_MEMBER,NET_MEMBER@NetCap1_PMID_S1_1@PIN@TVOTBTVJ@$$$\TVOTBTVJ-4,NetCap1_PMID_S1_1,PIN,K85_CAP_PMID_S1S2.4,K85_CAP_PMID_S1S2,TVOTBTVJ,$$$\TVOTBTVJ-4,,,1,4,4,Passive,,,,,,,,,,4
C:\Users\nvt10241\Downloads\Sheet1.SchDoc,NET_MEMBER,NET_MEMBER@NetCap1_PMID_S1_1@PIN@DYHCIPMO@$$$\DYHCIPMO-1,NetCap1_PMID_S1_1,PIN,R_PMID_KLV_S1.1,R_PMID_KLV_S1,DYHCIPMO,$$$\DYHCIPMO-1,,,1,1,1,Passive,,,,,,,,,,1
C:\Users\nvt10241\Downloads\Sheet1.SchDoc,NET_MEMBER,NET_MEMBER@NetCap1_PMID_S1_1@PIN@UHJFAACD@$$$\UHJFAACD-1,NetCap1_PMID_S1_1,PIN,TP_PMID_F_S1.1,TP_PMID_F_S1,UHJFAACD,$$$\UHJFAACD-1,,,1,1,1,Passive,,,,,,,,,,1
C:\Users\nvt10241\Downloads\Sheet1.SchDoc,NET_MEMBER,NET_MEMBER@NetCap1_V1P5_S1_1@PORT@V1P5_F_S1@Output,NetCap1_V1P5_S1_1,PORT,V1P5_F_S1,,,,,,,,,Output,,,,,,,,,CONNECTED,V1P5_F_S1
C:\Users\nvt10241\Downloads\Sheet1.SchDoc,NET_MEMBER,NET_MEMBER@NetCap1_V1P5_S1_1@PORT@VDRV_F_S1@Output,NetCap1_V1P5_S1_1,PORT,VDRV_F_S1,,,,,,,,,Output,,,,,,,,,CONNECTED,VDRV_F_S1
C:\Users\nvt10241\Downloads\Sheet1.SchDoc,NET_MEMBER,NET_MEMBER@NetCap1_V1P5_S1_1@PIN@MVXFZYKO@$$$\MVXFZYKO-1,NetCap1_V1P5_S1_1,PIN,Cap1_V1P5_S1.1,Cap1_V1P5_S1,MVXFZYKO,$$$\MVXFZYKO-1,,,1,1,1,Passive,,,,,,,,,,1
C:\Users\nvt10241\Downloads\Sheet1.SchDoc,NET_MEMBER,NET_MEMBER@NetCap1_V1P5_S1_1@PIN@RZVGOEDT@$$$\RZVGOEDT-2,NetCap1_V1P5_S1_1,PIN,K125_U34_PS_S1.2,K125_U34_PS_S1,RZVGOEDT,$$$\RZVGOEDT-2,,,1,2,2,Passive,,,,,,,,,,2
C:\Users\nvt10241\Downloads\Sheet1.SchDoc,NET_MEMBER,NET_MEMBER@NetCap1_V1P5_S1_1@PIN@HIOUFEAC@$$$\HIOUFEAC-4,NetCap1_V1P5_S1_1,PIN,K126_V1P5_CAP_S1.4,K126_V1P5_CAP_S1,HIOUFEAC,$$$\HIOUFEAC-4,,,1,4,4,Passive,,,,,,,,,,4
C:\Users\nvt10241\Downloads\Sheet1.SchDoc,NET_MEMBER,NET_MEMBER@NetCap1_V1P5_S1_1@PIN@NDESQSAG@$$$\NDESQSAG-1,NetCap1_V1P5_S1_1,PIN,R_V1P5_KLV_S1.1,R_V1P5_KLV_S1,NDESQSAG,$$$\NDESQSAG-1,,,1,1,1,Passive,,,,,,,,,,1
C:\Users\nvt10241\Downloads\Sheet1.SchDoc,NET_MEMBER,NET_MEMBER@NetCap1_V1P5_S1_1@PIN@JPUWOAHF@$$$\JPUWOAHF-1,NetCap1_V1P5_S1_1,PIN,TP_VDRV_F_S1.1,TP_VDRV_F_S1,JPUWOAHF,$$$\JPUWOAHF-1,,,1,1,1,Passive,,,,,,,,,,1
C:\Users\nvt10241\Downloads\Sheet1.SchDoc,NET_MEMBER,NET_MEMBER@NetCap1_V1P5_S1_1@PIN@ADZWBUUM@$$$\ADZWBUUM-1,NetCap1_V1P5_S1_1,PIN,V1P5_F_S1.1,V1P5_F_S1,ADZWBUUM,$$$\ADZWBUUM-1,,,1,1,1,Passive,,,,,,,,,,1
C:\Users\nvt10241\Downloads\Sheet1.SchDoc,NET_MEMBER,NET_MEMBER@NetCap1_VAC1_S1_1@PORT@VAC1_F_S1@Output,NetCap1_VAC1_S1_1,PORT,VAC1_F_S1,,,,,,,,,Output,,,,,,,,,CONNECTED,VAC1_F_S1
C:\Users\nvt10241\Downloads\Sheet1.SchDoc,NET_MEMBER,NET_MEMBER@NetCap1_VAC1_S1_1@PIN@VKGQGMYG@$$$\VKGQGMYG-1,NetCap1_VAC1_S1_1,PIN,Cap1_VAC1_S1.1,Cap1_VAC1_S1,VKGQGMYG,$$$\VKGQGMYG-1,,,1,1,1,Passive,,,,,,,,,,1
C:\Users\nvt10241\Downloads\Sheet1.SchDoc,NET_MEMBER,NET_MEMBER@NetCap1_VAC1_S1_1@PIN@TKLVOFPH@$$$\TKLVOFPH-1,NetCap1_VAC1_S1_1,PIN,K14_VAC1_P2P_S1.1,K14_VAC1_P2P_S1,TKLVOFPH,$$$\TKLVOFPH-1,,,1,1,COMMON,Passive,,,,,,,,,,1
C:\Users\nvt10241\Downloads\Sheet1.SchDoc,NET_MEMBER,NET_MEMBER@NetCap1_VAC1_S1_1@PIN@SDQHIMBX@$$$\SDQHIMBX-2,NetCap1_VAC1_S1_1,PIN,K19_VAC2_S1.2,K19_VAC2_S1,SDQHIMBX,$$$\SDQHIMBX-2,,,1,2,2,Passive,,,,,,,,,,2
C:\Users\nvt10241\Downloads\Sheet1.SchDoc,NET_MEMBER,NET_MEMBER@NetCap1_VAC1_S1_1@PIN@KEHIPPFH@$$$\KEHIPPFH-1,NetCap1_VAC1_S1_1,PIN,R_VAC1_S1.1,R_VAC1_S1,KEHIPPFH,$$$\KEHIPPFH-1,,,1,1,1,Passive,,,,,,,,,,1
C:\Users\nvt10241\Downloads\Sheet1.SchDoc,NET_MEMBER,NET_MEMBER@NetCap1_VAC1_S1_1@PIN@UMJEIFEJ@$$$\UMJEIFEJ-1,NetCap1_VAC1_S1_1,PIN,TP_VAC1_F_S1.1,TP_VAC1_F_S1,UMJEIFEJ,$$$\UMJEIFEJ-1,,,1,1,1,Passive,,,,,,,,,,1
C:\Users\nvt10241\Downloads\Sheet1.SchDoc,NET_MEMBER,NET_MEMBER@NetCap1_VAC2_S1_1@PORT@VAC2_F_S1@Output,NetCap1_VAC2_S1_1,PORT,VAC2_F_S1,,,,,,,,,Output,,,,,,,,,CONNECTED,VAC2_F_S1
C:\Users\nvt10241\Downloads\Sheet1.SchDoc,NET_MEMBER,NET_MEMBER@NetCap1_VAC2_S1_1@PIN@WCSLPROT@$$$\WCSLPROT-1,NetCap1_VAC2_S1_1,PIN,Cap1_VAC2_S1.1,Cap1_VAC2_S1,WCSLPROT,$$$\WCSLPROT-1,,,1,1,1,Passive,,,,,,,,,,1
C:\Users\nvt10241\Downloads\Sheet1.SchDoc,NET_MEMBER,NET_MEMBER@NetCap1_VAC2_S1_1@PIN@DXSNRACM@$$$\DXSNRACM-1,NetCap1_VAC2_S1_1,PIN,K15_VAC2_P2P_S1.1,K15_VAC2_P2P_S1,DXSNRACM,$$$\DXSNRACM-1,,,1,1,COMMON,Passive,,,,,,,,,,1
C:\Users\nvt10241\Downloads\Sheet1.SchDoc,NET_MEMBER,NET_MEMBER@NetCap1_VAC2_S1_1@PIN@SDQHIMBX@$$$\SDQHIMBX-4,NetCap1_VAC2_S1_1,PIN,K19_VAC2_S1.4,K19_VAC2_S1,SDQHIMBX,$$$\SDQHIMBX-4,,,1,4,4,Passive,,,,,,,,,,4
C:\Users\nvt10241\Downloads\Sheet1.SchDoc,NET_MEMBER,NET_MEMBER@NetCap1_VAC2_S1_1@PIN@YTAQYKCE@$$$\YTAQYKCE-1,NetCap1_VAC2_S1_1,PIN,R_VAC2_S1.1,R_VAC2_S1,YTAQYKCE,$$$\YTAQYKCE-1,,,1,1,1,Passive,,,,,,,,,,1
C:\Users\nvt10241\Downloads\Sheet1.SchDoc,NET_MEMBER,NET_MEMBER@NetCap1_VAC2_S1_1@PIN@CJEPFCYG@$$$\CJEPFCYG-1,NetCap1_VAC2_S1_1,PIN,TP_VAC2_F_S1.1,TP_VAC2_F_S1,CJEPFCYG,$$$\CJEPFCYG-1,,,1,1,1,Passive,,,,,,,,,,1
C:\Users\nvt10241\Downloads\Sheet1.SchDoc,NET_MEMBER,NET_MEMBER@NetCap1_VAC3_S1_1@PORT@VAC3_F_S1@Output,NetCap1_VAC3_S1_1,PORT,VAC3_F_S1,,,,,,,,,Output,,,,,,,,,CONNECTED,VAC3_F_S1
C:\Users\nvt10241\Downloads\Sheet1.SchDoc,NET_MEMBER,NET_MEMBER@NetCap1_VAC3_S1_1@PIN@USEUVUDR@$$$\USEUVUDR-1,NetCap1_VAC3_S1_1,PIN,Cap1_VAC3_S1.1,Cap1_VAC3_S1,USEUVUDR,$$$\USEUVUDR-1,,,1,1,1,Passive,,,,,,,,,,1
C:\Users\nvt10241\Downloads\Sheet1.SchDoc,NET_MEMBER,NET_MEMBER@NetCap1_VAC3_S1_1@PIN@PZMFOIST@$$$\PZMFOIST-1,NetCap1_VAC3_S1_1,PIN,K16_VAC3_P2P_S1.1,K16_VAC3_P2P_S1,PZMFOIST,$$$\PZMFOIST-1,,,1,1,COMMON,Passive,,,,,,,,,,1
C:\Users\nvt10241\Downloads\Sheet1.SchDoc,NET_MEMBER,NET_MEMBER@NetCap1_VAC3_S1_1@PIN@KJMWIKUX@$$$\KJMWIKUX-2,NetCap1_VAC3_S1_1,PIN,K20_AMUX_S1.2,K20_AMUX_S1,KJMWIKUX,$$$\KJMWIKUX-2,,,1,2,2,Passive,,,,,,,,,,2
C:\Users\nvt10241\Downloads\Sheet1.SchDoc,NET_MEMBER,NET_MEMBER@NetCap1_VAC3_S1_1@PIN@VUQWNFJS@$$$\VUQWNFJS-1,NetCap1_VAC3_S1_1,PIN,R_VAC3_S1.1,R_VAC3_S1,VUQWNFJS,$$$\VUQWNFJS-1,,,1,1,1,Passive,,,,,,,,,,1
C:\Users\nvt10241\Downloads\Sheet1.SchDoc,NET_MEMBER,NET_MEMBER@NetCap1_VAC3_S1_1@PIN@WYTHUXRE@$$$\WYTHUXRE-1,NetCap1_VAC3_S1_1,PIN,TP_VAC3_F_S1.1,TP_VAC3_F_S1,WYTHUXRE,$$$\WYTHUXRE-1,,,1,1,1,Passive,,,,,,,,,,1
C:\Users\nvt10241\Downloads\Sheet1.SchDoc,NET_MEMBER,NET_MEMBER@NetCap1_VBAT_S1_1@PORT@VBAT_F_S1@Output,NetCap1_VBAT_S1_1,PORT,VBAT_F_S1,,,,,,,,,Output,,,,,,,,,CONNECTED,VBAT_F_S1
C:\Users\nvt10241\Downloads\Sheet1.SchDoc,NET_MEMBER,NET_MEMBER@NetCap1_VBAT_S1_1@PIN@DXAPQMFD@$$$\DXAPQMFD-1,NetCap1_VBAT_S1_1,PIN,Cap1_VBAT_S1.1,Cap1_VBAT_S1,DXAPQMFD,$$$\DXAPQMFD-1,,,1,1,1,Passive,,,,,,,,,,1
C:\Users\nvt10241\Downloads\Sheet1.SchDoc,NET_MEMBER,NET_MEMBER@NetCap1_VBAT_S1_1@PIN@AXHNBXXX@$$$\AXHNBXXX-7,NetCap1_VBAT_S1_1,PIN,K8_PD3_S1.7,K8_PD3_S1,AXHNBXXX,$$$\AXHNBXXX-7,,,2,7,7,Passive,,,,,,,,,,7
C:\Users\nvt10241\Downloads\Sheet1.SchDoc,NET_MEMBER,NET_MEMBER@NetCap1_VBAT_S1_1@PIN@GSMFUVDD@$$$\GSMFUVDD-2,NetCap1_VBAT_S1_1,PIN,K12_VBAT_SVLP_S1.2,K12_VBAT_SVLP_S1,GSMFUVDD,$$$\GSMFUVDD-2,,,1,2,NO,Passive,,,,,,,,,,2
C:\Users\nvt10241\Downloads\Sheet1.SchDoc,NET_MEMBER,NET_MEMBER@NetCap1_VBAT_S1_1@PIN@QWYJDFEA@$$$\QWYJDFEA-4,NetCap1_VBAT_S1_1,PIN,K13_VBAT_Cap_S1S2.4,K13_VBAT_Cap_S1S2,QWYJDFEA,$$$\QWYJDFEA-4,,,1,4,4,Passive,,,,,,,,,,4
C:\Users\nvt10241\Downloads\Sheet1.SchDoc,NET_MEMBER,NET_MEMBER@NetCap1_VBAT_S1_1@PIN@GCHYZYIU@$$$\GCHYZYIU-1,NetCap1_VBAT_S1_1,PIN,R_VBAT_KLV_S1.1,R_VBAT_KLV_S1,GCHYZYIU,$$$\GCHYZYIU-1,,,1,1,1,Passive,,,,,,,,,,1
C:\Users\nvt10241\Downloads\Sheet1.SchDoc,NET_MEMBER,NET_MEMBER@NetCap1_VBAT_S1_1@PIN@DVDNQSRP@$$$\DVDNQSRP-1,NetCap1_VBAT_S1_1,PIN,TP_VBAT_F_S1.1,TP_VBAT_F_S1,DVDNQSRP,$$$\DVDNQSRP-1,,,1,1,1,Passive,,,,,,,,,,1
C:\Users\nvt10241\Downloads\Sheet1.SchDoc,NET_MEMBER,NET_MEMBER@NetCap1_VCC_S1_1@PORT@VCC_F_S1@Output,NetCap1_VCC_S1_1,PORT,VCC_F_S1,,,,,,,,,Output,,,,,,,,,CONNECTED,VCC_F_S1
C:\Users\nvt10241\Downloads\Sheet1.SchDoc,NET_MEMBER,NET_MEMBER@NetCap1_VCC_S1_1@PIN@PHZCJVRR@$$$\PHZCJVRR-1,NetCap1_VCC_S1_1,PIN,Cap1_VCC_S1.1,Cap1_VCC_S1,PHZCJVRR,$$$\PHZCJVRR-1,,,1,1,1,Passive,,,,,,,,,,1
C:\Users\nvt10241\Downloads\Sheet1.SchDoc,NET_MEMBER,NET_MEMBER@NetCap1_VCC_S1_1@PIN@BVNWHFED@$$$\BVNWHFED-4,NetCap1_VCC_S1_1,PIN,K0_VCC_Cap_S1S2.4,K0_VCC_Cap_S1S2,BVNWHFED,$$$\BVNWHFED-4,,,1,4,4,Passive,,,,,,,,,,4
C:\Users\nvt10241\Downloads\Sheet1.SchDoc,NET_MEMBER,NET_MEMBER@NetCap1_VCC_S1_1@PIN@MSGZDYAT@$$$\MSGZDYAT-2,NetCap1_VCC_S1_1,PIN,K25_VCC_F_S1.2,K25_VCC_F_S1,MSGZDYAT,$$$\MSGZDYAT-2,,,1,2,NO,Passive,,,,,,,,,,2
C:\Users\nvt10241\Downloads\Sheet1.SchDoc,NET_MEMBER,NET_MEMBER@NetCap1_VCC_S1_1@PIN@EBIIRQCK@$$$\EBIIRQCK-2,NetCap1_VCC_S1_1,PIN,K31_VMCU_S1.2,K31_VMCU_S1,EBIIRQCK,$$$\EBIIRQCK-2,,,1,2,2,Passive,,,,,,,,,,2
C:\Users\nvt10241\Downloads\Sheet1.SchDoc,NET_MEMBER,NET_MEMBER@NetCap1_VCC_S1_1@PIN@AUZHPTKP@$$$\AUZHPTKP-1,NetCap1_VCC_S1_1,PIN,R_VCC_Kelvin_S1.1,R_VCC_Kelvin_S1,AUZHPTKP,$$$\AUZHPTKP-1,,,1,1,1,Passive,,,,,,,,,,1
C:\Users\nvt10241\Downloads\Sheet1.SchDoc,NET_MEMBER,NET_MEMBER@NetCap1_VCC_S1_1@PIN@IAKNCTXU@$$$\IAKNCTXU-1,NetCap1_VCC_S1_1,PIN,TP_VCC_F_S1.1,TP_VCC_F_S1,IAKNCTXU,$$$\IAKNCTXU-1,,,1,1,1,Passive,,,,,,,,,,1
C:\Users\nvt10241\Downloads\Sheet1.SchDoc,NET_MEMBER,NET_MEMBER@NetCap2_PMID_S1_2@PIN@DBCNYJYC@$$$\DBCNYJYC-2,NetCap2_PMID_S1_2,PIN,Cap2_PMID_S1.2,Cap2_PMID_S1,DBCNYJYC,$$$\DBCNYJYC-2,,,1,2,2,Passive,,,,,,,,,,2
C:\Users\nvt10241\Downloads\Sheet1.SchDoc,NET_MEMBER,NET_MEMBER@NetCap2_PMID_S1_2@PIN@TVOTBTVJ@$$$\TVOTBTVJ-3,NetCap2_PMID_S1_2,PIN,K85_CAP_PMID_S1S2.3,K85_CAP_PMID_S1S2,TVOTBTVJ,$$$\TVOTBTVJ-3,,,1,3,3,Passive,,,,,,,,,,3
C:\Users\nvt10241\Downloads\Sheet1.SchDoc,NET_MEMBER,NET_MEMBER@NetCap2_V1P5_S1_2@PIN@KUYOIAQY@$$$\KUYOIAQY-2,NetCap2_V1P5_S1_2,PIN,Cap2_V1P5_S1.2,Cap2_V1P5_S1,KUYOIAQY,$$$\KUYOIAQY-2,,,1,2,2,Passive,,,,,,,,,,2
C:\Users\nvt10241\Downloads\Sheet1.SchDoc,NET_MEMBER,NET_MEMBER@NetCap2_V1P5_S1_2@PIN@HIOUFEAC@$$$\HIOUFEAC-3,NetCap2_V1P5_S1_2,PIN,K126_V1P5_CAP_S1.3,K126_V1P5_CAP_S1,HIOUFEAC,$$$\HIOUFEAC-3,,,1,3,3,Passive,,,,,,,,,,3
C:\Users\nvt10241\Downloads\Sheet1.SchDoc,NET_MEMBER,NET_MEMBER@NetCap2_VAC_S1_2@PIN@JZWRCYVQ@$$$\JZWRCYVQ-2,NetCap2_VAC_S1_2,PIN,Cap2_VAC_S1.2,Cap2_VAC_S1,JZWRCYVQ,$$$\JZWRCYVQ-2,,,1,2,2,Passive,,,,,,,,,,2
C:\Users\nvt10241\Downloads\Sheet1.SchDoc,NET_MEMBER,NET_MEMBER@NetCap2_VAC_S1_2@PIN@MIHMALWQ@$$$\MIHMALWQ-3,NetCap2_VAC_S1_2,PIN,K21_VAC_Cap_S1S2.3,K21_VAC_Cap_S1S2,MIHMALWQ,$$$\MIHMALWQ-3,,,1,3,3,Passive,,,,,,,,,,3
C:\Users\nvt10241\Downloads\Sheet1.SchDoc,NET_MEMBER,NET_MEMBER@NetCap2_VBAT_S1_2@PIN@FYHWROLB@$$$\FYHWROLB-2,NetCap2_VBAT_S1_2,PIN,Cap2_VBAT_S1.2,Cap2_VBAT_S1,FYHWROLB,$$$\FYHWROLB-2,,,1,2,2,Passive,,,,,,,,,,2
C:\Users\nvt10241\Downloads\Sheet1.SchDoc,NET_MEMBER,NET_MEMBER@NetCap2_VBAT_S1_2@PIN@QWYJDFEA@$$$\QWYJDFEA-3,NetCap2_VBAT_S1_2,PIN,K13_VBAT_Cap_S1S2.3,K13_VBAT_Cap_S1S2,QWYJDFEA,$$$\QWYJDFEA-3,,,1,3,3,Passive,,,,,,,,,,3
C:\Users\nvt10241\Downloads\Sheet1.SchDoc,NET_MEMBER,NET_MEMBER@NetCap2_VBUS_S1_2@PIN@VTOUWBPS@$$$\VTOUWBPS-2,NetCap2_VBUS_S1_2,PIN,Cap2_VBUS_S1.2,Cap2_VBUS_S1,VTOUWBPS,$$$\VTOUWBPS-2,,,1,2,2,Passive,,,,,,,,,,2
C:\Users\nvt10241\Downloads\Sheet1.SchDoc,NET_MEMBER,NET_MEMBER@NetCap2_VBUS_S1_2@PIN@YCNIHMYR@$$$\YCNIHMYR-3,NetCap2_VBUS_S1_2,PIN,K5_VBUS_Cap_S1S2.3,K5_VBUS_Cap_S1S2,YCNIHMYR,$$$\YCNIHMYR-3,,,1,3,3,Passive,,,,,,,,,,3
C:\Users\nvt10241\Downloads\Sheet1.SchDoc,NET_MEMBER,NET_MEMBER@NetCap2_VCC_S1_2@PIN@DNYHBCQM@$$$\DNYHBCQM-2,NetCap2_VCC_S1_2,PIN,Cap2_VCC_S1.2,Cap2_VCC_S1,DNYHBCQM,$$$\DNYHBCQM-2,,,1,2,2,Passive,,,,,,,,,,2
C:\Users\nvt10241\Downloads\Sheet1.SchDoc,NET_MEMBER,NET_MEMBER@NetCap2_VCC_S1_2@PIN@BVNWHFED@$$$\BVNWHFED-3,NetCap2_VCC_S1_2,PIN,K0_VCC_Cap_S1S2.3,K0_VCC_Cap_S1S2,BVNWHFED,$$$\BVNWHFED-3,,,1,3,3,Passive,,,,,,,,,,3
C:\Users\nvt10241\Downloads\Sheet1.SchDoc,NET_MEMBER,NET_MEMBER@NetCap_nRST_S1_1@PORT@nRST_S1@Output,NetCap_nRST_S1_1,PORT,nRST_S1,,,,,,,,,Output,,,,,,,,,CONNECTED,nRST_S1
C:\Users\nvt10241\Downloads\Sheet1.SchDoc,NET_MEMBER,NET_MEMBER@NetCap_nRST_S1_1@PIN@NNAUUTLO@$$$\NNAUUTLO-1,NetCap_nRST_S1_1,PIN,Cap_nRST_S1.1,Cap_nRST_S1,NNAUUTLO,$$$\NNAUUTLO-1,,,1,1,1,Passive,,,,,,,,,,1
C:\Users\nvt10241\Downloads\Sheet1.SchDoc,NET_MEMBER,NET_MEMBER@NetCap_nRST_S1_1@PIN@BWZKFVND@$$$\BWZKFVND-4,NetCap_nRST_S1_1,PIN,K124_nRST_S1.4,K124_nRST_S1,BWZKFVND,$$$\BWZKFVND-4,,,1,4,4,Passive,,,,,,,,,,4
C:\Users\nvt10241\Downloads\Sheet1.SchDoc,NET_MEMBER,NET_MEMBER@NetCap_nRST_S1_1@PIN@EZEPNNHN@$$$\EZEPNNHN-5,NetCap_nRST_S1_1,PIN,K124_nRST_S1.5,K124_nRST_S1,EZEPNNHN,$$$\EZEPNNHN-5,,,2,5,5,Passive,,,,,,,,,,5
C:\Users\nvt10241\Downloads\Sheet1.SchDoc,NET_MEMBER,NET_MEMBER@NetCap_nRST_S1_1@PIN@HYQZJTLN@$$$\HYQZJTLN-1,NetCap_nRST_S1_1,PIN,TP_nRST_S1.1,TP_nRST_S1,HYQZJTLN,$$$\HYQZJTLN-1,,,1,1,1,Passive,,,,,,,,,,1
C:\Users\nvt10241\Downloads\Sheet1.SchDoc,NET_MEMBER,NET_MEMBER@NetCap_SW1_BST1_S1_1@PIN@VJDYLMJH@$$$\VJDYLMJH-1,NetCap_SW1_BST1_S1_1,PIN,Cap_SW1_BST1_S1.1,Cap_SW1_BST1_S1,VJDYLMJH,$$$\VJDYLMJH-1,,,1,1,1,Passive,,,,,,,,,,1
C:\Users\nvt10241\Downloads\Sheet1.SchDoc,NET_MEMBER,NET_MEMBER@NetCap_SW1_BST1_S1_1@PIN@DXMKOYFB@$$$\DXMKOYFB-2,NetCap_SW1_BST1_S1_1,PIN,D_SW1_BST1.2,D_SW1_BST1,DXMKOYFB,$$$\DXMKOYFB-2,,,1,2,K,Passive,,,,,,,,,,2
C:\Users\nvt10241\Downloads\Sheet1.SchDoc,NET_MEMBER,NET_MEMBER@NetCap_SW1_BST1_S1_1@PIN@KCMQDOYH@$$$\KCMQDOYH-2,NetCap_SW1_BST1_S1_1,PIN,K45_Cap_SW1_BST1_S1S2.2,K45_Cap_SW1_BST1_S1S2,KCMQDOYH,$$$\KCMQDOYH-2,,,1,2,2,Passive,,,,,,,,,,2
C:\Users\nvt10241\Downloads\Sheet1.SchDoc,NET_MEMBER,NET_MEMBER@NetCap_SW1_BST1_S1_2@PORT@SW1_F_S1@Output,NetCap_SW1_BST1_S1_2,PORT,SW1_F_S1,,,,,,,,,Output,,,,,,,,,CONNECTED,SW1_F_S1
C:\Users\nvt10241\Downloads\Sheet1.SchDoc,NET_MEMBER,NET_MEMBER@NetCap_SW1_BST1_S1_2@PIN@VJDYLMJH@$$$\VJDYLMJH-2,NetCap_SW1_BST1_S1_2,PIN,Cap_SW1_BST1_S1.2,Cap_SW1_BST1_S1,VJDYLMJH,$$$\VJDYLMJH-2,,,1,2,2,Passive,,,,,,,,,,2
C:\Users\nvt10241\Downloads\Sheet1.SchDoc,NET_MEMBER,NET_MEMBER@NetCap_SW1_BST1_S1_2@PIN@DXMKOYFB@$$$\DXMKOYFB-1,NetCap_SW1_BST1_S1_2,PIN,D_SW1_BST1.1,D_SW1_BST1,DXMKOYFB,$$$\DXMKOYFB-1,,,1,1,A,Passive,,,,,,,,,,1
C:\Users\nvt10241\Downloads\Sheet1.SchDoc,NET_MEMBER,NET_MEMBER@NetCap_SW1_BST1_S1_2@PIN@HFFXAGTY@$$$\HFFXAGTY-7,NetCap_SW1_BST1_S1_2,PIN,K49_ACM_SW2_S1.7,K49_ACM_SW2_S1,HFFXAGTY,$$$\HFFXAGTY-7,,,2,7,7,Passive,,,,,,,,,,7
C:\Users\nvt10241\Downloads\Sheet1.SchDoc,NET_MEMBER,NET_MEMBER@NetCap_SW1_BST1_S1_2@PIN@ZCCEHOVH@$$$\ZCCEHOVH-2,NetCap_SW1_BST1_S1_2,PIN,K50_FOVI_SW2_S1.2,K50_FOVI_SW2_S1,ZCCEHOVH,$$$\ZCCEHOVH-2,,,1,2,2,Passive,,,,,,,,,,2
C:\Users\nvt10241\Downloads\Sheet1.SchDoc,NET_MEMBER,NET_MEMBER@NetCap_SW1_BST1_S1_2@PIN@RCBPJPZO@$$$\RCBPJPZO-1,NetCap_SW1_BST1_S1_2,PIN,R_SW1_KLV_S1.1,R_SW1_KLV_S1,RCBPJPZO,$$$\RCBPJPZO-1,,,1,1,1,Passive,,,,,,,,,,1
C:\Users\nvt10241\Downloads\Sheet1.SchDoc,NET_MEMBER,NET_MEMBER@NetCap_SW1_BST1_S1_2@PIN@NIZWUGFY@$$$\NIZWUGFY-1,NetCap_SW1_BST1_S1_2,PIN,TP_SW1_F_S1.1,TP_SW1_F_S1,NIZWUGFY,$$$\NIZWUGFY-1,,,1,1,1,Passive,,,,,,,,,,1
C:\Users\nvt10241\Downloads\Sheet1.SchDoc,NET_MEMBER,NET_MEMBER@NetCap_SW2_BST2_S1_1@PIN@SSAJPOSX@$$$\SSAJPOSX-1,NetCap_SW2_BST2_S1_1,PIN,Cap_SW2_BST2_S1.1,Cap_SW2_BST2_S1,SSAJPOSX,$$$\SSAJPOSX-1,,,1,1,1,Passive,,,,,,,,,,1
C:\Users\nvt10241\Downloads\Sheet1.SchDoc,NET_MEMBER,NET_MEMBER@NetCap_SW2_BST2_S1_1@PIN@BAEACGHJ@$$$\BAEACGHJ-2,NetCap_SW2_BST2_S1_1,PIN,D_SW2_BST2.2,D_SW2_BST2,BAEACGHJ,$$$\BAEACGHJ-2,,,1,2,K,Passive,,,,,,,,,,2
C:\Users\nvt10241\Downloads\Sheet1.SchDoc,NET_MEMBER,NET_MEMBER@NetCap_SW2_BST2_S1_1@PIN@TDKGGJXR@$$$\TDKGGJXR-2,NetCap_SW2_BST2_S1_1,PIN,K44_Cap_SW2_BST2_S1S2.2,K44_Cap_SW2_BST2_S1S2,TDKGGJXR,$$$\TDKGGJXR-2,,,1,2,2,Passive,,,,,,,,,,2
C:\Users\nvt10241\Downloads\Sheet1.SchDoc,NET_MEMBER,NET_MEMBER@NetCap_SW2_BST2_S1_2@PORT@SW2_F_S1@Output,NetCap_SW2_BST2_S1_2,PORT,SW2_F_S1,,,,,,,,,Output,,,,,,,,,CONNECTED,SW2_F_S1
C:\Users\nvt10241\Downloads\Sheet1.SchDoc,NET_MEMBER,NET_MEMBER@NetCap_SW2_BST2_S1_2@PIN@SSAJPOSX@$$$\SSAJPOSX-2,NetCap_SW2_BST2_S1_2,PIN,Cap_SW2_BST2_S1.2,Cap_SW2_BST2_S1,SSAJPOSX,$$$\SSAJPOSX-2,,,1,2,2,Passive,,,,,,,,,,2
C:\Users\nvt10241\Downloads\Sheet1.SchDoc,NET_MEMBER,NET_MEMBER@NetCap_SW2_BST2_S1_2@PIN@BAEACGHJ@$$$\BAEACGHJ-1,NetCap_SW2_BST2_S1_2,PIN,D_SW2_BST2.1,D_SW2_BST2,BAEACGHJ,$$$\BAEACGHJ-1,,,1,1,A,Passive,,,,,,,,,,1
C:\Users\nvt10241\Downloads\Sheet1.SchDoc,NET_MEMBER,NET_MEMBER@NetCap_SW2_BST2_S1_2@PIN@HFFXAGTY@$$$\HFFXAGTY-5,NetCap_SW2_BST2_S1_2,PIN,K49_ACM_SW2_S1.5,K49_ACM_SW2_S1,HFFXAGTY,$$$\HFFXAGTY-5,,,2,5,5,Passive,,,,,,,,,,5
C:\Users\nvt10241\Downloads\Sheet1.SchDoc,NET_MEMBER,NET_MEMBER@NetCap_SW2_BST2_S1_2@PIN@ZCCEHOVH@$$$\ZCCEHOVH-4,NetCap_SW2_BST2_S1_2,PIN,K50_FOVI_SW2_S1.4,K50_FOVI_SW2_S1,ZCCEHOVH,$$$\ZCCEHOVH-4,,,1,4,4,Passive,,,,,,,,,,4
C:\Users\nvt10241\Downloads\Sheet1.SchDoc,NET_MEMBER,NET_MEMBER@NetCap_SW2_BST2_S1_2@PIN@VLRMMGFB@$$$\VLRMMGFB-1,NetCap_SW2_BST2_S1_2,PIN,R_SW2_KLV_S1.1,R_SW2_KLV_S1,VLRMMGFB,$$$\VLRMMGFB-1,,,1,1,1,Passive,,,,,,,,,,1
C:\Users\nvt10241\Downloads\Sheet1.SchDoc,NET_MEMBER,NET_MEMBER@NetCap_SW2_BST2_S1_2@PIN@VBIZIRYK@$$$\VBIZIRYK-1,NetCap_SW2_BST2_S1_2,PIN,TP_SW2_F_S1.1,TP_SW2_F_S1,VBIZIRYK,$$$\VBIZIRYK-1,,,1,1,1,Passive,,,,,,,,,,1
C:\Users\nvt10241\Downloads\Sheet1.SchDoc,NET_MEMBER,NET_MEMBER@NetCap_SW_BST_S1_1@PIN@VAPFCVCU@$$$\VAPFCVCU-1,NetCap_SW_BST_S1_1,PIN,Cap_SW_BST_S1.1,Cap_SW_BST_S1,VAPFCVCU,$$$\VAPFCVCU-1,,,1,1,1,Passive,,,,,,,,,,1
C:\Users\nvt10241\Downloads\Sheet1.SchDoc,NET_MEMBER,NET_MEMBER@NetCap_SW_BST_S1_1@PIN@BATIAZLR@$$$\BATIAZLR-2,NetCap_SW_BST_S1_1,PIN,D_BST_SW_S1.2,D_BST_SW_S1,BATIAZLR,$$$\BATIAZLR-2,,,1,2,K,Passive,,,,,,,,,,2
C:\Users\nvt10241\Downloads\Sheet1.SchDoc,NET_MEMBER,NET_MEMBER@NetCap_SW_BST_S1_1@PIN@HBADQXHD@$$$\HBADQXHD-2,NetCap_SW_BST_S1_1,PIN,K57_CAP_BST_SW_S1S2.2,K57_CAP_BST_SW_S1S2,HBADQXHD,$$$\HBADQXHD-2,,,1,2,2,Passive,,,,,,,,,,2
C:\Users\nvt10241\Downloads\Sheet1.SchDoc,NET_MEMBER,NET_MEMBER@NetEEPROM_5@PORT@S34_I2CSDA@I/O,NetEEPROM_5,PORT,S34_I2CSDA,,,,,,,,,I/O,,,,,,,,,CONNECTED,S34_I2CSDA
C:\Users\nvt10241\Downloads\Sheet1.SchDoc,NET_MEMBER,NET_MEMBER@NetEEPROM_5@PIN@UGOLPSRX@$$$\UGOLPSRX-5,NetEEPROM_5,PIN,EEPROM.5,EEPROM,UGOLPSRX,$$$\UGOLPSRX-5,,,1,5,SDA,Passive,,,,,,,,,,5
C:\Users\nvt10241\Downloads\Sheet1.SchDoc,NET_MEMBER,NET_MEMBER@NetEEPROM_5@PIN@RCJILLFD@$$$\RCJILLFD-2,NetEEPROM_5,PIN,R2E.2,R2E,RCJILLFD,$$$\RCJILLFD-2,,,1,2,2,Passive,,,,,,,,,,2
C:\Users\nvt10241\Downloads\Sheet1.SchDoc,NET_MEMBER,NET_MEMBER@NetEEPROM_6@PORT@S34_I2CSCL@I/O,NetEEPROM_6,PORT,S34_I2CSCL,,,,,,,,,I/O,,,,,,,,,CONNECTED,S34_I2CSCL
C:\Users\nvt10241\Downloads\Sheet1.SchDoc,NET_MEMBER,NET_MEMBER@NetEEPROM_6@PIN@UGOLPSRX@$$$\UGOLPSRX-6,NetEEPROM_6,PIN,EEPROM.6,EEPROM,UGOLPSRX,$$$\UGOLPSRX-6,,,1,6,SCL,Passive,,,,,,,,,,6
C:\Users\nvt10241\Downloads\Sheet1.SchDoc,NET_MEMBER,NET_MEMBER@NetEEPROM_6@PIN@TOJXMBIH@$$$\TOJXMBIH-2,NetEEPROM_6,PIN,R1E.2,R1E,TOJXMBIH,$$$\TOJXMBIH-2,,,1,2,2,Passive,,,,,,,,,,2
C:\Users\nvt10241\Downloads\Sheet1.SchDoc,NET_MEMBER,NET_MEMBER@NetK0_VCC_Cap_S1S2_2@PIN@BVNWHFED@$$$\BVNWHFED-2,NetK0_VCC_Cap_S1S2_2,PIN,K0_VCC_Cap_S1S2.2,K0_VCC_Cap_S1S2,BVNWHFED,$$$\BVNWHFED-2,,,1,2,2,Passive,,,,,,,,,,2
C:\Users\nvt10241\Downloads\Sheet1.SchDoc,NET_MEMBER,NET_MEMBER@NetK0_VCC_Cap_S1S2_2@PIN@UAEUOJEG@$$$\UAEUOJEG-1,NetK0_VCC_Cap_S1S2_2,PIN,R_VCC_S1.1,R_VCC_S1,UAEUOJEG,$$$\UAEUOJEG-1,,,1,1,1,Passive,,,,,,,,,,1
C:\Users\nvt10241\Downloads\Sheet1.SchDoc,NET_MEMBER,NET_MEMBER@NetK2_BUF_S1S2_3@PIN@LYVOHGKX@$$$\LYVOHGKX-3,NetK2_BUF_S1S2_3,PIN,K2_BUF_S1S2.3,K2_BUF_S1S2,LYVOHGKX,$$$\LYVOHGKX-3,,,1,3,3,Passive,,,,,,,,,,3
C:\Users\nvt10241\Downloads\Sheet1.SchDoc,NET_MEMBER,NET_MEMBER@NetK2_BUF_S1S2_3@PIN@DJUKEAEC@$$$\DJUKEAEC--IN,NetK2_BUF_S1S2_3,PIN,U3_S1.-IN,U3_S1,DJUKEAEC,$$$\DJUKEAEC--IN,,,1,#NAME?,4,Passive,,,,,,,,,,#NAME?
C:\Users\nvt10241\Downloads\Sheet1.SchDoc,NET_MEMBER,NET_MEMBER@NetK2_BUF_S1S2_3@PIN@DJUKEAEC@$$$\DJUKEAEC-OUT,NetK2_BUF_S1S2_3,PIN,U3_S1.OUT,U3_S1,DJUKEAEC,$$$\DJUKEAEC-OUT,,,1,OUT,1,Passive,,,,,,,,,,OUT
C:\Users\nvt10241\Downloads\Sheet1.SchDoc,NET_MEMBER,NET_MEMBER@NetK3_BUSL_VBUS_S1_2@PIN@KNLEOGFJ@$$$\KNLEOGFJ-2,NetK3_BUSL_VBUS_S1_2,PIN,K3_BUSL_VBUS_S1.2,K3_BUSL_VBUS_S1,KNLEOGFJ,$$$\KNLEOGFJ-2,,,1,2,2,Passive,,,,,,,,,,2
C:\Users\nvt10241\Downloads\Sheet1.SchDoc,NET_MEMBER,NET_MEMBER@NetK3_BUSL_VBUS_S1_4@PORT@S5_ACM200_FH10@I/O,NetK3_BUSL_VBUS_S1_4,PORT,S5_ACM200_FH10,,,,,,,,,I/O,,,,,,,,,CONNECTED,S5_ACM200_FH10
C:\Users\nvt10241\Downloads\Sheet1.SchDoc,NET_MEMBER,NET_MEMBER@NetK3_BUSL_VBUS_S1_4@PIN@KNLEOGFJ@$$$\KNLEOGFJ-4,NetK3_BUSL_VBUS_S1_4,PIN,K3_BUSL_VBUS_S1.4,K3_BUSL_VBUS_S1,KNLEOGFJ,$$$\KNLEOGFJ-4,,,1,4,4,Passive,,,,,,,,,,4
C:\Users\nvt10241\Downloads\Sheet1.SchDoc,NET_MEMBER,NET_MEMBER@NetK3_BUSL_VBUS_S1_4@PIN@TFLVIRPB@$$$\TFLVIRPB-6,NetK3_BUSL_VBUS_S1_4,PIN,K4_DRVH1_S1.6,K4_DRVH1_S1,TFLVIRPB,$$$\TFLVIRPB-6,,,2,6,6,Passive,,,,,,,,,,6
C:\Users\nvt10241\Downloads\Sheet1.SchDoc,NET_MEMBER,NET_MEMBER@NetK3_BUSL_VBUS_S1_5@PORT@S5_ACM200_SH10@I/O,NetK3_BUSL_VBUS_S1_5,PORT,S5_ACM200_SH10,,,,,,,,,I/O,,,,,,,,,CONNECTED,S5_ACM200_SH10
C:\Users\nvt10241\Downloads\Sheet1.SchDoc,NET_MEMBER,NET_MEMBER@NetK3_BUSL_VBUS_S1_5@PIN@LTHQDGQH@$$$\LTHQDGQH-5,NetK3_BUSL_VBUS_S1_5,PIN,K3_BUSL_VBUS_S1.5,K3_BUSL_VBUS_S1,LTHQDGQH,$$$\LTHQDGQH-5,,,2,5,5,Passive,,,,,,,,,,5
C:\Users\nvt10241\Downloads\Sheet1.SchDoc,NET_MEMBER,NET_MEMBER@NetK3_BUSL_VBUS_S1_5@PIN@UVOUYJGU@$$$\UVOUYJGU-3,NetK3_BUSL_VBUS_S1_5,PIN,K4_DRVH1_S1.3,K4_DRVH1_S1,UVOUYJGU,$$$\UVOUYJGU-3,,,1,3,3,Passive,,,,,,,,,,3
C:\Users\nvt10241\Downloads\Sheet1.SchDoc,NET_MEMBER,NET_MEMBER@NetK3_BUSL_VBUS_S1_7@PIN@LTHQDGQH@$$$\LTHQDGQH-7,NetK3_BUSL_VBUS_S1_7,PIN,K3_BUSL_VBUS_S1.7,K3_BUSL_VBUS_S1,LTHQDGQH,$$$\LTHQDGQH-7,,,2,7,7,Passive,,,,,,,,,,7
C:\Users\nvt10241\Downloads\Sheet1.SchDoc,NET_MEMBER,NET_MEMBER@NetK4_DRVH1_S1_2@PORT@VBUS_S_S1@Output,NetK4_DRVH1_S1_2,PORT,VBUS_S_S1,,,,,,,,,Output,,,,,,,,,CONNECTED,VBUS_S_S1
C:\Users\nvt10241\Downloads\Sheet1.SchDoc,NET_MEMBER,NET_MEMBER@NetK4_DRVH1_S1_2@PIN@UVOUYJGU@$$$\UVOUYJGU-2,NetK4_DRVH1_S1_2,PIN,K4_DRVH1_S1.2,K4_DRVH1_S1,UVOUYJGU,$$$\UVOUYJGU-2,,,1,2,2,Passive,,,,,,,,,,2
C:\Users\nvt10241\Downloads\Sheet1.SchDoc,NET_MEMBER,NET_MEMBER@NetK4_DRVH1_S1_2@PIN@PJZVPKLA@$$$\PJZVPKLA-2,NetK4_DRVH1_S1_2,PIN,R_VBUS_KLV_S1.2,R_VBUS_KLV_S1,PJZVPKLA,$$$\PJZVPKLA-2,,,1,2,2,Passive,,,,,,,,,,2
C:\Users\nvt10241\Downloads\Sheet1.SchDoc,NET_MEMBER,NET_MEMBER@NetK4_DRVH1_S1_2@PIN@VZSCPRKA@$$$\VZSCPRKA-1,NetK4_DRVH1_S1_2,PIN,TP_VBUS_S_S1.1,TP_VBUS_S_S1,VZSCPRKA,$$$\VZSCPRKA-1,,,1,1,1,Passive,,,,,,,,,,1
C:\Users\nvt10241\Downloads\Sheet1.SchDoc,NET_MEMBER,NET_MEMBER@NetK4_DRVH1_S1_4@PORT@DRVH1_S_S1@Output,NetK4_DRVH1_S1_4,PORT,DRVH1_S_S1,,,,,,,,,Output,,,,,,,,,CONNECTED,DRVH1_S_S1
C:\Users\nvt10241\Downloads\Sheet1.SchDoc,NET_MEMBER,NET_MEMBER@NetK4_DRVH1_S1_4@PIN@UVOUYJGU@$$$\UVOUYJGU-4,NetK4_DRVH1_S1_4,PIN,K4_DRVH1_S1.4,K4_DRVH1_S1,UVOUYJGU,$$$\UVOUYJGU-4,,,1,4,4,Passive,,,,,,,,,,4
C:\Users\nvt10241\Downloads\Sheet1.SchDoc,NET_MEMBER,NET_MEMBER@NetK4_DRVH1_S1_4@PIN@ZGQRRDKE@$$$\ZGQRRDKE-2,NetK4_DRVH1_S1_4,PIN,R_DRVH1_S1.2,R_DRVH1_S1,ZGQRRDKE,$$$\ZGQRRDKE-2,,,1,2,2,Passive,,,,,,,,,,2
C:\Users\nvt10241\Downloads\Sheet1.SchDoc,NET_MEMBER,NET_MEMBER@NetK4_DRVH1_S1_4@PIN@IOTCDZEY@$$$\IOTCDZEY-1,NetK4_DRVH1_S1_4,PIN,TP_DRVH1_S_S1.1,TP_DRVH1_S_S1,IOTCDZEY,$$$\IOTCDZEY-1,,,1,1,1,Passive,,,,,,,,,,1
C:\Users\nvt10241\Downloads\Sheet1.SchDoc,NET_MEMBER,NET_MEMBER@NetK4_DRVH1_S1_5@PORT@DRVH1_F_S1@Output,NetK4_DRVH1_S1_5,PORT,DRVH1_F_S1,,,,,,,,,Output,,,,,,,,,CONNECTED,DRVH1_F_S1
C:\Users\nvt10241\Downloads\Sheet1.SchDoc,NET_MEMBER,NET_MEMBER@NetK4_DRVH1_S1_5@PIN@TFLVIRPB@$$$\TFLVIRPB-5,NetK4_DRVH1_S1_5,PIN,K4_DRVH1_S1.5,K4_DRVH1_S1,TFLVIRPB,$$$\TFLVIRPB-5,,,2,5,5,Passive,,,,,,,,,,5
C:\Users\nvt10241\Downloads\Sheet1.SchDoc,NET_MEMBER,NET_MEMBER@NetK4_DRVH1_S1_5@PIN@ZGQRRDKE@$$$\ZGQRRDKE-1,NetK4_DRVH1_S1_5,PIN,R_DRVH1_S1.1,R_DRVH1_S1,ZGQRRDKE,$$$\ZGQRRDKE-1,,,1,1,1,Passive,,,,,,,,,,1
C:\Users\nvt10241\Downloads\Sheet1.SchDoc,NET_MEMBER,NET_MEMBER@NetK4_DRVH1_S1_5@PIN@GHYAEIMV@$$$\GHYAEIMV-1,NetK4_DRVH1_S1_5,PIN,TP_DRVH1_F_S1.1,TP_DRVH1_F_S1,GHYAEIMV,$$$\GHYAEIMV-1,,,1,1,1,Passive,,,,,,,,,,1
C:\Users\nvt10241\Downloads\Sheet1.SchDoc,NET_MEMBER,NET_MEMBER@NetK5_VBUS_Cap_S1S2_2@PIN@YCNIHMYR@$$$\YCNIHMYR-2,NetK5_VBUS_Cap_S1S2_2,PIN,K5_VBUS_Cap_S1S2.2,K5_VBUS_Cap_S1S2,YCNIHMYR,$$$\YCNIHMYR-2,,,1,2,2,Passive,,,,,,,,,,2
C:\Users\nvt10241\Downloads\Sheet1.SchDoc,NET_MEMBER,NET_MEMBER@NetK5_VBUS_Cap_S1S2_2@PIN@FIMKPKWR@$$$\FIMKPKWR-1,NetK5_VBUS_Cap_S1S2_2,PIN,R_VBUS_S1.1,R_VBUS_S1,FIMKPKWR,$$$\FIMKPKWR-1,,,1,1,1,Passive,,,,,,,,,,1
C:\Users\nvt10241\Downloads\Sheet1.SchDoc,NET_MEMBER,NET_MEMBER@NetK6_VBUS_LP_S1_1@PIN@XREEBNIS@$$$\XREEBNIS-1,NetK6_VBUS_LP_S1_1,PIN,K6_VBUS_LP_S1.1,K6_VBUS_LP_S1,XREEBNIS,$$$\XREEBNIS-1,,,1,1,COMMON,Passive,,,,,,,,,,1
C:\Users\nvt10241\Downloads\Sheet1.SchDoc,NET_MEMBER,NET_MEMBER@NetK6_VBUS_LP_S1_1@PIN@JUHPKNMN@$$$\JUHPKNMN-2,NetK6_VBUS_LP_S1_1,PIN,R3_S1.2,R3_S1,JUHPKNMN,$$$\JUHPKNMN-2,,,1,2,2,Passive,,,,,,,,,,2
C:\Users\nvt10241\Downloads\Sheet1.SchDoc,NET_MEMBER,NET_MEMBER@NetK7_BUSH_VBAT_S1_2@PIN@INOQZELH@$$$\INOQZELH-2,NetK7_BUSH_VBAT_S1_2,PIN,K7_BUSH_VBAT_S1.2,K7_BUSH_VBAT_S1,INOQZELH,$$$\INOQZELH-2,,,1,2,2,Passive,,,,,,,,,,2
C:\Users\nvt10241\Downloads\Sheet1.SchDoc,NET_MEMBER,NET_MEMBER@NetK7_BUSH_VBAT_S1_4@PORT@S3_FXVIe_PLUS_FH5@I/O,NetK7_BUSH_VBAT_S1_4,PORT,S3_FXVIe_PLUS_FH5,,,,,,,,,I/O,,,,,,,,,CONNECTED,S3_FXVIe_PLUS_FH5
C:\Users\nvt10241\Downloads\Sheet1.SchDoc,NET_MEMBER,NET_MEMBER@NetK7_BUSH_VBAT_S1_4@PIN@INOQZELH@$$$\INOQZELH-4,NetK7_BUSH_VBAT_S1_4,PIN,K7_BUSH_VBAT_S1.4,K7_BUSH_VBAT_S1,INOQZELH,$$$\INOQZELH-4,,,1,4,4,Passive,,,,,,,,,,4
C:\Users\nvt10241\Downloads\Sheet1.SchDoc,NET_MEMBER,NET_MEMBER@NetK7_BUSH_VBAT_S1_4@PIN@AXHNBXXX@$$$\AXHNBXXX-6,NetK7_BUSH_VBAT_S1_4,PIN,K8_PD3_S1.6,K8_PD3_S1,AXHNBXXX,$$$\AXHNBXXX-6,,,2,6,6,Passive,,,,,,,,,,6
C:\Users\nvt10241\Downloads\Sheet1.SchDoc,NET_MEMBER,NET_MEMBER@NetK7_BUSH_VBAT_S1_5@PORT@S3_FXVIe_PLUS_SH5@I/O,NetK7_BUSH_VBAT_S1_5,PORT,S3_FXVIe_PLUS_SH5,,,,,,,,,I/O,,,,,,,,,CONNECTED,S3_FXVIe_PLUS_SH5
C:\Users\nvt10241\Downloads\Sheet1.SchDoc,NET_MEMBER,NET_MEMBER@NetK7_BUSH_VBAT_S1_5@PIN@CRCZIBLJ@$$$\CRCZIBLJ-5,NetK7_BUSH_VBAT_S1_5,PIN,K7_BUSH_VBAT_S1.5,K7_BUSH_VBAT_S1,CRCZIBLJ,$$$\CRCZIBLJ-5,,,2,5,5,Passive,,,,,,,,,,5
C:\Users\nvt10241\Downloads\Sheet1.SchDoc,NET_MEMBER,NET_MEMBER@NetK7_BUSH_VBAT_S1_5@PIN@DGXEHIZL@$$$\DGXEHIZL-3,NetK7_BUSH_VBAT_S1_5,PIN,K8_PD3_S1.3,K8_PD3_S1,DGXEHIZL,$$$\DGXEHIZL-3,,,1,3,3,Passive,,,,,,,,,,3
C:\Users\nvt10241\Downloads\Sheet1.SchDoc,NET_MEMBER,NET_MEMBER@NetK7_BUSH_VBAT_S1_7@PIN@CRCZIBLJ@$$$\CRCZIBLJ-7,NetK7_BUSH_VBAT_S1_7,PIN,K7_BUSH_VBAT_S1.7,K7_BUSH_VBAT_S1,CRCZIBLJ,$$$\CRCZIBLJ-7,,,2,7,7,Passive,,,,,,,,,,7
C:\Users\nvt10241\Downloads\Sheet1.SchDoc,NET_MEMBER,NET_MEMBER@NetK8_PD3_S1_2@PORT@VBAT_S_S1@Output,NetK8_PD3_S1_2,PORT,VBAT_S_S1,,,,,,,,,Output,,,,,,,,,CONNECTED,VBAT_S_S1
C:\Users\nvt10241\Downloads\Sheet1.SchDoc,NET_MEMBER,NET_MEMBER@NetK8_PD3_S1_2@PIN@DGXEHIZL@$$$\DGXEHIZL-2,NetK8_PD3_S1_2,PIN,K8_PD3_S1.2,K8_PD3_S1,DGXEHIZL,$$$\DGXEHIZL-2,,,1,2,2,Passive,,,,,,,,,,2
C:\Users\nvt10241\Downloads\Sheet1.SchDoc,NET_MEMBER,NET_MEMBER@NetK8_PD3_S1_2@PIN@GCHYZYIU@$$$\GCHYZYIU-2,NetK8_PD3_S1_2,PIN,R_VBAT_KLV_S1.2,R_VBAT_KLV_S1,GCHYZYIU,$$$\GCHYZYIU-2,,,1,2,2,Passive,,,,,,,,,,2
C:\Users\nvt10241\Downloads\Sheet1.SchDoc,NET_MEMBER,NET_MEMBER@NetK8_PD3_S1_2@PIN@TDMEFVPA@$$$\TDMEFVPA-1,NetK8_PD3_S1_2,PIN,TP_VBAT_S_S1.1,TP_VBAT_S_S1,TDMEFVPA,$$$\TDMEFVPA-1,,,1,1,1,Passive,,,,,,,,,,1
C:\Users\nvt10241\Downloads\Sheet1.SchDoc,NET_MEMBER,NET_MEMBER@NetK8_PD3_S1_4@PORT@PD3_S_S1@Output,NetK8_PD3_S1_4,PORT,PD3_S_S1,,,,,,,,,Output,,,,,,,,,CONNECTED,PD3_S_S1
C:\Users\nvt10241\Downloads\Sheet1.SchDoc,NET_MEMBER,NET_MEMBER@NetK8_PD3_S1_4@PIN@DGXEHIZL@$$$\DGXEHIZL-4,NetK8_PD3_S1_4,PIN,K8_PD3_S1.4,K8_PD3_S1,DGXEHIZL,$$$\DGXEHIZL-4,,,1,4,4,Passive,,,,,,,,,,4
C:\Users\nvt10241\Downloads\Sheet1.SchDoc,NET_MEMBER,NET_MEMBER@NetK8_PD3_S1_4@PIN@MAZEPEKB@$$$\MAZEPEKB-2,NetK8_PD3_S1_4,PIN,R_PD3_S1.2,R_PD3_S1,MAZEPEKB,$$$\MAZEPEKB-2,,,1,2,2,Passive,,,,,,,,,,2
C:\Users\nvt10241\Downloads\Sheet1.SchDoc,NET_MEMBER,NET_MEMBER@NetK8_PD3_S1_4@PIN@FXROZFJE@$$$\FXROZFJE-1,NetK8_PD3_S1_4,PIN,TP_PD3_S_S1.1,TP_PD3_S_S1,FXROZFJE,$$$\FXROZFJE-1,,,1,1,1,Passive,,,,,,,,,,1
C:\Users\nvt10241\Downloads\Sheet1.SchDoc,NET_MEMBER,NET_MEMBER@NetK8_PD3_S1_5@PORT@PD3_F_S1@Output,NetK8_PD3_S1_5,PORT,PD3_F_S1,,,,,,,,,Output,,,,,,,,,CONNECTED,PD3_F_S1
C:\Users\nvt10241\Downloads\Sheet1.SchDoc,NET_MEMBER,NET_MEMBER@NetK8_PD3_S1_5@PIN@AXHNBXXX@$$$\AXHNBXXX-5,NetK8_PD3_S1_5,PIN,K8_PD3_S1.5,K8_PD3_S1,AXHNBXXX,$$$\AXHNBXXX-5,,,2,5,5,Passive,,,,,,,,,,5
C:\Users\nvt10241\Downloads\Sheet1.SchDoc,NET_MEMBER,NET_MEMBER@NetK8_PD3_S1_5@PIN@MAZEPEKB@$$$\MAZEPEKB-1,NetK8_PD3_S1_5,PIN,R_PD3_S1.1,R_PD3_S1,MAZEPEKB,$$$\MAZEPEKB-1,,,1,1,1,Passive,,,,,,,,,,1
C:\Users\nvt10241\Downloads\Sheet1.SchDoc,NET_MEMBER,NET_MEMBER@NetK8_PD3_S1_5@PIN@RHKAHWDA@$$$\RHKAHWDA-1,NetK8_PD3_S1_5,PIN,TP_PD3_F_S1.1,TP_PD3_F_S1,RHKAHWDA,$$$\RHKAHWDA-1,,,1,1,1,Passive,,,,,,,,,,1
C:\Users\nvt10241\Downloads\Sheet1.SchDoc,NET_MEMBER,NET_MEMBER@NetK1_COMP_AMP_S1_1@PORT@COMP_F_S1@Output,NetK1_COMP_AMP_S1_1,PORT,COMP_F_S1,,,,,,,,,Output,,,,,,,,,CONNECTED,COMP_F_S1
C:\Users\nvt10241\Downloads\Sheet1.SchDoc,NET_MEMBER,NET_MEMBER@NetK1_COMP_AMP_S1_1@PIN@LQBALCNU@$$$\LQBALCNU-1,NetK1_COMP_AMP_S1_1,PIN,K1_COMP_AMP_S1.1,K1_COMP_AMP_S1,LQBALCNU,$$$\LQBALCNU-1,,,1,1,COMMON,Passive,,,,,,,,,,1
C:\Users\nvt10241\Downloads\Sheet1.SchDoc,NET_MEMBER,NET_MEMBER@NetK1_COMP_AMP_S1_1@PIN@QTGYSHHH@$$$\QTGYSHHH-2,NetK1_COMP_AMP_S1_1,PIN,K9_COMP_SVLP1_S1.2,K9_COMP_SVLP1_S1,QTGYSHHH,$$$\QTGYSHHH-2,,,1,2,NO,Passive,,,,,,,,,,2
C:\Users\nvt10241\Downloads\Sheet1.SchDoc,NET_MEMBER,NET_MEMBER@NetK1_COMP_AMP_S1_1@PIN@KKDOXZLI@$$$\KKDOXZLI-2,NetK1_COMP_AMP_S1_1,PIN,K10_COMP_SVLP2_S1.2,K10_COMP_SVLP2_S1,KKDOXZLI,$$$\KKDOXZLI-2,,,1,2,NO,Passive,,,,,,,,,,2
C:\Users\nvt10241\Downloads\Sheet1.SchDoc,NET_MEMBER,NET_MEMBER@NetK1_COMP_AMP_S1_1@PIN@GGHCTHYD@$$$\GGHCTHYD-5,NetK1_COMP_AMP_S1_1,PIN,K157_COMP_S1.5,K157_COMP_S1,GGHCTHYD,$$$\GGHCTHYD-5,,,2,5,5,Passive,,,,,,,,,,5
C:\Users\nvt10241\Downloads\Sheet1.SchDoc,NET_MEMBER,NET_MEMBER@NetK1_COMP_AMP_S1_1@PIN@ZRYRKYAG@$$$\ZRYRKYAG-1,NetK1_COMP_AMP_S1_1,PIN,R_COMP_S1.1,R_COMP_S1,ZRYRKYAG,$$$\ZRYRKYAG-1,,,1,1,1,Passive,,,,,,,,,,1
C:\Users\nvt10241\Downloads\Sheet1.SchDoc,NET_MEMBER,NET_MEMBER@NetK1_COMP_AMP_S1_1@PIN@CPGNJIFT@$$$\CPGNJIFT-1,NetK1_COMP_AMP_S1_1,PIN,TP_COMP_F_S1.1,TP_COMP_F_S1,CPGNJIFT,$$$\CPGNJIFT-1,,,1,1,1,Passive,,,,,,,,,,1
C:\Users\nvt10241\Downloads\Sheet1.SchDoc,NET_MEMBER,NET_MEMBER@NetK11_VBUS_SVLP_S1_1@PIN@XCYXTHPP@$$$\XCYXTHPP-1,NetK11_VBUS_SVLP_S1_1,PIN,K11_VBUS_SVLP_S1.1,K11_VBUS_SVLP_S1,XCYXTHPP,$$$\XCYXTHPP-1,,,1,1,COMMON,Passive,,,,,,,,,,1
C:\Users\nvt10241\Downloads\Sheet1.SchDoc,NET_MEMBER,NET_MEMBER@NetK11_VBUS_SVLP_S1_1@PIN@GSMFUVDD@$$$\GSMFUVDD-1,NetK11_VBUS_SVLP_S1_1,PIN,K12_VBAT_SVLP_S1.1,K12_VBAT_SVLP_S1,GSMFUVDD,$$$\GSMFUVDD-1,,,1,1,COMMON,Passive,,,,,,,,,,1
C:\Users\nvt10241\Downloads\Sheet1.SchDoc,NET_MEMBER,NET_MEMBER@NetK11_VBUS_SVLP_S1_1@PIN@TMRFODOD@$$$\TMRFODOD-2,NetK11_VBUS_SVLP_S1_1,PIN,R6_S1.2,R6_S1,TMRFODOD,$$$\TMRFODOD-2,,,1,2,2,Passive,,,,,,,,,,2
C:\Users\nvt10241\Downloads\Sheet1.SchDoc,NET_MEMBER,NET_MEMBER@NetCap1_VBUS_S1_1@PORT@VBUS_F_S1@Output,NetCap1_VBUS_S1_1,PORT,VBUS_F_S1,,,,,,,,,Output,,,,,,,,,CONNECTED,VBUS_F_S1
C:\Users\nvt10241\Downloads\Sheet1.SchDoc,NET_MEMBER,NET_MEMBER@NetCap1_VBUS_S1_1@PIN@GKHUMKGG@$$$\GKHUMKGG-1,NetCap1_VBUS_S1_1,PIN,Cap1_VBUS_S1.1,Cap1_VBUS_S1,GKHUMKGG,$$$\GKHUMKGG-1,,,1,1,1,Passive,,,,,,,,,,1
C:\Users\nvt10241\Downloads\Sheet1.SchDoc,NET_MEMBER,NET_MEMBER@NetCap1_VBUS_S1_1@PIN@TFLVIRPB@$$$\TFLVIRPB-7,NetCap1_VBUS_S1_1,PIN,K4_DRVH1_S1.7,K4_DRVH1_S1,TFLVIRPB,$$$\TFLVIRPB-7,,,2,7,7,Passive,,,,,,,,,,7
C:\Users\nvt10241\Downloads\Sheet1.SchDoc,NET_MEMBER,NET_MEMBER@NetCap1_VBUS_S1_1@PIN@YCNIHMYR@$$$\YCNIHMYR-4,NetCap1_VBUS_S1_1,PIN,K5_VBUS_Cap_S1S2.4,K5_VBUS_Cap_S1S2,YCNIHMYR,$$$\YCNIHMYR-4,,,1,4,4,Passive,,,,,,,,,,4
C:\Users\nvt10241\Downloads\Sheet1.SchDoc,NET_MEMBER,NET_MEMBER@NetCap1_VBUS_S1_1@PIN@XREEBNIS@$$$\XREEBNIS-2,NetCap1_VBUS_S1_1,PIN,K6_VBUS_LP_S1.2,K6_VBUS_LP_S1,XREEBNIS,$$$\XREEBNIS-2,,,1,2,NO,Passive,,,,,,,,,,2
C:\Users\nvt10241\Downloads\Sheet1.SchDoc,NET_MEMBER,NET_MEMBER@NetCap1_VBUS_S1_1@PIN@XCYXTHPP@$$$\XCYXTHPP-2,NetCap1_VBUS_S1_1,PIN,K11_VBUS_SVLP_S1.2,K11_VBUS_SVLP_S1,XCYXTHPP,$$$\XCYXTHPP-2,,,1,2,NO,Passive,,,,,,,,,,2
C:\Users\nvt10241\Downloads\Sheet1.SchDoc,NET_MEMBER,NET_MEMBER@NetCap1_VBUS_S1_1@PIN@PJZVPKLA@$$$\PJZVPKLA-1,NetCap1_VBUS_S1_1,PIN,R_VBUS_KLV_S1.1,R_VBUS_KLV_S1,PJZVPKLA,$$$\PJZVPKLA-1,,,1,1,1,Passive,,,,,,,,,,1
C:\Users\nvt10241\Downloads\Sheet1.SchDoc,NET_MEMBER,NET_MEMBER@NetCap1_VBUS_S1_1@PIN@XUJKGRMW@$$$\XUJKGRMW-1,NetCap1_VBUS_S1_1,PIN,TP_VBUS_F_S1.1,TP_VBUS_F_S1,XUJKGRMW,$$$\XUJKGRMW-1,,,1,1,1,Passive,,,,,,,,,,1
C:\Users\nvt10241\Downloads\Sheet1.SchDoc,NET_MEMBER,NET_MEMBER@NetK13_VBAT_Cap_S1S2_2@PIN@QWYJDFEA@$$$\QWYJDFEA-2,NetK13_VBAT_Cap_S1S2_2,PIN,K13_VBAT_Cap_S1S2.2,K13_VBAT_Cap_S1S2,QWYJDFEA,$$$\QWYJDFEA-2,,,1,2,2,Passive,,,,,,,,,,2
C:\Users\nvt10241\Downloads\Sheet1.SchDoc,NET_MEMBER,NET_MEMBER@NetK13_VBAT_Cap_S1S2_2@PIN@VEKPMBWA@$$$\VEKPMBWA-1,NetK13_VBAT_Cap_S1S2_2,PIN,R_VBAT_S1.1,R_VBAT_S1,VEKPMBWA,$$$\VEKPMBWA-1,,,1,1,1,Passive,,,,,,,,,,1
C:\Users\nvt10241\Downloads\Sheet1.SchDoc,NET_MEMBER,NET_MEMBER@NetK17_BUSL_VAC_S1_2@PIN@JOKIMDFU@$$$\JOKIMDFU-2,NetK17_BUSL_VAC_S1_2,PIN,K17_BUSL_VAC_S1.2,K17_BUSL_VAC_S1,JOKIMDFU,$$$\JOKIMDFU-2,,,1,2,2,Passive,,,,,,,,,,2
C:\Users\nvt10241\Downloads\Sheet1.SchDoc,NET_MEMBER,NET_MEMBER@NetK17_BUSL_VAC_S1_4@PORT@S5_ACM200_FH0@I/O,NetK17_BUSL_VAC_S1_4,PORT,S5_ACM200_FH0,,,,,,,,,I/O,,,,,,,,,CONNECTED,S5_ACM200_FH0
C:\Users\nvt10241\Downloads\Sheet1.SchDoc,NET_MEMBER,NET_MEMBER@NetK17_BUSL_VAC_S1_4@PIN@JOKIMDFU@$$$\JOKIMDFU-4,NetK17_BUSL_VAC_S1_4,PIN,K17_BUSL_VAC_S1.4,K17_BUSL_VAC_S1,JOKIMDFU,$$$\JOKIMDFU-4,,,1,4,4,Passive,,,,,,,,,,4
C:\Users\nvt10241\Downloads\Sheet1.SchDoc,NET_MEMBER,NET_MEMBER@NetK17_BUSL_VAC_S1_4@PIN@RGYJIHYB@$$$\RGYJIHYB-3,NetK17_BUSL_VAC_S1_4,PIN,K18_VAC3_S1.3,K18_VAC3_S1,RGYJIHYB,$$$\RGYJIHYB-3,,,1,3,3,Passive,,,,,,,,,,3
C:\Users\nvt10241\Downloads\Sheet1.SchDoc,NET_MEMBER,NET_MEMBER@NetK17_BUSL_VAC_S1_4@PIN@MIHMALWQ@$$$\MIHMALWQ-4,NetK17_BUSL_VAC_S1_4,PIN,K21_VAC_Cap_S1S2.4,K21_VAC_Cap_S1S2,MIHMALWQ,$$$\MIHMALWQ-4,,,1,4,4,Passive,,,,,,,,,,4
C:\Users\nvt10241\Downloads\Sheet1.SchDoc,NET_MEMBER,NET_MEMBER@NetK17_BUSL_VAC_S1_4@PIN@YNEDMCJI@$$$\YNEDMCJI-2,NetK17_BUSL_VAC_S1_4,PIN,R_VAC_FOS_S1.2,R_VAC_FOS_S1,YNEDMCJI,$$$\YNEDMCJI-2,,,1,2,2,Passive,,,,,,,,,,2
C:\Users\nvt10241\Downloads\Sheet1.SchDoc,NET_MEMBER,NET_MEMBER@NetK17_BUSL_VAC_S1_5@PORT@S5_ACM200_SH0@I/O,NetK17_BUSL_VAC_S1_5,PORT,S5_ACM200_SH0,,,,,,,,,I/O,,,,,,,,,CONNECTED,S5_ACM200_SH0
C:\Users\nvt10241\Downloads\Sheet1.SchDoc,NET_MEMBER,NET_MEMBER@NetK17_BUSL_VAC_S1_5@PIN@PFFATOCB@$$$\PFFATOCB-5,NetK17_BUSL_VAC_S1_5,PIN,K17_BUSL_VAC_S1.5,K17_BUSL_VAC_S1,PFFATOCB,$$$\PFFATOCB-5,,,2,5,5,Passive,,,,,,,,,,5
C:\Users\nvt10241\Downloads\Sheet1.SchDoc,NET_MEMBER,NET_MEMBER@NetK17_BUSL_VAC_S1_5@PIN@APLQRUJO@$$$\APLQRUJO-6,NetK17_BUSL_VAC_S1_5,PIN,K18_VAC3_S1.6,K18_VAC3_S1,APLQRUJO,$$$\APLQRUJO-6,,,2,6,6,Passive,,,,,,,,,,6
C:\Users\nvt10241\Downloads\Sheet1.SchDoc,NET_MEMBER,NET_MEMBER@NetK17_BUSL_VAC_S1_5@PIN@IMUSGFQL@$$$\IMUSGFQL-2,NetK17_BUSL_VAC_S1_5,PIN,R_VAC_SNS_S1.2,R_VAC_SNS_S1,IMUSGFQL,$$$\IMUSGFQL-2,,,1,2,2,Passive,,,,,,,,,,2
C:\Users\nvt10241\Downloads\Sheet1.SchDoc,NET_MEMBER,NET_MEMBER@NetK17_BUSL_VAC_S1_7@PIN@PFFATOCB@$$$\PFFATOCB-7,NetK17_BUSL_VAC_S1_7,PIN,K17_BUSL_VAC_S1.7,K17_BUSL_VAC_S1,PFFATOCB,$$$\PFFATOCB-7,,,2,7,7,Passive,,,,,,,,,,7
C:\Users\nvt10241\Downloads\Sheet1.SchDoc,NET_MEMBER,NET_MEMBER@NetK18_VAC3_S1_2@PIN@RGYJIHYB@$$$\RGYJIHYB-2,NetK18_VAC3_S1_2,PIN,K18_VAC3_S1.2,K18_VAC3_S1,RGYJIHYB,$$$\RGYJIHYB-2,,,1,2,2,Passive,,,,,,,,,,2
C:\Users\nvt10241\Downloads\Sheet1.SchDoc,NET_MEMBER,NET_MEMBER@NetK18_VAC3_S1_2@PIN@SDQHIMBX@$$$\SDQHIMBX-3,NetK18_VAC3_S1_2,PIN,K19_VAC2_S1.3,K19_VAC2_S1,SDQHIMBX,$$$\SDQHIMBX-3,,,1,3,3,Passive,,,,,,,,,,3
C:\Users\nvt10241\Downloads\Sheet1.SchDoc,NET_MEMBER,NET_MEMBER@NetK18_VAC3_S1_4@PIN@RGYJIHYB@$$$\RGYJIHYB-4,NetK18_VAC3_S1_4,PIN,K18_VAC3_S1.4,K18_VAC3_S1,RGYJIHYB,$$$\RGYJIHYB-4,,,1,4,4,Passive,,,,,,,,,,4
C:\Users\nvt10241\Downloads\Sheet1.SchDoc,NET_MEMBER,NET_MEMBER@NetK18_VAC3_S1_4@PIN@KJMWIKUX@$$$\KJMWIKUX-3,NetK18_VAC3_S1_4,PIN,K20_AMUX_S1.3,K20_AMUX_S1,KJMWIKUX,$$$\KJMWIKUX-3,,,1,3,3,Passive,,,,,,,,,,3
C:\Users\nvt10241\Downloads\Sheet1.SchDoc,NET_MEMBER,NET_MEMBER@NetK18_VAC3_S1_5@PIN@APLQRUJO@$$$\APLQRUJO-5,NetK18_VAC3_S1_5,PIN,K18_VAC3_S1.5,K18_VAC3_S1,APLQRUJO,$$$\APLQRUJO-5,,,2,5,5,Passive,,,,,,,,,,5
C:\Users\nvt10241\Downloads\Sheet1.SchDoc,NET_MEMBER,NET_MEMBER@NetK18_VAC3_S1_5@PIN@UQTROUXR@$$$\UQTROUXR-6,NetK18_VAC3_S1_5,PIN,K20_AMUX_S1.6,K20_AMUX_S1,UQTROUXR,$$$\UQTROUXR-6,,,2,6,6,Passive,,,,,,,,,,6
C:\Users\nvt10241\Downloads\Sheet1.SchDoc,NET_MEMBER,NET_MEMBER@NetK18_VAC3_S1_7@PIN@APLQRUJO@$$$\APLQRUJO-7,NetK18_VAC3_S1_7,PIN,K18_VAC3_S1.7,K18_VAC3_S1,APLQRUJO,$$$\APLQRUJO-7,,,2,7,7,Passive,,,,,,,,,,7
C:\Users\nvt10241\Downloads\Sheet1.SchDoc,NET_MEMBER,NET_MEMBER@NetK18_VAC3_S1_7@PIN@YLHONMVM@$$$\YLHONMVM-6,NetK18_VAC3_S1_7,PIN,K19_VAC2_S1.6,K19_VAC2_S1,YLHONMVM,$$$\YLHONMVM-6,,,2,6,6,Passive,,,,,,,,,,6
C:\Users\nvt10241\Downloads\Sheet1.SchDoc,NET_MEMBER,NET_MEMBER@NetK19_VAC2_S1_5@PORT@VAC2_S_S1@Output,NetK19_VAC2_S1_5,PORT,VAC2_S_S1,,,,,,,,,Output,,,,,,,,,CONNECTED,VAC2_S_S1
C:\Users\nvt10241\Downloads\Sheet1.SchDoc,NET_MEMBER,NET_MEMBER@NetK19_VAC2_S1_5@PIN@YLHONMVM@$$$\YLHONMVM-5,NetK19_VAC2_S1_5,PIN,K19_VAC2_S1.5,K19_VAC2_S1,YLHONMVM,$$$\YLHONMVM-5,,,2,5,5,Passive,,,,,,,,,,5
C:\Users\nvt10241\Downloads\Sheet1.SchDoc,NET_MEMBER,NET_MEMBER@NetK19_VAC2_S1_5@PIN@YTAQYKCE@$$$\YTAQYKCE-2,NetK19_VAC2_S1_5,PIN,R_VAC2_S1.2,R_VAC2_S1,YTAQYKCE,$$$\YTAQYKCE-2,,,1,2,2,Passive,,,,,,,,,,2
C:\Users\nvt10241\Downloads\Sheet1.SchDoc,NET_MEMBER,NET_MEMBER@NetK19_VAC2_S1_5@PIN@IGIQZXWQ@$$$\IGIQZXWQ-1,NetK19_VAC2_S1_5,PIN,TP_VAC2_S1.1,TP_VAC2_S1,IGIQZXWQ,$$$\IGIQZXWQ-1,,,1,1,1,Passive,,,,,,,,,,1
C:\Users\nvt10241\Downloads\Sheet1.SchDoc,NET_MEMBER,NET_MEMBER@NetK19_VAC2_S1_7@PORT@VAC1_S_S1@Output,NetK19_VAC2_S1_7,PORT,VAC1_S_S1,,,,,,,,,Output,,,,,,,,,CONNECTED,VAC1_S_S1
C:\Users\nvt10241\Downloads\Sheet1.SchDoc,NET_MEMBER,NET_MEMBER@NetK19_VAC2_S1_7@PIN@YLHONMVM@$$$\YLHONMVM-7,NetK19_VAC2_S1_7,PIN,K19_VAC2_S1.7,K19_VAC2_S1,YLHONMVM,$$$\YLHONMVM-7,,,2,7,7,Passive,,,,,,,,,,7
C:\Users\nvt10241\Downloads\Sheet1.SchDoc,NET_MEMBER,NET_MEMBER@NetK19_VAC2_S1_7@PIN@KEHIPPFH@$$$\KEHIPPFH-2,NetK19_VAC2_S1_7,PIN,R_VAC1_S1.2,R_VAC1_S1,KEHIPPFH,$$$\KEHIPPFH-2,,,1,2,2,Passive,,,,,,,,,,2
C:\Users\nvt10241\Downloads\Sheet1.SchDoc,NET_MEMBER,NET_MEMBER@NetK19_VAC2_S1_7@PIN@JKDXABHA@$$$\JKDXABHA-1,NetK19_VAC2_S1_7,PIN,TP_VAC1_S1.1,TP_VAC1_S1,JKDXABHA,$$$\JKDXABHA-1,,,1,1,1,Passive,,,,,,,,,,1
C:\Users\nvt10241\Downloads\Sheet1.SchDoc,NET_MEMBER,NET_MEMBER@NetK20_AMUX_S1_7@PORT@VAC3_S_S1@Output,NetK20_AMUX_S1_7,PORT,VAC3_S_S1,,,,,,,,,Output,,,,,,,,,CONNECTED,VAC3_S_S1
C:\Users\nvt10241\Downloads\Sheet1.SchDoc,NET_MEMBER,NET_MEMBER@NetK20_AMUX_S1_7@PIN@UQTROUXR@$$$\UQTROUXR-7,NetK20_AMUX_S1_7,PIN,K20_AMUX_S1.7,K20_AMUX_S1,UQTROUXR,$$$\UQTROUXR-7,,,2,7,7,Passive,,,,,,,,,,7
C:\Users\nvt10241\Downloads\Sheet1.SchDoc,NET_MEMBER,NET_MEMBER@NetK20_AMUX_S1_7@PIN@VUQWNFJS@$$$\VUQWNFJS-2,NetK20_AMUX_S1_7,PIN,R_VAC3_S1.2,R_VAC3_S1,VUQWNFJS,$$$\VUQWNFJS-2,,,1,2,2,Passive,,,,,,,,,,2
C:\Users\nvt10241\Downloads\Sheet1.SchDoc,NET_MEMBER,NET_MEMBER@NetK20_AMUX_S1_7@PIN@MIXVJZNQ@$$$\MIXVJZNQ-1,NetK20_AMUX_S1_7,PIN,TP_VAC3_S1.1,TP_VAC3_S1,MIXVJZNQ,$$$\MIXVJZNQ-1,,,1,1,1,Passive,,,,,,,,,,1
C:\Users\nvt10241\Downloads\Sheet1.SchDoc,NET_MEMBER,NET_MEMBER@NetK21_VAC_Cap_S1S2_2@PIN@MIHMALWQ@$$$\MIHMALWQ-2,NetK21_VAC_Cap_S1S2_2,PIN,K21_VAC_Cap_S1S2.2,K21_VAC_Cap_S1S2,MIHMALWQ,$$$\MIHMALWQ-2,,,1,2,2,Passive,,,,,,,,,,2
C:\Users\nvt10241\Downloads\Sheet1.SchDoc,NET_MEMBER,NET_MEMBER@NetK21_VAC_Cap_S1S2_2@PIN@VHTTJNZS@$$$\VHTTJNZS-1,NetK21_VAC_Cap_S1S2_2,PIN,R_VAC_S1.1,R_VAC_S1,VHTTJNZS,$$$\VHTTJNZS-1,,,1,1,1,Passive,,,,,,,,,,1
C:\Users\nvt10241\Downloads\Sheet1.SchDoc,NET_MEMBER,NET_MEMBER@NetK22_ACDRV1_F_S1_1@PORT@S5_ACM200_FH1@I/O,NetK22_ACDRV1_F_S1_1,PORT,S5_ACM200_FH1,,,,,,,,,I/O,,,,,,,,,CONNECTED,S5_ACM200_FH1
C:\Users\nvt10241\Downloads\Sheet1.SchDoc,NET_MEMBER,NET_MEMBER@NetK22_ACDRV1_F_S1_1@PIN@GHSTSBQP@$$$\GHSTSBQP-1,NetK22_ACDRV1_F_S1_1,PIN,K22_ACDRV1_F_S1.1,K22_ACDRV1_F_S1,GHSTSBQP,$$$\GHSTSBQP-1,,,1,1,COMMON,Passive,,,,,,,,,,1
C:\Users\nvt10241\Downloads\Sheet1.SchDoc,NET_MEMBER,NET_MEMBER@NetK22_ACDRV1_F_S1_1@PIN@ZATDNZDJ@$$$\ZATDNZDJ-1,NetK22_ACDRV1_F_S1_1,PIN,K23_ACDRV2_F_S1.1,K23_ACDRV2_F_S1,ZATDNZDJ,$$$\ZATDNZDJ-1,,,1,1,COMMON,Passive,,,,,,,,,,1
C:\Users\nvt10241\Downloads\Sheet1.SchDoc,NET_MEMBER,NET_MEMBER@NetK22_ACDRV1_F_S1_1@PIN@KKWCAZCH@$$$\KKWCAZCH-1,NetK22_ACDRV1_F_S1_1,PIN,K24_ACDRV3_F_S1.1,K24_ACDRV3_F_S1,KKWCAZCH,$$$\KKWCAZCH-1,,,1,1,COMMON,Passive,,,,,,,,,,1
C:\Users\nvt10241\Downloads\Sheet1.SchDoc,NET_MEMBER,NET_MEMBER@NetK22_ACDRV1_F_S1_1@PIN@MSGZDYAT@$$$\MSGZDYAT-1,NetK22_ACDRV1_F_S1_1,PIN,K25_VCC_F_S1.1,K25_VCC_F_S1,MSGZDYAT,$$$\MSGZDYAT-1,,,1,1,COMMON,Passive,,,,,,,,,,1
C:\Users\nvt10241\Downloads\Sheet1.SchDoc,NET_MEMBER,NET_MEMBER@NetK22_ACDRV1_F_S1_1@PIN@WXKNUSNE@$$$\WXKNUSNE-4,NetK22_ACDRV1_F_S1_1,PIN,K30_BUSH_ACDRV_S1.4,K30_BUSH_ACDRV_S1,WXKNUSNE,$$$\WXKNUSNE-4,,,1,4,4,Passive,,,,,,,,,,4
C:\Users\nvt10241\Downloads\Sheet1.SchDoc,NET_MEMBER,NET_MEMBER@NetK22_ACDRV1_F_S1_2@PORT@ACDRV1_F_S1@Output,NetK22_ACDRV1_F_S1_2,PORT,ACDRV1_F_S1,,,,,,,,,Output,,,,,,,,,CONNECTED,ACDRV1_F_S1
C:\Users\nvt10241\Downloads\Sheet1.SchDoc,NET_MEMBER,NET_MEMBER@NetK22_ACDRV1_F_S1_2@PIN@GHSTSBQP@$$$\GHSTSBQP-2,NetK22_ACDRV1_F_S1_2,PIN,K22_ACDRV1_F_S1.2,K22_ACDRV1_F_S1,GHSTSBQP,$$$\GHSTSBQP-2,,,1,2,NO,Passive,,,,,,,,,,2
C:\Users\nvt10241\Downloads\Sheet1.SchDoc,NET_MEMBER,NET_MEMBER@NetK22_ACDRV1_F_S1_2@PIN@XEOVXFMH@$$$\XEOVXFMH-1,NetK22_ACDRV1_F_S1_2,PIN,K26_ACDRV1_P2P_S1.1,K26_ACDRV1_P2P_S1,XEOVXFMH,$$$\XEOVXFMH-1,,,1,1,COMMON,Passive,,,,,,,,,,1
C:\Users\nvt10241\Downloads\Sheet1.SchDoc,NET_MEMBER,NET_MEMBER@NetK22_ACDRV1_F_S1_2@PIN@MCDYOGGF@$$$\MCDYOGGF-2,NetK22_ACDRV1_F_S1_2,PIN,R_ACDRV1_S1.2,R_ACDRV1_S1,MCDYOGGF,$$$\MCDYOGGF-2,,,1,2,2,Passive,,,,,,,,,,2
C:\Users\nvt10241\Downloads\Sheet1.SchDoc,NET_MEMBER,NET_MEMBER@NetK22_ACDRV1_F_S1_2@PIN@JRCAXHHA@$$$\JRCAXHHA-1,NetK22_ACDRV1_F_S1_2,PIN,TP_ACDRV1_F_S1.1,TP_ACDRV1_F_S1,JRCAXHHA,$$$\JRCAXHHA-1,,,1,1,1,Passive,,,,,,,,,,1
C:\Users\nvt10241\Downloads\Sheet1.SchDoc,NET_MEMBER,NET_MEMBER@NetK22_ACDRV1_S_S1_1@PORT@S5_ACM200_SH1@I/O,NetK22_ACDRV1_S_S1_1,PORT,S5_ACM200_SH1,,,,,,,,,I/O,,,,,,,,,CONNECTED,S5_ACM200_SH1
C:\Users\nvt10241\Downloads\Sheet1.SchDoc,NET_MEMBER,NET_MEMBER@NetK22_ACDRV1_S_S1_1@PIN@UUMDOICP@$$$\UUMDOICP-1,NetK22_ACDRV1_S_S1_1,PIN,K22_ACDRV1_S_S1.1,K22_ACDRV1_S_S1,UUMDOICP,$$$\UUMDOICP-1,,,1,1,COMMON,Passive,,,,,,,,,,1
C:\Users\nvt10241\Downloads\Sheet1.SchDoc,NET_MEMBER,NET_MEMBER@NetK22_ACDRV1_S_S1_1@PIN@DZAYRAEG@$$$\DZAYRAEG-1,NetK22_ACDRV1_S_S1_1,PIN,K23_ACDRV2_S_S1.1,K23_ACDRV2_S_S1,DZAYRAEG,$$$\DZAYRAEG-1,,,1,1,COMMON,Passive,,,,,,,,,,1
C:\Users\nvt10241\Downloads\Sheet1.SchDoc,NET_MEMBER,NET_MEMBER@NetK22_ACDRV1_S_S1_1@PIN@DZXXPLYS@$$$\DZXXPLYS-1,NetK22_ACDRV1_S_S1_1,PIN,K24_ACDRV3_S_S1.1,K24_ACDRV3_S_S1,DZXXPLYS,$$$\DZXXPLYS-1,,,1,1,COMMON,Passive,,,,,,,,,,1
C:\Users\nvt10241\Downloads\Sheet1.SchDoc,NET_MEMBER,NET_MEMBER@NetK22_ACDRV1_S_S1_1@PIN@LKEPPYGO@$$$\LKEPPYGO-1,NetK22_ACDRV1_S_S1_1,PIN,K25_VCC_S_S1.1,K25_VCC_S_S1,LKEPPYGO,$$$\LKEPPYGO-1,,,1,1,COMMON,Passive,,,,,,,,,,1
C:\Users\nvt10241\Downloads\Sheet1.SchDoc,NET_MEMBER,NET_MEMBER@NetK22_ACDRV1_S_S1_1@PIN@NAXIFHPC@$$$\NAXIFHPC-5,NetK22_ACDRV1_S_S1_1,PIN,K30_BUSH_ACDRV_S1.5,K30_BUSH_ACDRV_S1,NAXIFHPC,$$$\NAXIFHPC-5,,,2,5,5,Passive,,,,,,,,,,5
C:\Users\nvt10241\Downloads\Sheet1.SchDoc,NET_MEMBER,NET_MEMBER@NetK22_ACDRV1_S_S1_2@PORT@ACDRV1_S_S1@Output,NetK22_ACDRV1_S_S1_2,PORT,ACDRV1_S_S1,,,,,,,,,Output,,,,,,,,,CONNECTED,ACDRV1_S_S1
C:\Users\nvt10241\Downloads\Sheet1.SchDoc,NET_MEMBER,NET_MEMBER@NetK22_ACDRV1_S_S1_2@PIN@UUMDOICP@$$$\UUMDOICP-2,NetK22_ACDRV1_S_S1_2,PIN,K22_ACDRV1_S_S1.2,K22_ACDRV1_S_S1,UUMDOICP,$$$\UUMDOICP-2,,,1,2,NO,Passive,,,,,,,,,,2
C:\Users\nvt10241\Downloads\Sheet1.SchDoc,NET_MEMBER,NET_MEMBER@NetK22_ACDRV1_S_S1_2@PIN@MCDYOGGF@$$$\MCDYOGGF-1,NetK22_ACDRV1_S_S1_2,PIN,R_ACDRV1_S1.1,R_ACDRV1_S1,MCDYOGGF,$$$\MCDYOGGF-1,,,1,1,1,Passive,,,,,,,,,,1
C:\Users\nvt10241\Downloads\Sheet1.SchDoc,NET_MEMBER,NET_MEMBER@NetK22_ACDRV1_S_S1_2@PIN@QMGFLMTK@$$$\QMGFLMTK-1,NetK22_ACDRV1_S_S1_2,PIN,TP_ACDRV1_S_S1.1,TP_ACDRV1_S_S1,QMGFLMTK,$$$\QMGFLMTK-1,,,1,1,1,Passive,,,,,,,,,,1
C:\Users\nvt10241\Downloads\Sheet1.SchDoc,NET_MEMBER,NET_MEMBER@NetK23_ACDRV2_F_S1_2@PORT@ACDRV2_F_S1@Output,NetK23_ACDRV2_F_S1_2,PORT,ACDRV2_F_S1,,,,,,,,,Output,,,,,,,,,CONNECTED,ACDRV2_F_S1
C:\Users\nvt10241\Downloads\Sheet1.SchDoc,NET_MEMBER,NET_MEMBER@NetK23_ACDRV2_F_S1_2@PIN@ZATDNZDJ@$$$\ZATDNZDJ-2,NetK23_ACDRV2_F_S1_2,PIN,K23_ACDRV2_F_S1.2,K23_ACDRV2_F_S1,ZATDNZDJ,$$$\ZATDNZDJ-2,,,1,2,NO,Passive,,,,,,,,,,2
C:\Users\nvt10241\Downloads\Sheet1.SchDoc,NET_MEMBER,NET_MEMBER@NetK23_ACDRV2_F_S1_2@PIN@JWAWINYG@$$$\JWAWINYG-1,NetK23_ACDRV2_F_S1_2,PIN,K27_ACDRV2_P2P_S1.1,K27_ACDRV2_P2P_S1,JWAWINYG,$$$\JWAWINYG-1,,,1,1,COMMON,Passive,,,,,,,,,,1
C:\Users\nvt10241\Downloads\Sheet1.SchDoc,NET_MEMBER,NET_MEMBER@NetK23_ACDRV2_F_S1_2@PIN@XIHATWRH@$$$\XIHATWRH-1,NetK23_ACDRV2_F_S1_2,PIN,R_ACDRV2_S2.1,R_ACDRV2_S2,XIHATWRH,$$$\XIHATWRH-1,,,1,1,1,Passive,,,,,,,,,,1
C:\Users\nvt10241\Downloads\Sheet1.SchDoc,NET_MEMBER,NET_MEMBER@NetK23_ACDRV2_F_S1_2@PIN@HFBAJLAC@$$$\HFBAJLAC-1,NetK23_ACDRV2_F_S1_2,PIN,TP_ACDRV2_F_S1.1,TP_ACDRV2_F_S1,HFBAJLAC,$$$\HFBAJLAC-1,,,1,1,1,Passive,,,,,,,,,,1
C:\Users\nvt10241\Downloads\Sheet1.SchDoc,NET_MEMBER,NET_MEMBER@NetK23_ACDRV2_S_S1_2@PORT@ACDRV2_S_S1@Output,NetK23_ACDRV2_S_S1_2,PORT,ACDRV2_S_S1,,,,,,,,,Output,,,,,,,,,CONNECTED,ACDRV2_S_S1
C:\Users\nvt10241\Downloads\Sheet1.SchDoc,NET_MEMBER,NET_MEMBER@NetK23_ACDRV2_S_S1_2@PIN@DZAYRAEG@$$$\DZAYRAEG-2,NetK23_ACDRV2_S_S1_2,PIN,K23_ACDRV2_S_S1.2,K23_ACDRV2_S_S1,DZAYRAEG,$$$\DZAYRAEG-2,,,1,2,NO,Passive,,,,,,,,,,2
C:\Users\nvt10241\Downloads\Sheet1.SchDoc,NET_MEMBER,NET_MEMBER@NetK23_ACDRV2_S_S1_2@PIN@XIHATWRH@$$$\XIHATWRH-2,NetK23_ACDRV2_S_S1_2,PIN,R_ACDRV2_S2.2,R_ACDRV2_S2,XIHATWRH,$$$\XIHATWRH-2,,,1,2,2,Passive,,,,,,,,,,2
C:\Users\nvt10241\Downloads\Sheet1.SchDoc,NET_MEMBER,NET_MEMBER@NetK23_ACDRV2_S_S1_2@PIN@BBWDSFSY@$$$\BBWDSFSY-1,NetK23_ACDRV2_S_S1_2,PIN,TP_ACDRV2_S_S1.1,TP_ACDRV2_S_S1,BBWDSFSY,$$$\BBWDSFSY-1,,,1,1,1,Passive,,,,,,,,,,1
C:\Users\nvt10241\Downloads\Sheet1.SchDoc,NET_MEMBER,NET_MEMBER@NetK24_ACDRV3_F_S1_2@PORT@ACDRV3_F_S1@Output,NetK24_ACDRV3_F_S1_2,PORT,ACDRV3_F_S1,,,,,,,,,Output,,,,,,,,,CONNECTED,ACDRV3_F_S1
C:\Users\nvt10241\Downloads\Sheet1.SchDoc,NET_MEMBER,NET_MEMBER@NetK24_ACDRV3_F_S1_2@PIN@KKWCAZCH@$$$\KKWCAZCH-2,NetK24_ACDRV3_F_S1_2,PIN,K24_ACDRV3_F_S1.2,K24_ACDRV3_F_S1,KKWCAZCH,$$$\KKWCAZCH-2,,,1,2,NO,Passive,,,,,,,,,,2
C:\Users\nvt10241\Downloads\Sheet1.SchDoc,NET_MEMBER,NET_MEMBER@NetK24_ACDRV3_F_S1_2@PIN@GQDJSVUJ@$$$\GQDJSVUJ-1,NetK24_ACDRV3_F_S1_2,PIN,K28_ACDRV3_P2P_S1.1,K28_ACDRV3_P2P_S1,GQDJSVUJ,$$$\GQDJSVUJ-1,,,1,1,COMMON,Passive,,,,,,,,,,1
C:\Users\nvt10241\Downloads\Sheet1.SchDoc,NET_MEMBER,NET_MEMBER@NetK24_ACDRV3_F_S1_2@PIN@JFVZHQWG@$$$\JFVZHQWG-1,NetK24_ACDRV3_F_S1_2,PIN,R_ACDRV3_S1.1,R_ACDRV3_S1,JFVZHQWG,$$$\JFVZHQWG-1,,,1,1,1,Passive,,,,,,,,,,1
C:\Users\nvt10241\Downloads\Sheet1.SchDoc,NET_MEMBER,NET_MEMBER@NetK24_ACDRV3_F_S1_2@PIN@VVIBOPFR@$$$\VVIBOPFR-1,NetK24_ACDRV3_F_S1_2,PIN,TP_ACDRV3_F_S1.1,TP_ACDRV3_F_S1,VVIBOPFR,$$$\VVIBOPFR-1,,,1,1,1,Passive,,,,,,,,,,1
C:\Users\nvt10241\Downloads\Sheet1.SchDoc,NET_MEMBER,NET_MEMBER@NetK24_ACDRV3_S_S1_2@PORT@ACDRV3_S_S1@Output,NetK24_ACDRV3_S_S1_2,PORT,ACDRV3_S_S1,,,,,,,,,Output,,,,,,,,,CONNECTED,ACDRV3_S_S1
C:\Users\nvt10241\Downloads\Sheet1.SchDoc,NET_MEMBER,NET_MEMBER@NetK24_ACDRV3_S_S1_2@PIN@DZXXPLYS@$$$\DZXXPLYS-2,NetK24_ACDRV3_S_S1_2,PIN,K24_ACDRV3_S_S1.2,K24_ACDRV3_S_S1,DZXXPLYS,$$$\DZXXPLYS-2,,,1,2,NO,Passive,,,,,,,,,,2
C:\Users\nvt10241\Downloads\Sheet1.SchDoc,NET_MEMBER,NET_MEMBER@NetK24_ACDRV3_S_S1_2@PIN@JFVZHQWG@$$$\JFVZHQWG-2,NetK24_ACDRV3_S_S1_2,PIN,R_ACDRV3_S1.2,R_ACDRV3_S1,JFVZHQWG,$$$\JFVZHQWG-2,,,1,2,2,Passive,,,,,,,,,,2
C:\Users\nvt10241\Downloads\Sheet1.SchDoc,NET_MEMBER,NET_MEMBER@NetK24_ACDRV3_S_S1_2@PIN@TBJKJROE@$$$\TBJKJROE-1,NetK24_ACDRV3_S_S1_2,PIN,TP_ACDRV3_S_S1.1,TP_ACDRV3_S_S1,TBJKJROE,$$$\TBJKJROE-1,,,1,1,1,Passive,,,,,,,,,,1
C:\Users\nvt10241\Downloads\Sheet1.SchDoc,NET_MEMBER,NET_MEMBER@NetK25_VCC_S_S1_2@PORT@VCC_S_S1@Output,NetK25_VCC_S_S1_2,PORT,VCC_S_S1,,,,,,,,,Output,,,,,,,,,CONNECTED,VCC_S_S1
C:\Users\nvt10241\Downloads\Sheet1.SchDoc,NET_MEMBER,NET_MEMBER@NetK25_VCC_S_S1_2@PIN@LKEPPYGO@$$$\LKEPPYGO-2,NetK25_VCC_S_S1_2,PIN,K25_VCC_S_S1.2,K25_VCC_S_S1,LKEPPYGO,$$$\LKEPPYGO-2,,,1,2,NO,Passive,,,,,,,,,,2
C:\Users\nvt10241\Downloads\Sheet1.SchDoc,NET_MEMBER,NET_MEMBER@NetK25_VCC_S_S1_2@PIN@POEKXQYL@$$$\POEKXQYL-7,NetK25_VCC_S_S1_2,PIN,K31_VMCU_S1.7,K31_VMCU_S1,POEKXQYL,$$$\POEKXQYL-7,,,2,7,7,Passive,,,,,,,,,,7
C:\Users\nvt10241\Downloads\Sheet1.SchDoc,NET_MEMBER,NET_MEMBER@NetK25_VCC_S_S1_2@PIN@AUZHPTKP@$$$\AUZHPTKP-2,NetK25_VCC_S_S1_2,PIN,R_VCC_Kelvin_S1.2,R_VCC_Kelvin_S1,AUZHPTKP,$$$\AUZHPTKP-2,,,1,2,2,Passive,,,,,,,,,,2
C:\Users\nvt10241\Downloads\Sheet1.SchDoc,NET_MEMBER,NET_MEMBER@NetK25_VCC_S_S1_2@PIN@NQNLXHDQ@$$$\NQNLXHDQ-1,NetK25_VCC_S_S1_2,PIN,TP_VCC_S_S1.1,TP_VCC_S_S1,NQNLXHDQ,$$$\NQNLXHDQ-1,,,1,1,1,Passive,,,,,,,,,,1
C:\Users\nvt10241\Downloads\Sheet1.SchDoc,NET_MEMBER,NET_MEMBER@NetK29_BUSL_VCC_S1_2@PIN@BMMBJMTR@$$$\BMMBJMTR-2,NetK29_BUSL_VCC_S1_2,PIN,K29_BUSL_VCC_S1.2,K29_BUSL_VCC_S1,BMMBJMTR,$$$\BMMBJMTR-2,,,1,2,2,Passive,,,,,,,,,,2
C:\Users\nvt10241\Downloads\Sheet1.SchDoc,NET_MEMBER,NET_MEMBER@NetK29_BUSL_VCC_S1_4@PORT@S3_FXVIe_PLUS_FH2@I/O,NetK29_BUSL_VCC_S1_4,PORT,S3_FXVIe_PLUS_FH2,,,,,,,,,I/O,,,,,,,,,CONNECTED,S3_FXVIe_PLUS_FH2
C:\Users\nvt10241\Downloads\Sheet1.SchDoc,NET_MEMBER,NET_MEMBER@NetK29_BUSL_VCC_S1_4@PIN@BMMBJMTR@$$$\BMMBJMTR-4,NetK29_BUSL_VCC_S1_4,PIN,K29_BUSL_VCC_S1.4,K29_BUSL_VCC_S1,BMMBJMTR,$$$\BMMBJMTR-4,,,1,4,4,Passive,,,,,,,,,,4
C:\Users\nvt10241\Downloads\Sheet1.SchDoc,NET_MEMBER,NET_MEMBER@NetK29_BUSL_VCC_S1_4@PIN@EBIIRQCK@$$$\EBIIRQCK-3,NetK29_BUSL_VCC_S1_4,PIN,K31_VMCU_S1.3,K31_VMCU_S1,EBIIRQCK,$$$\EBIIRQCK-3,,,1,3,3,Passive,,,,,,,,,,3
C:\Users\nvt10241\Downloads\Sheet1.SchDoc,NET_MEMBER,NET_MEMBER@NetK29_BUSL_VCC_S1_5@PORT@S3_FXVIe_PLUS_SH2@I/O,NetK29_BUSL_VCC_S1_5,PORT,S3_FXVIe_PLUS_SH2,,,,,,,,,I/O,,,,,,,,,CONNECTED,S3_FXVIe_PLUS_SH2
C:\Users\nvt10241\Downloads\Sheet1.SchDoc,NET_MEMBER,NET_MEMBER@NetK29_BUSL_VCC_S1_5@PIN@SOFXSKSI@$$$\SOFXSKSI-5,NetK29_BUSL_VCC_S1_5,PIN,K29_BUSL_VCC_S1.5,K29_BUSL_VCC_S1,SOFXSKSI,$$$\SOFXSKSI-5,,,2,5,5,Passive,,,,,,,,,,5
C:\Users\nvt10241\Downloads\Sheet1.SchDoc,NET_MEMBER,NET_MEMBER@NetK29_BUSL_VCC_S1_5@PIN@POEKXQYL@$$$\POEKXQYL-6,NetK29_BUSL_VCC_S1_5,PIN,K31_VMCU_S1.6,K31_VMCU_S1,POEKXQYL,$$$\POEKXQYL-6,,,2,6,6,Passive,,,,,,,,,,6
C:\Users\nvt10241\Downloads\Sheet1.SchDoc,NET_MEMBER,NET_MEMBER@NetK29_BUSL_VCC_S1_7@PIN@SOFXSKSI@$$$\SOFXSKSI-7,NetK29_BUSL_VCC_S1_7,PIN,K29_BUSL_VCC_S1.7,K29_BUSL_VCC_S1,SOFXSKSI,$$$\SOFXSKSI-7,,,2,7,7,Passive,,,,,,,,,,7
C:\Users\nvt10241\Downloads\Sheet1.SchDoc,NET_MEMBER,NET_MEMBER@NetK30_BUSH_ACDRV_S1_2@PIN@WXKNUSNE@$$$\WXKNUSNE-2,NetK30_BUSH_ACDRV_S1_2,PIN,K30_BUSH_ACDRV_S1.2,K30_BUSH_ACDRV_S1,WXKNUSNE,$$$\WXKNUSNE-2,,,1,2,2,Passive,,,,,,,,,,2
C:\Users\nvt10241\Downloads\Sheet1.SchDoc,NET_MEMBER,NET_MEMBER@NetK30_BUSH_ACDRV_S1_7@PIN@NAXIFHPC@$$$\NAXIFHPC-7,NetK30_BUSH_ACDRV_S1_7,PIN,K30_BUSH_ACDRV_S1.7,K30_BUSH_ACDRV_S1,NAXIFHPC,$$$\NAXIFHPC-7,,,2,7,7,Passive,,,,,,,,,,7
C:\Users\nvt10241\Downloads\Sheet1.SchDoc,NET_MEMBER,NET_MEMBER@NetK31_VMCU_S1_4@PORT@VMCU_F_S1@Output,NetK31_VMCU_S1_4,PORT,VMCU_F_S1,,,,,,,,,Output,,,,,,,,,CONNECTED,VMCU_F_S1
C:\Users\nvt10241\Downloads\Sheet1.SchDoc,NET_MEMBER,NET_MEMBER@NetK31_VMCU_S1_4@PIN@EBIIRQCK@$$$\EBIIRQCK-4,NetK31_VMCU_S1_4,PIN,K31_VMCU_S1.4,K31_VMCU_S1,EBIIRQCK,$$$\EBIIRQCK-4,,,1,4,4,Passive,,,,,,,,,,4
C:\Users\nvt10241\Downloads\Sheet1.SchDoc,NET_MEMBER,NET_MEMBER@NetK31_VMCU_S1_5@PORT@VMCU_S_S1@Output,NetK31_VMCU_S1_5,PORT,VMCU_S_S1,,,,,,,,,Output,,,,,,,,,CONNECTED,VMCU_S_S1
C:\Users\nvt10241\Downloads\Sheet1.SchDoc,NET_MEMBER,NET_MEMBER@NetK31_VMCU_S1_5@PIN@POEKXQYL@$$$\POEKXQYL-5,NetK31_VMCU_S1_5,PIN,K31_VMCU_S1.5,K31_VMCU_S1,POEKXQYL,$$$\POEKXQYL-5,,,2,5,5,Passive,,,,,,,,,,5
C:\Users\nvt10241\Downloads\Sheet1.SchDoc,NET_MEMBER,NET_MEMBER@NetK32_BUSL_SCL_S1_2@PIN@GQOSOKBN@$$$\GQOSOKBN-2,NetK32_BUSL_SCL_S1_2,PIN,K32_BUSL_SCL_S1.2,K32_BUSL_SCL_S1,GQOSOKBN,$$$\GQOSOKBN-2,,,1,2,2,Passive,,,,,,,,,,2
C:\Users\nvt10241\Downloads\Sheet1.SchDoc,NET_MEMBER,NET_MEMBER@NetK32_BUSL_SCL_S1_4@PORT@S5_ACM200_FH2@I/O,NetK32_BUSL_SCL_S1_4,PORT,S5_ACM200_FH2,,,,,,,,,I/O,,,,,,,,,CONNECTED,S5_ACM200_FH2
C:\Users\nvt10241\Downloads\Sheet1.SchDoc,NET_MEMBER,NET_MEMBER@NetK32_BUSL_SCL_S1_4@PIN@GQOSOKBN@$$$\GQOSOKBN-4,NetK32_BUSL_SCL_S1_4,PIN,K32_BUSL_SCL_S1.4,K32_BUSL_SCL_S1,GQOSOKBN,$$$\GQOSOKBN-4,,,1,4,4,Passive,,,,,,,,,,4
C:\Users\nvt10241\Downloads\Sheet1.SchDoc,NET_MEMBER,NET_MEMBER@NetK32_BUSL_SCL_S1_4@PIN@JJBPNBQY@$$$\JJBPNBQY-6,NetK32_BUSL_SCL_S1_4,PIN,K33_VAC_WL_S1.6,K33_VAC_WL_S1,JJBPNBQY,$$$\JJBPNBQY-6,,,2,6,6,Passive,,,,,,,,,,6
C:\Users\nvt10241\Downloads\Sheet1.SchDoc,NET_MEMBER,NET_MEMBER@NetK32_BUSL_SCL_S1_5@PORT@S5_ACM200_SH2@I/O,NetK32_BUSL_SCL_S1_5,PORT,S5_ACM200_SH2,,,,,,,,,I/O,,,,,,,,,CONNECTED,S5_ACM200_SH2
C:\Users\nvt10241\Downloads\Sheet1.SchDoc,NET_MEMBER,NET_MEMBER@NetK32_BUSL_SCL_S1_5@PIN@CCRTQUFT@$$$\CCRTQUFT-5,NetK32_BUSL_SCL_S1_5,PIN,K32_BUSL_SCL_S1.5,K32_BUSL_SCL_S1,CCRTQUFT,$$$\CCRTQUFT-5,,,2,5,5,Passive,,,,,,,,,,5
C:\Users\nvt10241\Downloads\Sheet1.SchDoc,NET_MEMBER,NET_MEMBER@NetK32_BUSL_SCL_S1_5@PIN@POUGKWOI@$$$\POUGKWOI-3,NetK32_BUSL_SCL_S1_5,PIN,K33_VAC_WL_S1.3,K33_VAC_WL_S1,POUGKWOI,$$$\POUGKWOI-3,,,1,3,3,Passive,,,,,,,,,,3
C:\Users\nvt10241\Downloads\Sheet1.SchDoc,NET_MEMBER,NET_MEMBER@NetK32_BUSL_SCL_S1_7@PIN@CCRTQUFT@$$$\CCRTQUFT-7,NetK32_BUSL_SCL_S1_7,PIN,K32_BUSL_SCL_S1.7,K32_BUSL_SCL_S1,CCRTQUFT,$$$\CCRTQUFT-7,,,2,7,7,Passive,,,,,,,,,,7
C:\Users\nvt10241\Downloads\Sheet1.SchDoc,NET_MEMBER,NET_MEMBER@NetK33_VAC_WL_S1_4@PORT@VAC_WL_S_S1@Output,NetK33_VAC_WL_S1_4,PORT,VAC_WL_S_S1,,,,,,,,,Output,,,,,,,,,CONNECTED,VAC_WL_S_S1
C:\Users\nvt10241\Downloads\Sheet1.SchDoc,NET_MEMBER,NET_MEMBER@NetK33_VAC_WL_S1_4@PIN@POUGKWOI@$$$\POUGKWOI-4,NetK33_VAC_WL_S1_4,PIN,K33_VAC_WL_S1.4,K33_VAC_WL_S1,POUGKWOI,$$$\POUGKWOI-4,,,1,4,4,Passive,,,,,,,,,,4
C:\Users\nvt10241\Downloads\Sheet1.SchDoc,NET_MEMBER,NET_MEMBER@NetK33_VAC_WL_S1_4@PIN@TLJXEDTD@$$$\TLJXEDTD-2,NetK33_VAC_WL_S1_4,PIN,R_VAC_WL_S1.2,R_VAC_WL_S1,TLJXEDTD,$$$\TLJXEDTD-2,,,1,2,2,Passive,,,,,,,,,,2
C:\Users\nvt10241\Downloads\Sheet1.SchDoc,NET_MEMBER,NET_MEMBER@NetK33_VAC_WL_S1_4@PIN@CAKUVKFT@$$$\CAKUVKFT-1,NetK33_VAC_WL_S1_4,PIN,TP_VAC_WL_S_S1.1,TP_VAC_WL_S_S1,CAKUVKFT,$$$\CAKUVKFT-1,,,1,1,1,Passive,,,,,,,,,,1
C:\Users\nvt10241\Downloads\Sheet1.SchDoc,NET_MEMBER,NET_MEMBER@NetK33_VAC_WL_S1_5@PORT@VAC_WL_F_S1@Output,NetK33_VAC_WL_S1_5,PORT,VAC_WL_F_S1,,,,,,,,,Output,,,,,,,,,CONNECTED,VAC_WL_F_S1
C:\Users\nvt10241\Downloads\Sheet1.SchDoc,NET_MEMBER,NET_MEMBER@NetK33_VAC_WL_S1_5@PIN@JJBPNBQY@$$$\JJBPNBQY-5,NetK33_VAC_WL_S1_5,PIN,K33_VAC_WL_S1.5,K33_VAC_WL_S1,JJBPNBQY,$$$\JJBPNBQY-5,,,2,5,5,Passive,,,,,,,,,,5
C:\Users\nvt10241\Downloads\Sheet1.SchDoc,NET_MEMBER,NET_MEMBER@NetK33_VAC_WL_S1_5@PIN@TLJXEDTD@$$$\TLJXEDTD-1,NetK33_VAC_WL_S1_5,PIN,R_VAC_WL_S1.1,R_VAC_WL_S1,TLJXEDTD,$$$\TLJXEDTD-1,,,1,1,1,Passive,,,,,,,,,,1
C:\Users\nvt10241\Downloads\Sheet1.SchDoc,NET_MEMBER,NET_MEMBER@NetK33_VAC_WL_S1_5@PIN@LPFTFTHJ@$$$\LPFTFTHJ-1,NetK33_VAC_WL_S1_5,PIN,TP_VAC_WL_F_S1.1,TP_VAC_WL_F_S1,LPFTFTHJ,$$$\LPFTFTHJ-1,,,1,1,1,Passive,,,,,,,,,,1
C:\Users\nvt10241\Downloads\Sheet1.SchDoc,NET_MEMBER,NET_MEMBER@NetK33_VAC_WL_S1_7@PORT@S24_P1@I/O,NetK33_VAC_WL_S1_7,PORT,S24_P1,,,,,,,,,I/O,,,,,,,,,CONNECTED,S24_P1
C:\Users\nvt10241\Downloads\Sheet1.SchDoc,NET_MEMBER,NET_MEMBER@NetK33_VAC_WL_S1_7@PORT@SCL_F_S1@Output,NetK33_VAC_WL_S1_7,PORT,SCL_F_S1,,,,,,,,,Output,,,,,,,,,CONNECTED,SCL_F_S1
C:\Users\nvt10241\Downloads\Sheet1.SchDoc,NET_MEMBER,NET_MEMBER@NetK33_VAC_WL_S1_7@PIN@JJBPNBQY@$$$\JJBPNBQY-7,NetK33_VAC_WL_S1_7,PIN,K33_VAC_WL_S1.7,K33_VAC_WL_S1,JJBPNBQY,$$$\JJBPNBQY-7,,,2,7,7,Passive,,,,,,,,,,7
C:\Users\nvt10241\Downloads\Sheet1.SchDoc,NET_MEMBER,NET_MEMBER@NetK33_VAC_WL_S1_7@PIN@JHEMLEJB@$$$\JHEMLEJB-1,NetK33_VAC_WL_S1_7,PIN,R_SCL_KLV_S1.1,R_SCL_KLV_S1,JHEMLEJB,$$$\JHEMLEJB-1,,,1,1,1,Passive,,,,,,,,,,1
C:\Users\nvt10241\Downloads\Sheet1.SchDoc,NET_MEMBER,NET_MEMBER@NetK33_VAC_WL_S1_7@PIN@CWTUJAJM@$$$\CWTUJAJM-1,NetK33_VAC_WL_S1_7,PIN,R_SCL_PU_S1.1,R_SCL_PU_S1,CWTUJAJM,$$$\CWTUJAJM-1,,,1,1,1,Passive,,,,,,,,,,1
C:\Users\nvt10241\Downloads\Sheet1.SchDoc,NET_MEMBER,NET_MEMBER@NetK33_VAC_WL_S1_7@PIN@TKHYYAEK@$$$\TKHYYAEK-1,NetK33_VAC_WL_S1_7,PIN,TP_SCL_F_S1.1,TP_SCL_F_S1,TKHYYAEK,$$$\TKHYYAEK-1,,,1,1,1,Passive,,,,,,,,,,1
C:\Users\nvt10241\Downloads\Sheet1.SchDoc,NET_MEMBER,NET_MEMBER@NetK34_SCL_PU_S1_1@PIN@HBBWNCKG@$$$\HBBWNCKG-1,NetK34_SCL_PU_S1_1,PIN,K34_SCL_PU_S1.1,K34_SCL_PU_S1,HBBWNCKG,$$$\HBBWNCKG-1,,,1,1,COMMON,Passive,,,,,,,,,,1
C:\Users\nvt10241\Downloads\Sheet1.SchDoc,NET_MEMBER,NET_MEMBER@NetK34_SCL_PU_S1_1@PIN@CWTUJAJM@$$$\CWTUJAJM-2,NetK34_SCL_PU_S1_1,PIN,R_SCL_PU_S1.2,R_SCL_PU_S1,CWTUJAJM,$$$\CWTUJAJM-2,,,1,2,2,Passive,,,,,,,,,,2
C:\Users\nvt10241\Downloads\Sheet1.SchDoc,NET_MEMBER,NET_MEMBER@NetK35_BUSH_KLV_S1_2@PIN@UMJQCPES@$$$\UMJQCPES-2,NetK35_BUSH_KLV_S1_2,PIN,K35_BUSH_KLV_S1.2,K35_BUSH_KLV_S1,UMJQCPES,$$$\UMJQCPES-2,,,1,2,2,Passive,,,,,,,,,,2
C:\Users\nvt10241\Downloads\Sheet1.SchDoc,NET_MEMBER,NET_MEMBER@NetK35_BUSH_KLV_S1_7@PIN@MCFXBFMI@$$$\MCFXBFMI-7,NetK35_BUSH_KLV_S1_7,PIN,K35_BUSH_KLV_S1.7,K35_BUSH_KLV_S1,MCFXBFMI,$$$\MCFXBFMI-7,,,2,7,7,Passive,,,,,,,,,,7
C:\Users\nvt10241\Downloads\Sheet1.SchDoc,NET_MEMBER,NET_MEMBER@NetK36_PGND_WL_S1_2@PIN@FOXPMZKI@$$$\FOXPMZKI-2,NetK36_PGND_WL_S1_2,PIN,K36_PGND_WL_S1.2,K36_PGND_WL_S1,FOXPMZKI,$$$\FOXPMZKI-2,,,1,2,2,Passive,,,,,,,,,,2
C:\Users\nvt10241\Downloads\Sheet1.SchDoc,NET_MEMBER,NET_MEMBER@NetK36_PGND_WL_S1_2@PIN@VLHQHHQN@$$$\VLHQHHQN-3,NetK36_PGND_WL_S1_2,PIN,K37_KLV2_S1.3,K37_KLV2_S1,VLHQHHQN,$$$\VLHQHHQN-3,,,1,3,3,Passive,,,,,,,,,,3
C:\Users\nvt10241\Downloads\Sheet1.SchDoc,NET_MEMBER,NET_MEMBER@NetK36_PGND_WL_S1_4@PORT@PGND_WL_F_S1@Output,NetK36_PGND_WL_S1_4,PORT,PGND_WL_F_S1,,,,,,,,,Output,,,,,,,,,CONNECTED,PGND_WL_F_S1
C:\Users\nvt10241\Downloads\Sheet1.SchDoc,NET_MEMBER,NET_MEMBER@NetK36_PGND_WL_S1_4@PIN@FOXPMZKI@$$$\FOXPMZKI-4,NetK36_PGND_WL_S1_4,PIN,K36_PGND_WL_S1.4,K36_PGND_WL_S1,FOXPMZKI,$$$\FOXPMZKI-4,,,1,4,4,Passive,,,,,,,,,,4
C:\Users\nvt10241\Downloads\Sheet1.SchDoc,NET_MEMBER,NET_MEMBER@NetK36_PGND_WL_S1_4@PIN@DMVFWGRY@$$$\DMVFWGRY-1,NetK36_PGND_WL_S1_4,PIN,R_PGND_WL_S1.1,R_PGND_WL_S1,DMVFWGRY,$$$\DMVFWGRY-1,,,1,1,1,Passive,,,,,,,,,,1
C:\Users\nvt10241\Downloads\Sheet1.SchDoc,NET_MEMBER,NET_MEMBER@NetK36_PGND_WL_S1_4@PIN@DPVTYUJP@$$$\DPVTYUJP-1,NetK36_PGND_WL_S1_4,PIN,TP_PGND_WL_F_S1.1,TP_PGND_WL_F_S1,DPVTYUJP,$$$\DPVTYUJP-1,,,1,1,1,Passive,,,,,,,,,,1
C:\Users\nvt10241\Downloads\Sheet1.SchDoc,NET_MEMBER,NET_MEMBER@NetK36_PGND_WL_S1_5@PORT@PGND_WL_S_S1@Output,NetK36_PGND_WL_S1_5,PORT,PGND_WL_S_S1,,,,,,,,,Output,,,,,,,,,CONNECTED,PGND_WL_S_S1
C:\Users\nvt10241\Downloads\Sheet1.SchDoc,NET_MEMBER,NET_MEMBER@NetK36_PGND_WL_S1_5@PIN@VIKKHJLK@$$$\VIKKHJLK-5,NetK36_PGND_WL_S1_5,PIN,K36_PGND_WL_S1.5,K36_PGND_WL_S1,VIKKHJLK,$$$\VIKKHJLK-5,,,2,5,5,Passive,,,,,,,,,,5
C:\Users\nvt10241\Downloads\Sheet1.SchDoc,NET_MEMBER,NET_MEMBER@NetK36_PGND_WL_S1_5@PIN@DMVFWGRY@$$$\DMVFWGRY-2,NetK36_PGND_WL_S1_5,PIN,R_PGND_WL_S1.2,R_PGND_WL_S1,DMVFWGRY,$$$\DMVFWGRY-2,,,1,2,2,Passive,,,,,,,,,,2
C:\Users\nvt10241\Downloads\Sheet1.SchDoc,NET_MEMBER,NET_MEMBER@NetK36_PGND_WL_S1_5@PIN@YXDDKGAK@$$$\YXDDKGAK-1,NetK36_PGND_WL_S1_5,PIN,TP_PGND_WL_S_S1.1,TP_PGND_WL_S_S1,YXDDKGAK,$$$\YXDDKGAK-1,,,1,1,1,Passive,,,,,,,,,,1
C:\Users\nvt10241\Downloads\Sheet1.SchDoc,NET_MEMBER,NET_MEMBER@NetK36_PGND_WL_S1_7@PIN@VIKKHJLK@$$$\VIKKHJLK-7,NetK36_PGND_WL_S1_7,PIN,K36_PGND_WL_S1.7,K36_PGND_WL_S1,VIKKHJLK,$$$\VIKKHJLK-7,,,2,7,7,Passive,,,,,,,,,,7
C:\Users\nvt10241\Downloads\Sheet1.SchDoc,NET_MEMBER,NET_MEMBER@NetK36_PGND_WL_S1_7@PIN@XQCWYZGX@$$$\XQCWYZGX-6,NetK36_PGND_WL_S1_7,PIN,K37_KLV2_S1.6,K37_KLV2_S1,XQCWYZGX,$$$\XQCWYZGX-6,,,2,6,6,Passive,,,,,,,,,,6
C:\Users\nvt10241\Downloads\Sheet1.SchDoc,NET_MEMBER,NET_MEMBER@NetK37_KLV2_S1_2@PORT@KLV1_F_S1@Output,NetK37_KLV2_S1_2,PORT,KLV1_F_S1,,,,,,,,,Output,,,,,,,,,CONNECTED,KLV1_F_S1
C:\Users\nvt10241\Downloads\Sheet1.SchDoc,NET_MEMBER,NET_MEMBER@NetK37_KLV2_S1_2@PIN@VLHQHHQN@$$$\VLHQHHQN-2,NetK37_KLV2_S1_2,PIN,K37_KLV2_S1.2,K37_KLV2_S1,VLHQHHQN,$$$\VLHQHHQN-2,,,1,2,2,Passive,,,,,,,,,,2
C:\Users\nvt10241\Downloads\Sheet1.SchDoc,NET_MEMBER,NET_MEMBER@NetK37_KLV2_S1_2@PIN@PZZMRXWL@$$$\PZZMRXWL-2,NetK37_KLV2_S1_2,PIN,K38_KLV1_2_short_S1.2,K38_KLV1_2_short_S1,PZZMRXWL,$$$\PZZMRXWL-2,,,1,2,NO,Passive,,,,,,,,,,2
C:\Users\nvt10241\Downloads\Sheet1.SchDoc,NET_MEMBER,NET_MEMBER@NetK37_KLV2_S1_2@PIN@YNEIZRWX@$$$\YNEIZRWX-1,NetK37_KLV2_S1_2,PIN,K39_KLV1_P2P_S1.1,K39_KLV1_P2P_S1,YNEIZRWX,$$$\YNEIZRWX-1,,,1,1,COMMON,Passive,,,,,,,,,,1
C:\Users\nvt10241\Downloads\Sheet1.SchDoc,NET_MEMBER,NET_MEMBER@NetK37_KLV2_S1_2@PIN@BZEUSNTY@$$$\BZEUSNTY-1,NetK37_KLV2_S1_2,PIN,R_KLV1_S1.1,R_KLV1_S1,BZEUSNTY,$$$\BZEUSNTY-1,,,1,1,1,Passive,,,,,,,,,,1
C:\Users\nvt10241\Downloads\Sheet1.SchDoc,NET_MEMBER,NET_MEMBER@NetK37_KLV2_S1_2@PIN@HRKQQRYE@$$$\HRKQQRYE-1,NetK37_KLV2_S1_2,PIN,TP_KLV1_F_S1.1,TP_KLV1_F_S1,HRKQQRYE,$$$\HRKQQRYE-1,,,1,1,1,Passive,,,,,,,,,,1
C:\Users\nvt10241\Downloads\Sheet1.SchDoc,NET_MEMBER,NET_MEMBER@NetK37_KLV2_S1_4@PORT@KLV2_F_S1@Output,NetK37_KLV2_S1_4,PORT,KLV2_F_S1,,,,,,,,,Output,,,,,,,,,CONNECTED,KLV2_F_S1
C:\Users\nvt10241\Downloads\Sheet1.SchDoc,NET_MEMBER,NET_MEMBER@NetK37_KLV2_S1_4@PIN@VLHQHHQN@$$$\VLHQHHQN-4,NetK37_KLV2_S1_4,PIN,K37_KLV2_S1.4,K37_KLV2_S1,VLHQHHQN,$$$\VLHQHHQN-4,,,1,4,4,Passive,,,,,,,,,,4
C:\Users\nvt10241\Downloads\Sheet1.SchDoc,NET_MEMBER,NET_MEMBER@NetK37_KLV2_S1_4@PIN@PZZMRXWL@$$$\PZZMRXWL-1,NetK37_KLV2_S1_4,PIN,K38_KLV1_2_short_S1.1,K38_KLV1_2_short_S1,PZZMRXWL,$$$\PZZMRXWL-1,,,1,1,COMMON,Passive,,,,,,,,,,1
C:\Users\nvt10241\Downloads\Sheet1.SchDoc,NET_MEMBER,NET_MEMBER@NetK37_KLV2_S1_4@PIN@PAQRILNI@$$$\PAQRILNI-1,NetK37_KLV2_S1_4,PIN,K40_KLV2_P2P_S1.1,K40_KLV2_P2P_S1,PAQRILNI,$$$\PAQRILNI-1,,,1,1,COMMON,Passive,,,,,,,,,,1
C:\Users\nvt10241\Downloads\Sheet1.SchDoc,NET_MEMBER,NET_MEMBER@NetK37_KLV2_S1_4@PIN@UKDOZOMF@$$$\UKDOZOMF-1,NetK37_KLV2_S1_4,PIN,R_KLV2_S1.1,R_KLV2_S1,UKDOZOMF,$$$\UKDOZOMF-1,,,1,1,1,Passive,,,,,,,,,,1
C:\Users\nvt10241\Downloads\Sheet1.SchDoc,NET_MEMBER,NET_MEMBER@NetK37_KLV2_S1_4@PIN@JFGRUSPU@$$$\JFGRUSPU-1,NetK37_KLV2_S1_4,PIN,TP_KLV2_F_S1.1,TP_KLV2_F_S1,JFGRUSPU,$$$\JFGRUSPU-1,,,1,1,1,Passive,,,,,,,,,,1
C:\Users\nvt10241\Downloads\Sheet1.SchDoc,NET_MEMBER,NET_MEMBER@NetK37_KLV2_S1_5@PORT@KLV2_S_S1@Output,NetK37_KLV2_S1_5,PORT,KLV2_S_S1,,,,,,,,,Output,,,,,,,,,CONNECTED,KLV2_S_S1
C:\Users\nvt10241\Downloads\Sheet1.SchDoc,NET_MEMBER,NET_MEMBER@NetK37_KLV2_S1_5@PIN@XQCWYZGX@$$$\XQCWYZGX-5,NetK37_KLV2_S1_5,PIN,K37_KLV2_S1.5,K37_KLV2_S1,XQCWYZGX,$$$\XQCWYZGX-5,,,2,5,5,Passive,,,,,,,,,,5
C:\Users\nvt10241\Downloads\Sheet1.SchDoc,NET_MEMBER,NET_MEMBER@NetK37_KLV2_S1_5@PIN@UKDOZOMF@$$$\UKDOZOMF-2,NetK37_KLV2_S1_5,PIN,R_KLV2_S1.2,R_KLV2_S1,UKDOZOMF,$$$\UKDOZOMF-2,,,1,2,2,Passive,,,,,,,,,,2
C:\Users\nvt10241\Downloads\Sheet1.SchDoc,NET_MEMBER,NET_MEMBER@NetK37_KLV2_S1_5@PIN@OSOLNBJW@$$$\OSOLNBJW-1,NetK37_KLV2_S1_5,PIN,TP_KLV2_S_S1.1,TP_KLV2_S_S1,OSOLNBJW,$$$\OSOLNBJW-1,,,1,1,1,Passive,,,,,,,,,,1
C:\Users\nvt10241\Downloads\Sheet1.SchDoc,NET_MEMBER,NET_MEMBER@NetK37_KLV2_S1_7@PORT@KLV1_S_S1@Output,NetK37_KLV2_S1_7,PORT,KLV1_S_S1,,,,,,,,,Output,,,,,,,,,CONNECTED,KLV1_S_S1
C:\Users\nvt10241\Downloads\Sheet1.SchDoc,NET_MEMBER,NET_MEMBER@NetK37_KLV2_S1_7@PIN@XQCWYZGX@$$$\XQCWYZGX-7,NetK37_KLV2_S1_7,PIN,K37_KLV2_S1.7,K37_KLV2_S1,XQCWYZGX,$$$\XQCWYZGX-7,,,2,7,7,Passive,,,,,,,,,,7
C:\Users\nvt10241\Downloads\Sheet1.SchDoc,NET_MEMBER,NET_MEMBER@NetK37_KLV2_S1_7@PIN@BZEUSNTY@$$$\BZEUSNTY-2,NetK37_KLV2_S1_7,PIN,R_KLV1_S1.2,R_KLV1_S1,BZEUSNTY,$$$\BZEUSNTY-2,,,1,2,2,Passive,,,,,,,,,,2
C:\Users\nvt10241\Downloads\Sheet1.SchDoc,NET_MEMBER,NET_MEMBER@NetK37_KLV2_S1_7@PIN@KCNMPPHY@$$$\KCNMPPHY-1,NetK37_KLV2_S1_7,PIN,TP_KLV1_S_S1.1,TP_KLV1_S_S1,KCNMPPHY,$$$\KCNMPPHY-1,,,1,1,1,Passive,,,,,,,,,,1
C:\Users\nvt10241\Downloads\Sheet1.SchDoc,NET_MEMBER,NET_MEMBER@NetK41_BUS_FL_BST_S1_2@PORT@S5_ACM200_FH4@I/O,NetK41_BUS_FL_BST_S1_2,PORT,S5_ACM200_FH4,,,,,,,,,I/O,,,,,,,,,CONNECTED,S5_ACM200_FH4
C:\Users\nvt10241\Downloads\Sheet1.SchDoc,NET_MEMBER,NET_MEMBER@NetK41_BUS_FL_BST_S1_2@PIN@ZSQBWKJG@$$$\ZSQBWKJG-2,NetK41_BUS_FL_BST_S1_2,PIN,K41_BUS_FL_BST_S1.2,K41_BUS_FL_BST_S1,ZSQBWKJG,$$$\ZSQBWKJG-2,,,1,2,NO,Passive,,,,,,,,,,2
C:\Users\nvt10241\Downloads\Sheet1.SchDoc,NET_MEMBER,NET_MEMBER@NetK41_BUS_FL_BST_S1_2@PIN@DIWXDQES@$$$\DIWXDQES-6,NetK41_BUS_FL_BST_S1_2,PIN,K42_AMP_PS_S1.6,K42_AMP_PS_S1,DIWXDQES,$$$\DIWXDQES-6,,,2,6,6,Passive,,,,,,,,,,6
C:\Users\nvt10241\Downloads\Sheet1.SchDoc,NET_MEMBER,NET_MEMBER@NetK41_BUS_SL_BST_S1_2@PORT@S5_ACM200_SH4@I/O,NetK41_BUS_SL_BST_S1_2,PORT,S5_ACM200_SH4,,,,,,,,,I/O,,,,,,,,,CONNECTED,S5_ACM200_SH4
C:\Users\nvt10241\Downloads\Sheet1.SchDoc,NET_MEMBER,NET_MEMBER@NetK41_BUS_SL_BST_S1_2@PIN@WUPNAPTG@$$$\WUPNAPTG-2,NetK41_BUS_SL_BST_S1_2,PIN,K41_BUS_SL_BST_S1.2,K41_BUS_SL_BST_S1,WUPNAPTG,$$$\WUPNAPTG-2,,,1,2,NO,Passive,,,,,,,,,,2
C:\Users\nvt10241\Downloads\Sheet1.SchDoc,NET_MEMBER,NET_MEMBER@NetK41_BUS_SL_BST_S1_2@PIN@RWJGBOWT@$$$\RWJGBOWT-3,NetK41_BUS_SL_BST_S1_2,PIN,K42_AMP_PS_S1.3,K42_AMP_PS_S1,RWJGBOWT,$$$\RWJGBOWT-3,,,1,3,3,Passive,,,,,,,,,,3
C:\Users\nvt10241\Downloads\Sheet1.SchDoc,NET_MEMBER,NET_MEMBER@NetK42_AMP_PS_S1_2@PIN@RWJGBOWT@$$$\RWJGBOWT-2,NetK42_AMP_PS_S1_2,PIN,K42_AMP_PS_S1.2,K42_AMP_PS_S1,RWJGBOWT,$$$\RWJGBOWT-2,,,1,2,2,Passive,,,,,,,,,,2
C:\Users\nvt10241\Downloads\Sheet1.SchDoc,NET_MEMBER,NET_MEMBER@NetK42_AMP_PS_S1_2@PIN@LJKVEBIV@$$$\LJKVEBIV-3,NetK42_AMP_PS_S1_2,PIN,K43_BST2_S1.3,K43_BST2_S1,LJKVEBIV,$$$\LJKVEBIV-3,,,1,3,3,Passive,,,,,,,,,,3
C:\Users\nvt10241\Downloads\Sheet1.SchDoc,NET_MEMBER,NET_MEMBER@NetK42_AMP_PS_S1_7@PIN@DIWXDQES@$$$\DIWXDQES-7,NetK42_AMP_PS_S1_7,PIN,K42_AMP_PS_S1.7,K42_AMP_PS_S1,DIWXDQES,$$$\DIWXDQES-7,,,2,7,7,Passive,,,,,,,,,,7
C:\Users\nvt10241\Downloads\Sheet1.SchDoc,NET_MEMBER,NET_MEMBER@NetK42_AMP_PS_S1_7@PIN@TPEBOOJE@$$$\TPEBOOJE-6,NetK42_AMP_PS_S1_7,PIN,K43_BST2_S1.6,K43_BST2_S1,TPEBOOJE,$$$\TPEBOOJE-6,,,2,6,6,Passive,,,,,,,,,,6
C:\Users\nvt10241\Downloads\Sheet1.SchDoc,NET_MEMBER,NET_MEMBER@NetK43_BST2_S1_2@PORT@BST1_S_S1@Output,NetK43_BST2_S1_2,PORT,BST1_S_S1,,,,,,,,,Output,,,,,,,,,CONNECTED,BST1_S_S1
C:\Users\nvt10241\Downloads\Sheet1.SchDoc,NET_MEMBER,NET_MEMBER@NetK43_BST2_S1_2@PIN@LJKVEBIV@$$$\LJKVEBIV-2,NetK43_BST2_S1_2,PIN,K43_BST2_S1.2,K43_BST2_S1,LJKVEBIV,$$$\LJKVEBIV-2,,,1,2,2,Passive,,,,,,,,,,2
C:\Users\nvt10241\Downloads\Sheet1.SchDoc,NET_MEMBER,NET_MEMBER@NetK43_BST2_S1_2@PIN@VXGHCWHO@$$$\VXGHCWHO-2,NetK43_BST2_S1_2,PIN,R_BST1_S1.2,R_BST1_S1,VXGHCWHO,$$$\VXGHCWHO-2,,,1,2,2,Passive,,,,,,,,,,2
C:\Users\nvt10241\Downloads\Sheet1.SchDoc,NET_MEMBER,NET_MEMBER@NetK43_BST2_S1_2@PIN@FJELADRP@$$$\FJELADRP-1,NetK43_BST2_S1_2,PIN,TP_BST1_S_S1.1,TP_BST1_S_S1,FJELADRP,$$$\FJELADRP-1,,,1,1,1,Passive,,,,,,,,,,1
C:\Users\nvt10241\Downloads\Sheet1.SchDoc,NET_MEMBER,NET_MEMBER@NetK43_BST2_S1_4@PORT@BST2_S_S1@Output,NetK43_BST2_S1_4,PORT,BST2_S_S1,,,,,,,,,Output,,,,,,,,,CONNECTED,BST2_S_S1
C:\Users\nvt10241\Downloads\Sheet1.SchDoc,NET_MEMBER,NET_MEMBER@NetK43_BST2_S1_4@PIN@LJKVEBIV@$$$\LJKVEBIV-4,NetK43_BST2_S1_4,PIN,K43_BST2_S1.4,K43_BST2_S1,LJKVEBIV,$$$\LJKVEBIV-4,,,1,4,4,Passive,,,,,,,,,,4
C:\Users\nvt10241\Downloads\Sheet1.SchDoc,NET_MEMBER,NET_MEMBER@NetK43_BST2_S1_4@PIN@NSGQIZKP@$$$\NSGQIZKP-2,NetK43_BST2_S1_4,PIN,R_BST2_S1.2,R_BST2_S1,NSGQIZKP,$$$\NSGQIZKP-2,,,1,2,2,Passive,,,,,,,,,,2
C:\Users\nvt10241\Downloads\Sheet1.SchDoc,NET_MEMBER,NET_MEMBER@NetK43_BST2_S1_4@PIN@CLCZMSQH@$$$\CLCZMSQH-1,NetK43_BST2_S1_4,PIN,TP_BST2_S_S1.1,TP_BST2_S_S1,CLCZMSQH,$$$\CLCZMSQH-1,,,1,1,1,Passive,,,,,,,,,,1
C:\Users\nvt10241\Downloads\Sheet1.SchDoc,NET_MEMBER,NET_MEMBER@NetK43_BST2_S1_5@PORT@BST2_F_S1@Output,NetK43_BST2_S1_5,PORT,BST2_F_S1,,,,,,,,,Output,,,,,,,,,CONNECTED,BST2_F_S1
C:\Users\nvt10241\Downloads\Sheet1.SchDoc,NET_MEMBER,NET_MEMBER@NetK43_BST2_S1_5@PIN@TPEBOOJE@$$$\TPEBOOJE-5,NetK43_BST2_S1_5,PIN,K43_BST2_S1.5,K43_BST2_S1,TPEBOOJE,$$$\TPEBOOJE-5,,,2,5,5,Passive,,,,,,,,,,5
C:\Users\nvt10241\Downloads\Sheet1.SchDoc,NET_MEMBER,NET_MEMBER@NetK43_BST2_S1_5@PIN@TDKGGJXR@$$$\TDKGGJXR-3,NetK43_BST2_S1_5,PIN,K44_Cap_SW2_BST2_S1S2.3,K44_Cap_SW2_BST2_S1S2,TDKGGJXR,$$$\TDKGGJXR-3,,,1,3,3,Passive,,,,,,,,,,3
C:\Users\nvt10241\Downloads\Sheet1.SchDoc,NET_MEMBER,NET_MEMBER@NetK43_BST2_S1_5@PIN@NSGQIZKP@$$$\NSGQIZKP-1,NetK43_BST2_S1_5,PIN,R_BST2_S1.1,R_BST2_S1,NSGQIZKP,$$$\NSGQIZKP-1,,,1,1,1,Passive,,,,,,,,,,1
C:\Users\nvt10241\Downloads\Sheet1.SchDoc,NET_MEMBER,NET_MEMBER@NetK43_BST2_S1_5@PIN@VOVOKELS@$$$\VOVOKELS-1,NetK43_BST2_S1_5,PIN,TP_BST2_F_S1.1,TP_BST2_F_S1,VOVOKELS,$$$\VOVOKELS-1,,,1,1,1,Passive,,,,,,,,,,1
C:\Users\nvt10241\Downloads\Sheet1.SchDoc,NET_MEMBER,NET_MEMBER@NetK44_Cap_SW2_BST2_S1S2_4@PIN@TDKGGJXR@$$$\TDKGGJXR-4,NetK44_Cap_SW2_BST2_S1S2_4,PIN,K44_Cap_SW2_BST2_S1S2.4,K44_Cap_SW2_BST2_S1S2,TDKGGJXR,$$$\TDKGGJXR-4,,,1,4,4,Passive,,,,,,,,,,4
C:\Users\nvt10241\Downloads\Sheet1.SchDoc,NET_MEMBER,NET_MEMBER@NetK43_BST2_S1_7@PORT@BST1_F_S1@Output,NetK43_BST2_S1_7,PORT,BST1_F_S1,,,,,,,,,Output,,,,,,,,,CONNECTED,BST1_F_S1
C:\Users\nvt10241\Downloads\Sheet1.SchDoc,NET_MEMBER,NET_MEMBER@NetK43_BST2_S1_7@PIN@TPEBOOJE@$$$\TPEBOOJE-7,NetK43_BST2_S1_7,PIN,K43_BST2_S1.7,K43_BST2_S1,TPEBOOJE,$$$\TPEBOOJE-7,,,2,7,7,Passive,,,,,,,,,,7
C:\Users\nvt10241\Downloads\Sheet1.SchDoc,NET_MEMBER,NET_MEMBER@NetK43_BST2_S1_7@PIN@KCMQDOYH@$$$\KCMQDOYH-3,NetK43_BST2_S1_7,PIN,K45_Cap_SW1_BST1_S1S2.3,K45_Cap_SW1_BST1_S1S2,KCMQDOYH,$$$\KCMQDOYH-3,,,1,3,3,Passive,,,,,,,,,,3
C:\Users\nvt10241\Downloads\Sheet1.SchDoc,NET_MEMBER,NET_MEMBER@NetK43_BST2_S1_7@PIN@VXGHCWHO@$$$\VXGHCWHO-1,NetK43_BST2_S1_7,PIN,R_BST1_S1.1,R_BST1_S1,VXGHCWHO,$$$\VXGHCWHO-1,,,1,1,1,Passive,,,,,,,,,,1
C:\Users\nvt10241\Downloads\Sheet1.SchDoc,NET_MEMBER,NET_MEMBER@NetK43_BST2_S1_7@PIN@CQKGSVBD@$$$\CQKGSVBD-1,NetK43_BST2_S1_7,PIN,TP_BST1_F_S1.1,TP_BST1_F_S1,CQKGSVBD,$$$\CQKGSVBD-1,,,1,1,1,Passive,,,,,,,,,,1
C:\Users\nvt10241\Downloads\Sheet1.SchDoc,NET_MEMBER,NET_MEMBER@NetK45_Cap_SW1_BST1_S1S2_4@PIN@KCMQDOYH@$$$\KCMQDOYH-4,NetK45_Cap_SW1_BST1_S1S2_4,PIN,K45_Cap_SW1_BST1_S1S2.4,K45_Cap_SW1_BST1_S1S2,KCMQDOYH,$$$\KCMQDOYH-4,,,1,4,4,Passive,,,,,,,,,,4
C:\Users\nvt10241\Downloads\Sheet1.SchDoc,NET_MEMBER,NET_MEMBER@NetK46_BUS_FH_SW1_S1_2@PORT@S5_ACM200_FH5@I/O,NetK46_BUS_FH_SW1_S1_2,PORT,S5_ACM200_FH5,,,,,,,,,I/O,,,,,,,,,CONNECTED,S5_ACM200_FH5
C:\Users\nvt10241\Downloads\Sheet1.SchDoc,NET_MEMBER,NET_MEMBER@NetK46_BUS_FH_SW1_S1_2@PIN@GJDWTCIJ@$$$\GJDWTCIJ-2,NetK46_BUS_FH_SW1_S1_2,PIN,K46_BUS_FH_SW1_S1.2,K46_BUS_FH_SW1_S1,GJDWTCIJ,$$$\GJDWTCIJ-2,,,1,2,NO,Passive,,,,,,,,,,2
C:\Users\nvt10241\Downloads\Sheet1.SchDoc,NET_MEMBER,NET_MEMBER@NetK46_BUS_FH_SW1_S1_2@PIN@WAYPOQSJ@$$$\WAYPOQSJ-6,NetK46_BUS_FH_SW1_S1_2,PIN,K48_AMP_REF_S1.6,K48_AMP_REF_S1,WAYPOQSJ,$$$\WAYPOQSJ-6,,,2,6,6,Passive,,,,,,,,,,6
C:\Users\nvt10241\Downloads\Sheet1.SchDoc,NET_MEMBER,NET_MEMBER@NetK46_BUS_SH_SW1_S1_2@PORT@S5_ACM200_SH5@I/O,NetK46_BUS_SH_SW1_S1_2,PORT,S5_ACM200_SH5,,,,,,,,,I/O,,,,,,,,,CONNECTED,S5_ACM200_SH5
C:\Users\nvt10241\Downloads\Sheet1.SchDoc,NET_MEMBER,NET_MEMBER@NetK46_BUS_SH_SW1_S1_2@PIN@SEYZCEOH@$$$\SEYZCEOH-2,NetK46_BUS_SH_SW1_S1_2,PIN,K46_BUS_SH_SW1_S1.2,K46_BUS_SH_SW1_S1,SEYZCEOH,$$$\SEYZCEOH-2,,,1,2,NO,Passive,,,,,,,,,,2
C:\Users\nvt10241\Downloads\Sheet1.SchDoc,NET_MEMBER,NET_MEMBER@NetK46_BUS_SH_SW1_S1_2@PIN@UPKVEKUL@$$$\UPKVEKUL-3,NetK46_BUS_SH_SW1_S1_2,PIN,K48_AMP_REF_S1.3,K48_AMP_REF_S1,UPKVEKUL,$$$\UPKVEKUL-3,,,1,3,3,Passive,,,,,,,,,,3
C:\Users\nvt10241\Downloads\Sheet1.SchDoc,NET_MEMBER,NET_MEMBER@NetK47_BUS_FL_SW1_S1_2@PORT@S3_FXVIe_PLUS_FH0@I/O,NetK47_BUS_FL_SW1_S1_2,PORT,S3_FXVIe_PLUS_FH0,,,,,,,,,I/O,,,,,,,,,CONNECTED,S3_FXVIe_PLUS_FH0
C:\Users\nvt10241\Downloads\Sheet1.SchDoc,NET_MEMBER,NET_MEMBER@NetK47_BUS_FL_SW1_S1_2@PIN@UJPZLDGE@$$$\UJPZLDGE-2,NetK47_BUS_FL_SW1_S1_2,PIN,K47_BUS_FL_SW1_S1.2,K47_BUS_FL_SW1_S1,UJPZLDGE,$$$\UJPZLDGE-2,,,1,2,NO,Passive,,,,,,,,,,2
C:\Users\nvt10241\Downloads\Sheet1.SchDoc,NET_MEMBER,NET_MEMBER@NetK47_BUS_FL_SW1_S1_2@PIN@ZCCEHOVH@$$$\ZCCEHOVH-3,NetK47_BUS_FL_SW1_S1_2,PIN,K50_FOVI_SW2_S1.3,K50_FOVI_SW2_S1,ZCCEHOVH,$$$\ZCCEHOVH-3,,,1,3,3,Passive,,,,,,,,,,3
C:\Users\nvt10241\Downloads\Sheet1.SchDoc,NET_MEMBER,NET_MEMBER@NetK47_BUS_SL_SW1_S1_2@PORT@S3_FXVIe_PLUS_SH0@I/O,NetK47_BUS_SL_SW1_S1_2,PORT,S3_FXVIe_PLUS_SH0,,,,,,,,,I/O,,,,,,,,,CONNECTED,S3_FXVIe_PLUS_SH0
C:\Users\nvt10241\Downloads\Sheet1.SchDoc,NET_MEMBER,NET_MEMBER@NetK47_BUS_SL_SW1_S1_2@PIN@FBWUGAYV@$$$\FBWUGAYV-2,NetK47_BUS_SL_SW1_S1_2,PIN,K47_BUS_SL_SW1_S1.2,K47_BUS_SL_SW1_S1,FBWUGAYV,$$$\FBWUGAYV-2,,,1,2,NO,Passive,,,,,,,,,,2
C:\Users\nvt10241\Downloads\Sheet1.SchDoc,NET_MEMBER,NET_MEMBER@NetK47_BUS_SL_SW1_S1_2@PIN@QGQZWQJG@$$$\QGQZWQJG-6,NetK47_BUS_SL_SW1_S1_2,PIN,K50_FOVI_SW2_S1.6,K50_FOVI_SW2_S1,QGQZWQJG,$$$\QGQZWQJG-6,,,2,6,6,Passive,,,,,,,,,,6
C:\Users\nvt10241\Downloads\Sheet1.SchDoc,NET_MEMBER,NET_MEMBER@NetK48_AMP_REF_S1_2@PIN@UPKVEKUL@$$$\UPKVEKUL-2,NetK48_AMP_REF_S1_2,PIN,K48_AMP_REF_S1.2,K48_AMP_REF_S1,UPKVEKUL,$$$\UPKVEKUL-2,,,1,2,2,Passive,,,,,,,,,,2
C:\Users\nvt10241\Downloads\Sheet1.SchDoc,NET_MEMBER,NET_MEMBER@NetK48_AMP_REF_S1_2@PIN@FMFKCAHA@$$$\FMFKCAHA-3,NetK48_AMP_REF_S1_2,PIN,K49_ACM_SW2_S1.3,K49_ACM_SW2_S1,FMFKCAHA,$$$\FMFKCAHA-3,,,1,3,3,Passive,,,,,,,,,,3
C:\Users\nvt10241\Downloads\Sheet1.SchDoc,NET_MEMBER,NET_MEMBER@NetK48_AMP_REF_S1_4@PIN@UPKVEKUL@$$$\UPKVEKUL-4,NetK48_AMP_REF_S1_4,PIN,K48_AMP_REF_S1.4,K48_AMP_REF_S1,UPKVEKUL,$$$\UPKVEKUL-4,,,1,4,4,Passive,,,,,,,,,,4
C:\Users\nvt10241\Downloads\Sheet1.SchDoc,NET_MEMBER,NET_MEMBER@NetK48_AMP_REF_S1_4@PIN@SAUABOUZ@$$$\SAUABOUZ-3,NetK48_AMP_REF_S1_4,PIN,K76_ACM_BST_S1.3,K76_ACM_BST_S1,SAUABOUZ,$$$\SAUABOUZ-3,,,1,3,3,Passive,,,,,,,,,,3
C:\Users\nvt10241\Downloads\Sheet1.SchDoc,NET_MEMBER,NET_MEMBER@NetK48_AMP_REF_S1_5@PIN@WAYPOQSJ@$$$\WAYPOQSJ-5,NetK48_AMP_REF_S1_5,PIN,K48_AMP_REF_S1.5,K48_AMP_REF_S1,WAYPOQSJ,$$$\WAYPOQSJ-5,,,2,5,5,Passive,,,,,,,,,,5
C:\Users\nvt10241\Downloads\Sheet1.SchDoc,NET_MEMBER,NET_MEMBER@NetK48_AMP_REF_S1_5@PIN@CNKFWDEK@$$$\CNKFWDEK-6,NetK48_AMP_REF_S1_5,PIN,K76_ACM_BST_S1.6,K76_ACM_BST_S1,CNKFWDEK,$$$\CNKFWDEK-6,,,2,6,6,Passive,,,,,,,,,,6
C:\Users\nvt10241\Downloads\Sheet1.SchDoc,NET_MEMBER,NET_MEMBER@NetK48_AMP_REF_S1_7@PIN@WAYPOQSJ@$$$\WAYPOQSJ-7,NetK48_AMP_REF_S1_7,PIN,K48_AMP_REF_S1.7,K48_AMP_REF_S1,WAYPOQSJ,$$$\WAYPOQSJ-7,,,2,7,7,Passive,,,,,,,,,,7
C:\Users\nvt10241\Downloads\Sheet1.SchDoc,NET_MEMBER,NET_MEMBER@NetK48_AMP_REF_S1_7@PIN@HFFXAGTY@$$$\HFFXAGTY-6,NetK48_AMP_REF_S1_7,PIN,K49_ACM_SW2_S1.6,K49_ACM_SW2_S1,HFFXAGTY,$$$\HFFXAGTY-6,,,2,6,6,Passive,,,,,,,,,,6
C:\Users\nvt10241\Downloads\Sheet1.SchDoc,NET_MEMBER,NET_MEMBER@NetK49_ACM_SW2_S1_2@PORT@SW1_S_S1@Output,NetK49_ACM_SW2_S1_2,PORT,SW1_S_S1,,,,,,,,,Output,,,,,,,,,CONNECTED,SW1_S_S1
C:\Users\nvt10241\Downloads\Sheet1.SchDoc,NET_MEMBER,NET_MEMBER@NetK49_ACM_SW2_S1_2@PIN@FMFKCAHA@$$$\FMFKCAHA-2,NetK49_ACM_SW2_S1_2,PIN,K49_ACM_SW2_S1.2,K49_ACM_SW2_S1,FMFKCAHA,$$$\FMFKCAHA-2,,,1,2,2,Passive,,,,,,,,,,2
C:\Users\nvt10241\Downloads\Sheet1.SchDoc,NET_MEMBER,NET_MEMBER@NetK49_ACM_SW2_S1_2@PIN@QGQZWQJG@$$$\QGQZWQJG-7,NetK49_ACM_SW2_S1_2,PIN,K50_FOVI_SW2_S1.7,K50_FOVI_SW2_S1,QGQZWQJG,$$$\QGQZWQJG-7,,,2,7,7,Passive,,,,,,,,,,7
C:\Users\nvt10241\Downloads\Sheet1.SchDoc,NET_MEMBER,NET_MEMBER@NetK49_ACM_SW2_S1_2@PIN@RCBPJPZO@$$$\RCBPJPZO-2,NetK49_ACM_SW2_S1_2,PIN,R_SW1_KLV_S1.2,R_SW1_KLV_S1,RCBPJPZO,$$$\RCBPJPZO-2,,,1,2,2,Passive,,,,,,,,,,2
C:\Users\nvt10241\Downloads\Sheet1.SchDoc,NET_MEMBER,NET_MEMBER@NetK49_ACM_SW2_S1_2@PIN@PCNSMVYU@$$$\PCNSMVYU-1,NetK49_ACM_SW2_S1_2,PIN,TP_SW1_S_S1.1,TP_SW1_S_S1,PCNSMVYU,$$$\PCNSMVYU-1,,,1,1,1,Passive,,,,,,,,,,1
C:\Users\nvt10241\Downloads\Sheet1.SchDoc,NET_MEMBER,NET_MEMBER@NetK49_ACM_SW2_S1_4@PORT@SW2_S_S1@Output,NetK49_ACM_SW2_S1_4,PORT,SW2_S_S1,,,,,,,,,Output,,,,,,,,,CONNECTED,SW2_S_S1
C:\Users\nvt10241\Downloads\Sheet1.SchDoc,NET_MEMBER,NET_MEMBER@NetK49_ACM_SW2_S1_4@PIN@FMFKCAHA@$$$\FMFKCAHA-4,NetK49_ACM_SW2_S1_4,PIN,K49_ACM_SW2_S1.4,K49_ACM_SW2_S1,FMFKCAHA,$$$\FMFKCAHA-4,,,1,4,4,Passive,,,,,,,,,,4
C:\Users\nvt10241\Downloads\Sheet1.SchDoc,NET_MEMBER,NET_MEMBER@NetK49_ACM_SW2_S1_4@PIN@QGQZWQJG@$$$\QGQZWQJG-5,NetK49_ACM_SW2_S1_4,PIN,K50_FOVI_SW2_S1.5,K50_FOVI_SW2_S1,QGQZWQJG,$$$\QGQZWQJG-5,,,2,5,5,Passive,,,,,,,,,,5
C:\Users\nvt10241\Downloads\Sheet1.SchDoc,NET_MEMBER,NET_MEMBER@NetK49_ACM_SW2_S1_4@PIN@VLRMMGFB@$$$\VLRMMGFB-2,NetK49_ACM_SW2_S1_4,PIN,R_SW2_KLV_S1.2,R_SW2_KLV_S1,VLRMMGFB,$$$\VLRMMGFB-2,,,1,2,2,Passive,,,,,,,,,,2
C:\Users\nvt10241\Downloads\Sheet1.SchDoc,NET_MEMBER,NET_MEMBER@NetK49_ACM_SW2_S1_4@PIN@ANGXNCUJ@$$$\ANGXNCUJ-1,NetK49_ACM_SW2_S1_4,PIN,TP_SW2_S_S1.1,TP_SW2_S_S1,ANGXNCUJ,$$$\ANGXNCUJ-1,,,1,1,1,Passive,,,,,,,,,,1
C:\Users\nvt10241\Downloads\Sheet1.SchDoc,NET_MEMBER,NET_MEMBER@NetK51_BUSL_LG_S1_2@PIN@ONHMCZFR@$$$\ONHMCZFR-2,NetK51_BUSL_LG_S1_2,PIN,K51_BUSL_LG_S1.2,K51_BUSL_LG_S1,ONHMCZFR,$$$\ONHMCZFR-2,,,1,2,2,Passive,,,,,,,,,,2
C:\Users\nvt10241\Downloads\Sheet1.SchDoc,NET_MEMBER,NET_MEMBER@NetK51_BUSL_LG_S1_4@PORT@S5_ACM200_FH6@I/O,NetK51_BUSL_LG_S1_4,PORT,S5_ACM200_FH6,,,,,,,,,I/O,,,,,,,,,CONNECTED,S5_ACM200_FH6
C:\Users\nvt10241\Downloads\Sheet1.SchDoc,NET_MEMBER,NET_MEMBER@NetK51_BUSL_LG_S1_4@PIN@ONHMCZFR@$$$\ONHMCZFR-4,NetK51_BUSL_LG_S1_4,PIN,K51_BUSL_LG_S1.4,K51_BUSL_LG_S1,ONHMCZFR,$$$\ONHMCZFR-4,,,1,4,4,Passive,,,,,,,,,,4
C:\Users\nvt10241\Downloads\Sheet1.SchDoc,NET_MEMBER,NET_MEMBER@NetK51_BUSL_LG_S1_4@PIN@MJNOGKKQ@$$$\MJNOGKKQ-6,NetK51_BUSL_LG_S1_4,PIN,K52_LG2_S1.6,K52_LG2_S1,MJNOGKKQ,$$$\MJNOGKKQ-6,,,2,6,6,Passive,,,,,,,,,,6
C:\Users\nvt10241\Downloads\Sheet1.SchDoc,NET_MEMBER,NET_MEMBER@NetK51_BUSL_LG_S1_5@PORT@S5_ACM200_SH6@I/O,NetK51_BUSL_LG_S1_5,PORT,S5_ACM200_SH6,,,,,,,,,I/O,,,,,,,,,CONNECTED,S5_ACM200_SH6
C:\Users\nvt10241\Downloads\Sheet1.SchDoc,NET_MEMBER,NET_MEMBER@NetK51_BUSL_LG_S1_5@PIN@WBMEJFOW@$$$\WBMEJFOW-5,NetK51_BUSL_LG_S1_5,PIN,K51_BUSL_LG_S1.5,K51_BUSL_LG_S1,WBMEJFOW,$$$\WBMEJFOW-5,,,2,5,5,Passive,,,,,,,,,,5
C:\Users\nvt10241\Downloads\Sheet1.SchDoc,NET_MEMBER,NET_MEMBER@NetK51_BUSL_LG_S1_5@PIN@FNZFSRDR@$$$\FNZFSRDR-3,NetK51_BUSL_LG_S1_5,PIN,K52_LG2_S1.3,K52_LG2_S1,FNZFSRDR,$$$\FNZFSRDR-3,,,1,3,3,Passive,,,,,,,,,,3
C:\Users\nvt10241\Downloads\Sheet1.SchDoc,NET_MEMBER,NET_MEMBER@NetK51_BUSL_LG_S1_7@PIN@WBMEJFOW@$$$\WBMEJFOW-7,NetK51_BUSL_LG_S1_7,PIN,K51_BUSL_LG_S1.7,K51_BUSL_LG_S1,WBMEJFOW,$$$\WBMEJFOW-7,,,2,7,7,Passive,,,,,,,,,,7
C:\Users\nvt10241\Downloads\Sheet1.SchDoc,NET_MEMBER,NET_MEMBER@NetK52_LG2_S1_2@PORT@LG2_S_S1@Output,NetK52_LG2_S1_2,PORT,LG2_S_S1,,,,,,,,,Output,,,,,,,,,CONNECTED,LG2_S_S1
C:\Users\nvt10241\Downloads\Sheet1.SchDoc,NET_MEMBER,NET_MEMBER@NetK52_LG2_S1_2@PIN@FNZFSRDR@$$$\FNZFSRDR-2,NetK52_LG2_S1_2,PIN,K52_LG2_S1.2,K52_LG2_S1,FNZFSRDR,$$$\FNZFSRDR-2,,,1,2,2,Passive,,,,,,,,,,2
C:\Users\nvt10241\Downloads\Sheet1.SchDoc,NET_MEMBER,NET_MEMBER@NetK52_LG2_S1_2@PIN@QPHDHRJC@$$$\QPHDHRJC-2,NetK52_LG2_S1_2,PIN,R_LG2_S1.2,R_LG2_S1,QPHDHRJC,$$$\QPHDHRJC-2,,,1,2,2,Passive,,,,,,,,,,2
C:\Users\nvt10241\Downloads\Sheet1.SchDoc,NET_MEMBER,NET_MEMBER@NetK52_LG2_S1_2@PIN@AWOCNQBT@$$$\AWOCNQBT-1,NetK52_LG2_S1_2,PIN,TP_LG2_S_S1.1,TP_LG2_S_S1,AWOCNQBT,$$$\AWOCNQBT-1,,,1,1,1,Passive,,,,,,,,,,1
C:\Users\nvt10241\Downloads\Sheet1.SchDoc,NET_MEMBER,NET_MEMBER@NetK52_LG2_S1_4@PORT@LG1_S_S1@Output,NetK52_LG2_S1_4,PORT,LG1_S_S1,,,,,,,,,Output,,,,,,,,,CONNECTED,LG1_S_S1
C:\Users\nvt10241\Downloads\Sheet1.SchDoc,NET_MEMBER,NET_MEMBER@NetK52_LG2_S1_4@PIN@FNZFSRDR@$$$\FNZFSRDR-4,NetK52_LG2_S1_4,PIN,K52_LG2_S1.4,K52_LG2_S1,FNZFSRDR,$$$\FNZFSRDR-4,,,1,4,4,Passive,,,,,,,,,,4
C:\Users\nvt10241\Downloads\Sheet1.SchDoc,NET_MEMBER,NET_MEMBER@NetK52_LG2_S1_4@PIN@JLHYCJEQ@$$$\JLHYCJEQ-2,NetK52_LG2_S1_4,PIN,R_LG1_S1.2,R_LG1_S1,JLHYCJEQ,$$$\JLHYCJEQ-2,,,1,2,2,Passive,,,,,,,,,,2
C:\Users\nvt10241\Downloads\Sheet1.SchDoc,NET_MEMBER,NET_MEMBER@NetK52_LG2_S1_4@PIN@ONPSRNJE@$$$\ONPSRNJE-1,NetK52_LG2_S1_4,PIN,TP_LG1_S_S1.1,TP_LG1_S_S1,ONPSRNJE,$$$\ONPSRNJE-1,,,1,1,1,Passive,,,,,,,,,,1
C:\Users\nvt10241\Downloads\Sheet1.SchDoc,NET_MEMBER,NET_MEMBER@NetK52_LG2_S1_5@PORT@LG1_F_S1@Output,NetK52_LG2_S1_5,PORT,LG1_F_S1,,,,,,,,,Output,,,,,,,,,CONNECTED,LG1_F_S1
C:\Users\nvt10241\Downloads\Sheet1.SchDoc,NET_MEMBER,NET_MEMBER@NetK52_LG2_S1_5@PIN@MJNOGKKQ@$$$\MJNOGKKQ-5,NetK52_LG2_S1_5,PIN,K52_LG2_S1.5,K52_LG2_S1,MJNOGKKQ,$$$\MJNOGKKQ-5,,,2,5,5,Passive,,,,,,,,,,5
C:\Users\nvt10241\Downloads\Sheet1.SchDoc,NET_MEMBER,NET_MEMBER@NetK52_LG2_S1_5@PIN@STMAFQJM@$$$\STMAFQJM-1,NetK52_LG2_S1_5,PIN,K54_LG1_P2P_S1.1,K54_LG1_P2P_S1,STMAFQJM,$$$\STMAFQJM-1,,,1,1,COMMON,Passive,,,,,,,,,,1
C:\Users\nvt10241\Downloads\Sheet1.SchDoc,NET_MEMBER,NET_MEMBER@NetK52_LG2_S1_5@PIN@JLHYCJEQ@$$$\JLHYCJEQ-1,NetK52_LG2_S1_5,PIN,R_LG1_S1.1,R_LG1_S1,JLHYCJEQ,$$$\JLHYCJEQ-1,,,1,1,1,Passive,,,,,,,,,,1
C:\Users\nvt10241\Downloads\Sheet1.SchDoc,NET_MEMBER,NET_MEMBER@NetK52_LG2_S1_5@PIN@LFXQYBXT@$$$\LFXQYBXT-1,NetK52_LG2_S1_5,PIN,TP_LG1_F_S1.1,TP_LG1_F_S1,LFXQYBXT,$$$\LFXQYBXT-1,,,1,1,1,Passive,,,,,,,,,,1
C:\Users\nvt10241\Downloads\Sheet1.SchDoc,NET_MEMBER,NET_MEMBER@NetK52_LG2_S1_7@PORT@LG2_F_S1@Output,NetK52_LG2_S1_7,PORT,LG2_F_S1,,,,,,,,,Output,,,,,,,,,CONNECTED,LG2_F_S1
C:\Users\nvt10241\Downloads\Sheet1.SchDoc,NET_MEMBER,NET_MEMBER@NetK52_LG2_S1_7@PIN@MJNOGKKQ@$$$\MJNOGKKQ-7,NetK52_LG2_S1_7,PIN,K52_LG2_S1.7,K52_LG2_S1,MJNOGKKQ,$$$\MJNOGKKQ-7,,,2,7,7,Passive,,,,,,,,,,7
C:\Users\nvt10241\Downloads\Sheet1.SchDoc,NET_MEMBER,NET_MEMBER@NetK52_LG2_S1_7@PIN@SBMVDCLM@$$$\SBMVDCLM-1,NetK52_LG2_S1_7,PIN,K53_LG2_P2P_S1.1,K53_LG2_P2P_S1,SBMVDCLM,$$$\SBMVDCLM-1,,,1,1,COMMON,Passive,,,,,,,,,,1
C:\Users\nvt10241\Downloads\Sheet1.SchDoc,NET_MEMBER,NET_MEMBER@NetK52_LG2_S1_7@PIN@QPHDHRJC@$$$\QPHDHRJC-1,NetK52_LG2_S1_7,PIN,R_LG2_S1.1,R_LG2_S1,QPHDHRJC,$$$\QPHDHRJC-1,,,1,1,1,Passive,,,,,,,,,,1
C:\Users\nvt10241\Downloads\Sheet1.SchDoc,NET_MEMBER,NET_MEMBER@NetK52_LG2_S1_7@PIN@KJQVIJNX@$$$\KJQVIJNX-1,NetK52_LG2_S1_7,PIN,TP_LG2_F_S1.1,TP_LG2_F_S1,KJQVIJNX,$$$\KJQVIJNX-1,,,1,1,1,Passive,,,,,,,,,,1
C:\Users\nvt10241\Downloads\Sheet1.SchDoc,NET_MEMBER,NET_MEMBER@NetK55_HG2_P2P_S1_1@PORT@HG2_F_S1@Output,NetK55_HG2_P2P_S1_1,PORT,HG2_F_S1,,,,,,,,,Output,,,,,,,,,CONNECTED,HG2_F_S1
C:\Users\nvt10241\Downloads\Sheet1.SchDoc,NET_MEMBER,NET_MEMBER@NetK55_HG2_P2P_S1_1@PIN@TGUKHBDS@$$$\TGUKHBDS-1,NetK55_HG2_P2P_S1_1,PIN,K55_HG2_P2P_S1.1,K55_HG2_P2P_S1,TGUKHBDS,$$$\TGUKHBDS-1,,,1,1,COMMON,Passive,,,,,,,,,,1
C:\Users\nvt10241\Downloads\Sheet1.SchDoc,NET_MEMBER,NET_MEMBER@NetK55_HG2_P2P_S1_1@PIN@TYUZHVGC@$$$\TYUZHVGC-4,NetK55_HG2_P2P_S1_1,PIN,K84_HG2_S1.4,K84_HG2_S1,TYUZHVGC,$$$\TYUZHVGC-4,,,1,4,4,Passive,,,,,,,,,,4
C:\Users\nvt10241\Downloads\Sheet1.SchDoc,NET_MEMBER,NET_MEMBER@NetK55_HG2_P2P_S1_1@PIN@XJQGPZLL@$$$\XJQGPZLL-1,NetK55_HG2_P2P_S1_1,PIN,R_HG2_S1.1,R_HG2_S1,XJQGPZLL,$$$\XJQGPZLL-1,,,1,1,1,Passive,,,,,,,,,,1
C:\Users\nvt10241\Downloads\Sheet1.SchDoc,NET_MEMBER,NET_MEMBER@NetK55_HG2_P2P_S1_1@PIN@YJSAPATA@$$$\YJSAPATA-1,NetK55_HG2_P2P_S1_1,PIN,TP_HG2_F_S1.1,TP_HG2_F_S1,YJSAPATA,$$$\YJSAPATA-1,,,1,1,1,Passive,,,,,,,,,,1
C:\Users\nvt10241\Downloads\Sheet1.SchDoc,NET_MEMBER,NET_MEMBER@NetK56_HG1_P2P_S1_1@PORT@HG1_S_S1@Output,NetK56_HG1_P2P_S1_1,PORT,HG1_S_S1,,,,,,,,,Output,,,,,,,,,CONNECTED,HG1_S_S1
C:\Users\nvt10241\Downloads\Sheet1.SchDoc,NET_MEMBER,NET_MEMBER@NetK56_HG1_P2P_S1_1@PIN@VXZGOQLM@$$$\VXZGOQLM-1,NetK56_HG1_P2P_S1_1,PIN,K56_HG1_P2P_S1.1,K56_HG1_P2P_S1,VXZGOQLM,$$$\VXZGOQLM-1,,,1,1,COMMON,Passive,,,,,,,,,,1
C:\Users\nvt10241\Downloads\Sheet1.SchDoc,NET_MEMBER,NET_MEMBER@NetK56_HG1_P2P_S1_1@PIN@SOBFDNKP@$$$\SOBFDNKP-4,NetK56_HG1_P2P_S1_1,PIN,K64_HG1_S1.4,K64_HG1_S1,SOBFDNKP,$$$\SOBFDNKP-4,,,1,4,4,Passive,,,,,,,,,,4
C:\Users\nvt10241\Downloads\Sheet1.SchDoc,NET_MEMBER,NET_MEMBER@NetK56_HG1_P2P_S1_1@PIN@VHMRQTHF@$$$\VHMRQTHF-2,NetK56_HG1_P2P_S1_1,PIN,R_HG1_S1.2,R_HG1_S1,VHMRQTHF,$$$\VHMRQTHF-2,,,1,2,2,Passive,,,,,,,,,,2
C:\Users\nvt10241\Downloads\Sheet1.SchDoc,NET_MEMBER,NET_MEMBER@NetK57_CAP_BST_SW_S1S2_4@PIN@HBADQXHD@$$$\HBADQXHD-4,NetK57_CAP_BST_SW_S1S2_4,PIN,K57_CAP_BST_SW_S1S2.4,K57_CAP_BST_SW_S1S2,HBADQXHD,$$$\HBADQXHD-4,,,1,4,4,Passive,,,,,,,,,,4
C:\Users\nvt10241\Downloads\Sheet1.SchDoc,NET_MEMBER,NET_MEMBER@NetK58_BUSH_VDM_S1_2@PIN@ITBBODHM@$$$\ITBBODHM-2,NetK58_BUSH_VDM_S1_2,PIN,K58_BUSH_VDM_S1.2,K58_BUSH_VDM_S1,ITBBODHM,$$$\ITBBODHM-2,,,1,2,2,Passive,,,,,,,,,,2
C:\Users\nvt10241\Downloads\Sheet1.SchDoc,NET_MEMBER,NET_MEMBER@NetK58_BUSH_VDM_S1_4@PORT@S5_ACM200_FH7@I/O,NetK58_BUSH_VDM_S1_4,PORT,S5_ACM200_FH7,,,,,,,,,I/O,,,,,,,,,CONNECTED,S5_ACM200_FH7
C:\Users\nvt10241\Downloads\Sheet1.SchDoc,NET_MEMBER,NET_MEMBER@NetK58_BUSH_VDM_S1_4@PIN@ITBBODHM@$$$\ITBBODHM-4,NetK58_BUSH_VDM_S1_4,PIN,K58_BUSH_VDM_S1.4,K58_BUSH_VDM_S1,ITBBODHM,$$$\ITBBODHM-4,,,1,4,4,Passive,,,,,,,,,,4
C:\Users\nvt10241\Downloads\Sheet1.SchDoc,NET_MEMBER,NET_MEMBER@NetK58_BUSH_VDM_S1_4@PIN@FFIONEAE@$$$\FFIONEAE-6,NetK58_BUSH_VDM_S1_4,PIN,K59_SDA_S1.6,K59_SDA_S1,FFIONEAE,$$$\FFIONEAE-6,,,2,6,6,Passive,,,,,,,,,,6
C:\Users\nvt10241\Downloads\Sheet1.SchDoc,NET_MEMBER,NET_MEMBER@NetK58_BUSH_VDM_S1_5@PORT@S5_ACM200_SH7@I/O,NetK58_BUSH_VDM_S1_5,PORT,S5_ACM200_SH7,,,,,,,,,I/O,,,,,,,,,CONNECTED,S5_ACM200_SH7
C:\Users\nvt10241\Downloads\Sheet1.SchDoc,NET_MEMBER,NET_MEMBER@NetK58_BUSH_VDM_S1_5@PIN@QUWNZMAN@$$$\QUWNZMAN-5,NetK58_BUSH_VDM_S1_5,PIN,K58_BUSH_VDM_S1.5,K58_BUSH_VDM_S1,QUWNZMAN,$$$\QUWNZMAN-5,,,2,5,5,Passive,,,,,,,,,,5
C:\Users\nvt10241\Downloads\Sheet1.SchDoc,NET_MEMBER,NET_MEMBER@NetK58_BUSH_VDM_S1_5@PIN@DQLLVEIU@$$$\DQLLVEIU-3,NetK58_BUSH_VDM_S1_5,PIN,K59_SDA_S1.3,K59_SDA_S1,DQLLVEIU,$$$\DQLLVEIU-3,,,1,3,3,Passive,,,,,,,,,,3
C:\Users\nvt10241\Downloads\Sheet1.SchDoc,NET_MEMBER,NET_MEMBER@NetK58_BUSH_VDM_S1_7@PIN@QUWNZMAN@$$$\QUWNZMAN-7,NetK58_BUSH_VDM_S1_7,PIN,K58_BUSH_VDM_S1.7,K58_BUSH_VDM_S1,QUWNZMAN,$$$\QUWNZMAN-7,,,2,7,7,Passive,,,,,,,,,,7
C:\Users\nvt10241\Downloads\Sheet1.SchDoc,NET_MEMBER,NET_MEMBER@NetK59_SDA_S1_2@PORT@VDM_S_S1@Output,NetK59_SDA_S1_2,PORT,VDM_S_S1,,,,,,,,,Output,,,,,,,,,CONNECTED,VDM_S_S1
C:\Users\nvt10241\Downloads\Sheet1.SchDoc,NET_MEMBER,NET_MEMBER@NetK59_SDA_S1_2@PIN@DQLLVEIU@$$$\DQLLVEIU-2,NetK59_SDA_S1_2,PIN,K59_SDA_S1.2,K59_SDA_S1,DQLLVEIU,$$$\DQLLVEIU-2,,,1,2,2,Passive,,,,,,,,,,2
C:\Users\nvt10241\Downloads\Sheet1.SchDoc,NET_MEMBER,NET_MEMBER@NetK59_SDA_S1_2@PIN@SOEHXPPM@$$$\SOEHXPPM-1,NetK59_SDA_S1_2,PIN,R_SDA_PU_S1.1,R_SDA_PU_S1,SOEHXPPM,$$$\SOEHXPPM-1,,,1,1,1,Passive,,,,,,,,,,1
C:\Users\nvt10241\Downloads\Sheet1.SchDoc,NET_MEMBER,NET_MEMBER@NetK59_SDA_S1_2@PIN@IHOAJHVD@$$$\IHOAJHVD-1,NetK59_SDA_S1_2,PIN,R_SDA_S1.1,R_SDA_S1,IHOAJHVD,$$$\IHOAJHVD-1,,,1,1,1,Passive,,,,,,,,,,1
C:\Users\nvt10241\Downloads\Sheet1.SchDoc,NET_MEMBER,NET_MEMBER@NetK59_SDA_S1_2@PIN@JSLELFFO@$$$\JSLELFFO-1,NetK59_SDA_S1_2,PIN,TP_VDM_S_S1.1,TP_VDM_S_S1,JSLELFFO,$$$\JSLELFFO-1,,,1,1,1,Passive,,,,,,,,,,1
C:\Users\nvt10241\Downloads\Sheet1.SchDoc,NET_MEMBER,NET_MEMBER@NetK59_SDA_S1_4@PORT@SDA_S_S1@Output,NetK59_SDA_S1_4,PORT,SDA_S_S1,,,,,,,,,Output,,,,,,,,,CONNECTED,SDA_S_S1
C:\Users\nvt10241\Downloads\Sheet1.SchDoc,NET_MEMBER,NET_MEMBER@NetK59_SDA_S1_4@PIN@DQLLVEIU@$$$\DQLLVEIU-4,NetK59_SDA_S1_4,PIN,K59_SDA_S1.4,K59_SDA_S1,DQLLVEIU,$$$\DQLLVEIU-4,,,1,4,4,Passive,,,,,,,,,,4
C:\Users\nvt10241\Downloads\Sheet1.SchDoc,NET_MEMBER,NET_MEMBER@NetK59_SDA_S1_4@PIN@IHOAJHVD@$$$\IHOAJHVD-2,NetK59_SDA_S1_4,PIN,R_SDA_S1.2,R_SDA_S1,IHOAJHVD,$$$\IHOAJHVD-2,,,1,2,2,Passive,,,,,,,,,,2
C:\Users\nvt10241\Downloads\Sheet1.SchDoc,NET_MEMBER,NET_MEMBER@NetK59_SDA_S1_4@PIN@RFKGWZPB@$$$\RFKGWZPB-1,NetK59_SDA_S1_4,PIN,TP_SDA_S_S1.1,TP_SDA_S_S1,RFKGWZPB,$$$\RFKGWZPB-1,,,1,1,1,Passive,,,,,,,,,,1
C:\Users\nvt10241\Downloads\Sheet1.SchDoc,NET_MEMBER,NET_MEMBER@NetK59_SDA_S1_5@PORT@S24_P2@I/O,NetK59_SDA_S1_5,PORT,S24_P2,,,,,,,,,I/O,,,,,,,,,CONNECTED,S24_P2
C:\Users\nvt10241\Downloads\Sheet1.SchDoc,NET_MEMBER,NET_MEMBER@NetK59_SDA_S1_5@PORT@SDA_F_S1@Output,NetK59_SDA_S1_5,PORT,SDA_F_S1,,,,,,,,,Output,,,,,,,,,CONNECTED,SDA_F_S1
C:\Users\nvt10241\Downloads\Sheet1.SchDoc,NET_MEMBER,NET_MEMBER@NetK59_SDA_S1_5@PIN@FFIONEAE@$$$\FFIONEAE-5,NetK59_SDA_S1_5,PIN,K59_SDA_S1.5,K59_SDA_S1,FFIONEAE,$$$\FFIONEAE-5,,,2,5,5,Passive,,,,,,,,,,5
C:\Users\nvt10241\Downloads\Sheet1.SchDoc,NET_MEMBER,NET_MEMBER@NetK59_SDA_S1_5@PIN@UIHAYPVV@$$$\UIHAYPVV-2,NetK59_SDA_S1_5,PIN,R_VDM_S1.2,R_VDM_S1,UIHAYPVV,$$$\UIHAYPVV-2,,,1,2,2,Passive,,,,,,,,,,2
C:\Users\nvt10241\Downloads\Sheet1.SchDoc,NET_MEMBER,NET_MEMBER@NetK59_SDA_S1_5@PIN@ECLJSDGB@$$$\ECLJSDGB-1,NetK59_SDA_S1_5,PIN,TP_SDA_F_S1.1,TP_SDA_F_S1,ECLJSDGB,$$$\ECLJSDGB-1,,,1,1,1,Passive,,,,,,,,,,1
C:\Users\nvt10241\Downloads\Sheet1.SchDoc,NET_MEMBER,NET_MEMBER@NetK59_SDA_S1_7@PORT@VDM_F_S1@Output,NetK59_SDA_S1_7,PORT,VDM_F_S1,,,,,,,,,Output,,,,,,,,,CONNECTED,VDM_F_S1
C:\Users\nvt10241\Downloads\Sheet1.SchDoc,NET_MEMBER,NET_MEMBER@NetK59_SDA_S1_7@PIN@FFIONEAE@$$$\FFIONEAE-7,NetK59_SDA_S1_7,PIN,K59_SDA_S1.7,K59_SDA_S1,FFIONEAE,$$$\FFIONEAE-7,,,2,7,7,Passive,,,,,,,,,,7
C:\Users\nvt10241\Downloads\Sheet1.SchDoc,NET_MEMBER,NET_MEMBER@NetK59_SDA_S1_7@PIN@FUXFVIGF@$$$\FUXFVIGF-1,NetK59_SDA_S1_7,PIN,K152_VDM_TMU_S1.1,K152_VDM_TMU_S1,FUXFVIGF,$$$\FUXFVIGF-1,,,1,1,COMMON,Passive,,,,,,,,,,1
C:\Users\nvt10241\Downloads\Sheet1.SchDoc,NET_MEMBER,NET_MEMBER@NetK59_SDA_S1_7@PIN@UIHAYPVV@$$$\UIHAYPVV-1,NetK59_SDA_S1_7,PIN,R_VDM_S1.1,R_VDM_S1,UIHAYPVV,$$$\UIHAYPVV-1,,,1,1,1,Passive,,,,,,,,,,1
C:\Users\nvt10241\Downloads\Sheet1.SchDoc,NET_MEMBER,NET_MEMBER@NetK59_SDA_S1_7@PIN@AVQXTROK@$$$\AVQXTROK-1,NetK59_SDA_S1_7,PIN,TP_VDM_F_S1.1,TP_VDM_F_S1,AVQXTROK,$$$\AVQXTROK-1,,,1,1,1,Passive,,,,,,,,,,1
C:\Users\nvt10241\Downloads\Sheet1.SchDoc,NET_MEMBER,NET_MEMBER@NetK60_BUSL_VCP_S1_2@PIN@IIBKCTDR@$$$\IIBKCTDR-2,NetK60_BUSL_VCP_S1_2,PIN,K60_BUSL_VCP_S1.2,K60_BUSL_VCP_S1,IIBKCTDR,$$$\IIBKCTDR-2,,,1,2,2,Passive,,,,,,,,,,2
C:\Users\nvt10241\Downloads\Sheet1.SchDoc,NET_MEMBER,NET_MEMBER@NetK60_BUSL_VCP_S1_4@PORT@S5_ACM200_FH8@I/O,NetK60_BUSL_VCP_S1_4,PORT,S5_ACM200_FH8,,,,,,,,,I/O,,,,,,,,,CONNECTED,S5_ACM200_FH8
C:\Users\nvt10241\Downloads\Sheet1.SchDoc,NET_MEMBER,NET_MEMBER@NetK60_BUSL_VCP_S1_4@PIN@IIBKCTDR@$$$\IIBKCTDR-4,NetK60_BUSL_VCP_S1_4,PIN,K60_BUSL_VCP_S1.4,K60_BUSL_VCP_S1,IIBKCTDR,$$$\IIBKCTDR-4,,,1,4,4,Passive,,,,,,,,,,4
C:\Users\nvt10241\Downloads\Sheet1.SchDoc,NET_MEMBER,NET_MEMBER@NetK60_BUSL_VCP_S1_4@PIN@OEZHRDBE@$$$\OEZHRDBE-6,NetK60_BUSL_VCP_S1_4,PIN,K61_SW_S1.6,K61_SW_S1,OEZHRDBE,$$$\OEZHRDBE-6,,,2,6,6,Passive,,,,,,,,,,6
C:\Users\nvt10241\Downloads\Sheet1.SchDoc,NET_MEMBER,NET_MEMBER@NetK60_BUSL_VCP_S1_5@PORT@S5_ACM200_SH8@I/O,NetK60_BUSL_VCP_S1_5,PORT,S5_ACM200_SH8,,,,,,,,,I/O,,,,,,,,,CONNECTED,S5_ACM200_SH8
C:\Users\nvt10241\Downloads\Sheet1.SchDoc,NET_MEMBER,NET_MEMBER@NetK60_BUSL_VCP_S1_5@PIN@XYYTIZBI@$$$\XYYTIZBI-5,NetK60_BUSL_VCP_S1_5,PIN,K60_BUSL_VCP_S1.5,K60_BUSL_VCP_S1,XYYTIZBI,$$$\XYYTIZBI-5,,,2,5,5,Passive,,,,,,,,,,5
C:\Users\nvt10241\Downloads\Sheet1.SchDoc,NET_MEMBER,NET_MEMBER@NetK60_BUSL_VCP_S1_5@PIN@NOJQLARB@$$$\NOJQLARB-3,NetK60_BUSL_VCP_S1_5,PIN,K61_SW_S1.3,K61_SW_S1,NOJQLARB,$$$\NOJQLARB-3,,,1,3,3,Passive,,,,,,,,,,3
C:\Users\nvt10241\Downloads\Sheet1.SchDoc,NET_MEMBER,NET_MEMBER@NetK60_BUSL_VCP_S1_7@PIN@XYYTIZBI@$$$\XYYTIZBI-7,NetK60_BUSL_VCP_S1_7,PIN,K60_BUSL_VCP_S1.7,K60_BUSL_VCP_S1,XYYTIZBI,$$$\XYYTIZBI-7,,,2,7,7,Passive,,,,,,,,,,7
C:\Users\nvt10241\Downloads\Sheet1.SchDoc,NET_MEMBER,NET_MEMBER@NetK61_SW_S1_2@PORT@VCP_S_S1@Output,NetK61_SW_S1_2,PORT,VCP_S_S1,,,,,,,,,Output,,,,,,,,,CONNECTED,VCP_S_S1
C:\Users\nvt10241\Downloads\Sheet1.SchDoc,NET_MEMBER,NET_MEMBER@NetK61_SW_S1_2@PIN@NOJQLARB@$$$\NOJQLARB-2,NetK61_SW_S1_2,PIN,K61_SW_S1.2,K61_SW_S1,NOJQLARB,$$$\NOJQLARB-2,,,1,2,2,Passive,,,,,,,,,,2
C:\Users\nvt10241\Downloads\Sheet1.SchDoc,NET_MEMBER,NET_MEMBER@NetK61_SW_S1_2@PIN@FGILZEWH@$$$\FGILZEWH-2,NetK61_SW_S1_2,PIN,R_VCP_S1.2,R_VCP_S1,FGILZEWH,$$$\FGILZEWH-2,,,1,2,2,Passive,,,,,,,,,,2
C:\Users\nvt10241\Downloads\Sheet1.SchDoc,NET_MEMBER,NET_MEMBER@NetK61_SW_S1_2@PIN@WIUQFKMN@$$$\WIUQFKMN-1,NetK61_SW_S1_2,PIN,TP_VCP_S_S1.1,TP_VCP_S_S1,WIUQFKMN,$$$\WIUQFKMN-1,,,1,1,1,Passive,,,,,,,,,,1
C:\Users\nvt10241\Downloads\Sheet1.SchDoc,NET_MEMBER,NET_MEMBER@NetK61_SW_S1_7@PORT@VCP_F_S1@Output,NetK61_SW_S1_7,PORT,VCP_F_S1,,,,,,,,,Output,,,,,,,,,CONNECTED,VCP_F_S1
C:\Users\nvt10241\Downloads\Sheet1.SchDoc,NET_MEMBER,NET_MEMBER@NetK61_SW_S1_7@PIN@OEZHRDBE@$$$\OEZHRDBE-7,NetK61_SW_S1_7,PIN,K61_SW_S1.7,K61_SW_S1,OEZHRDBE,$$$\OEZHRDBE-7,,,2,7,7,Passive,,,,,,,,,,7
C:\Users\nvt10241\Downloads\Sheet1.SchDoc,NET_MEMBER,NET_MEMBER@NetK61_SW_S1_7@PIN@RGADXFGS@$$$\RGADXFGS-2,NetK61_SW_S1_7,PIN,R_VCP_FOS_S1.2,R_VCP_FOS_S1,RGADXFGS,$$$\RGADXFGS-2,,,1,2,2,Passive,,,,,,,,,,2
C:\Users\nvt10241\Downloads\Sheet1.SchDoc,NET_MEMBER,NET_MEMBER@NetK61_SW_S1_7@PIN@FGILZEWH@$$$\FGILZEWH-1,NetK61_SW_S1_7,PIN,R_VCP_S1.1,R_VCP_S1,FGILZEWH,$$$\FGILZEWH-1,,,1,1,1,Passive,,,,,,,,,,1
C:\Users\nvt10241\Downloads\Sheet1.SchDoc,NET_MEMBER,NET_MEMBER@NetK61_SW_S1_7@PIN@SMOKUQAN@$$$\SMOKUQAN-1,NetK61_SW_S1_7,PIN,TP_VCP_F_S1.1,TP_VCP_F_S1,SMOKUQAN,$$$\SMOKUQAN-1,,,1,1,1,Passive,,,,,,,,,,1
C:\Users\nvt10241\Downloads\Sheet1.SchDoc,NET_MEMBER,NET_MEMBER@NetK62_BUS_FH_QON_S1_2@PIN@AYWLWMYL@$$$\AYWLWMYL-2,NetK62_BUS_FH_QON_S1_2,PIN,K62_BUS_FH_QON_S1.2,K62_BUS_FH_QON_S1,AYWLWMYL,$$$\AYWLWMYL-2,,,1,2,NO,Passive,,,,,,,,,,2
C:\Users\nvt10241\Downloads\Sheet1.SchDoc,NET_MEMBER,NET_MEMBER@NetK62_BUS_FH_QON_S1_2@PIN@CPVBBUAO@$$$\CPVBBUAO-6,NetK62_BUS_FH_QON_S1_2,PIN,K64_HG1_S1.6,K64_HG1_S1,CPVBBUAO,$$$\CPVBBUAO-6,,,2,6,6,Passive,,,,,,,,,,6
C:\Users\nvt10241\Downloads\Sheet1.SchDoc,NET_MEMBER,NET_MEMBER@NetK62_BUS_SH_QON_S1_2@PORT@S5_ACM200_SH9@I/O,NetK62_BUS_SH_QON_S1_2,PORT,S5_ACM200_SH9,,,,,,,,,I/O,,,,,,,,,CONNECTED,S5_ACM200_SH9
C:\Users\nvt10241\Downloads\Sheet1.SchDoc,NET_MEMBER,NET_MEMBER@NetK62_BUS_SH_QON_S1_2@PIN@RRCBTGAW@$$$\RRCBTGAW-2,NetK62_BUS_SH_QON_S1_2,PIN,K62_BUS_SH_QON_S1.2,K62_BUS_SH_QON_S1,RRCBTGAW,$$$\RRCBTGAW-2,,,1,2,NO,Passive,,,,,,,,,,2
C:\Users\nvt10241\Downloads\Sheet1.SchDoc,NET_MEMBER,NET_MEMBER@NetK62_BUS_SH_QON_S1_2@PIN@SOBFDNKP@$$$\SOBFDNKP-3,NetK62_BUS_SH_QON_S1_2,PIN,K64_HG1_S1.3,K64_HG1_S1,SOBFDNKP,$$$\SOBFDNKP-3,,,1,3,3,Passive,,,,,,,,,,3
C:\Users\nvt10241\Downloads\Sheet1.SchDoc,NET_MEMBER,NET_MEMBER@NetK63_SDA_PU_S1_1@PIN@ZBXMABJY@$$$\ZBXMABJY-1,NetK63_SDA_PU_S1_1,PIN,K63_SDA_PU_S1.1,K63_SDA_PU_S1,ZBXMABJY,$$$\ZBXMABJY-1,,,1,1,COMMON,Passive,,,,,,,,,,1
C:\Users\nvt10241\Downloads\Sheet1.SchDoc,NET_MEMBER,NET_MEMBER@NetK63_SDA_PU_S1_1@PIN@SOEHXPPM@$$$\SOEHXPPM-2,NetK63_SDA_PU_S1_1,PIN,R_SDA_PU_S1.2,R_SDA_PU_S1,SOEHXPPM,$$$\SOEHXPPM-2,,,1,2,2,Passive,,,,,,,,,,2
C:\Users\nvt10241\Downloads\Sheet1.SchDoc,NET_MEMBER,NET_MEMBER@NetK64_HG1_S1_2@PORT@nQON_S_S1@Output,NetK64_HG1_S1_2,PORT,nQON_S_S1,,,,,,,,,Output,,,,,,,,,CONNECTED,nQON_S_S1
C:\Users\nvt10241\Downloads\Sheet1.SchDoc,NET_MEMBER,NET_MEMBER@NetK64_HG1_S1_2@PIN@SOBFDNKP@$$$\SOBFDNKP-2,NetK64_HG1_S1_2,PIN,K64_HG1_S1.2,K64_HG1_S1,SOBFDNKP,$$$\SOBFDNKP-2,,,1,2,2,Passive,,,,,,,,,,2
C:\Users\nvt10241\Downloads\Sheet1.SchDoc,NET_MEMBER,NET_MEMBER@NetK64_HG1_S1_2@PIN@KWXQVTHI@$$$\KWXQVTHI-1,NetK64_HG1_S1_2,PIN,R_nQON_S1.1,R_nQON_S1,KWXQVTHI,$$$\KWXQVTHI-1,,,1,1,1,Passive,,,,,,,,,,1
C:\Users\nvt10241\Downloads\Sheet1.SchDoc,NET_MEMBER,NET_MEMBER@NetK64_HG1_S1_2@PIN@XSXCEKHE@$$$\XSXCEKHE-1,NetK64_HG1_S1_2,PIN,TP_nQON_S_S1.1,TP_nQON_S_S1,XSXCEKHE,$$$\XSXCEKHE-1,,,1,1,1,Passive,,,,,,,,,,1
C:\Users\nvt10241\Downloads\Sheet1.SchDoc,NET_MEMBER,NET_MEMBER@NetK64_HG1_S1_5@PORT@HG1_F_S1@Output,NetK64_HG1_S1_5,PORT,HG1_F_S1,,,,,,,,,Output,,,,,,,,,CONNECTED,HG1_F_S1
C:\Users\nvt10241\Downloads\Sheet1.SchDoc,NET_MEMBER,NET_MEMBER@NetK64_HG1_S1_5@PIN@CPVBBUAO@$$$\CPVBBUAO-5,NetK64_HG1_S1_5,PIN,K64_HG1_S1.5,K64_HG1_S1,CPVBBUAO,$$$\CPVBBUAO-5,,,2,5,5,Passive,,,,,,,,,,5
C:\Users\nvt10241\Downloads\Sheet1.SchDoc,NET_MEMBER,NET_MEMBER@NetK64_HG1_S1_5@PIN@VHMRQTHF@$$$\VHMRQTHF-1,NetK64_HG1_S1_5,PIN,R_HG1_S1.1,R_HG1_S1,VHMRQTHF,$$$\VHMRQTHF-1,,,1,1,1,Passive,,,,,,,,,,1
C:\Users\nvt10241\Downloads\Sheet1.SchDoc,NET_MEMBER,NET_MEMBER@NetK64_HG1_S1_5@PIN@PJYUEGTZ@$$$\PJYUEGTZ-1,NetK64_HG1_S1_5,PIN,TP_HG1_F_S1.1,TP_HG1_F_S1,PJYUEGTZ,$$$\PJYUEGTZ-1,,,1,1,1,Passive,,,,,,,,,,1
C:\Users\nvt10241\Downloads\Sheet1.SchDoc,NET_MEMBER,NET_MEMBER@NetK64_HG1_S1_7@PORT@nQON_F_S1@Output,NetK64_HG1_S1_7,PORT,nQON_F_S1,,,,,,,,,Output,,,,,,,,,CONNECTED,nQON_F_S1
C:\Users\nvt10241\Downloads\Sheet1.SchDoc,NET_MEMBER,NET_MEMBER@NetK64_HG1_S1_7@PORT@S24_P0@I/O,NetK64_HG1_S1_7,PORT,S24_P0,,,,,,,,,I/O,,,,,,,,,CONNECTED,S24_P0
C:\Users\nvt10241\Downloads\Sheet1.SchDoc,NET_MEMBER,NET_MEMBER@NetK64_HG1_S1_7@PIN@CPVBBUAO@$$$\CPVBBUAO-7,NetK64_HG1_S1_7,PIN,K64_HG1_S1.7,K64_HG1_S1,CPVBBUAO,$$$\CPVBBUAO-7,,,2,7,7,Passive,,,,,,,,,,7
C:\Users\nvt10241\Downloads\Sheet1.SchDoc,NET_MEMBER,NET_MEMBER@NetK64_HG1_S1_7@PIN@OPQMEYGU@$$$\OPQMEYGU-1,NetK64_HG1_S1_7,PIN,K65_nQON_PU_S1.1,K65_nQON_PU_S1,OPQMEYGU,$$$\OPQMEYGU-1,,,1,1,COMMON,Passive,,,,,,,,,,1
C:\Users\nvt10241\Downloads\Sheet1.SchDoc,NET_MEMBER,NET_MEMBER@NetK64_HG1_S1_7@PIN@HKLBTEYN@$$$\HKLBTEYN-1,NetK64_HG1_S1_7,PIN,K66_TMU_nQON_S1.1,K66_TMU_nQON_S1,HKLBTEYN,$$$\HKLBTEYN-1,,,1,1,COMMON,Passive,,,,,,,,,,1
C:\Users\nvt10241\Downloads\Sheet1.SchDoc,NET_MEMBER,NET_MEMBER@NetK64_HG1_S1_7@PIN@KWXQVTHI@$$$\KWXQVTHI-2,NetK64_HG1_S1_7,PIN,R_nQON_S1.2,R_nQON_S1,KWXQVTHI,$$$\KWXQVTHI-2,,,1,2,2,Passive,,,,,,,,,,2
C:\Users\nvt10241\Downloads\Sheet1.SchDoc,NET_MEMBER,NET_MEMBER@NetK64_HG1_S1_7@PIN@UMUBZBRX@$$$\UMUBZBRX-1,NetK64_HG1_S1_7,PIN,TP_nQON_F_S1.1,TP_nQON_F_S1,UMUBZBRX,$$$\UMUBZBRX-1,,,1,1,1,Passive,,,,,,,,,,1
C:\Users\nvt10241\Downloads\Sheet1.SchDoc,NET_MEMBER,NET_MEMBER@NetK65_nQON_PU_S1_2@PIN@OPQMEYGU@$$$\OPQMEYGU-2,NetK65_nQON_PU_S1_2,PIN,K65_nQON_PU_S1.2,K65_nQON_PU_S1,OPQMEYGU,$$$\OPQMEYGU-2,,,1,2,NO,Passive,,,,,,,,,,2
C:\Users\nvt10241\Downloads\Sheet1.SchDoc,NET_MEMBER,NET_MEMBER@NetK65_nQON_PU_S1_2@PIN@OGAHTFYE@$$$\OGAHTFYE-2,NetK65_nQON_PU_S1_2,PIN,R_nQON_PU_S1.2,R_nQON_PU_S1,OGAHTFYE,$$$\OGAHTFYE-2,,,1,2,2,Passive,,,,,,,,,,2
C:\Users\nvt10241\Downloads\Sheet1.SchDoc,NET_MEMBER,NET_MEMBER@NetK68_VCP_F_S1_1@PIN@HWEHNEZP@$$$\HWEHNEZP-1,NetK68_VCP_F_S1_1,PIN,K68_VCP_F_S1.1,K68_VCP_F_S1,HWEHNEZP,$$$\HWEHNEZP-1,,,1,1,COMMON,Passive,,,,,,,,,,1
C:\Users\nvt10241\Downloads\Sheet1.SchDoc,NET_MEMBER,NET_MEMBER@NetK68_VCP_F_S1_1@PIN@OQMDYRAQ@$$$\OQMDYRAQ-1,NetK68_VCP_F_S1_1,PIN,K69_PB5_F_S1.1,K69_PB5_F_S1,OQMDYRAQ,$$$\OQMDYRAQ-1,,,1,1,COMMON,Passive,,,,,,,,,,1
C:\Users\nvt10241\Downloads\Sheet1.SchDoc,NET_MEMBER,NET_MEMBER@NetK68_VCP_F_S1_1@PIN@ZSOVGGFH@$$$\ZSOVGGFH-1,NetK68_VCP_F_S1_1,PIN,K70_VAC_F_S1.1,K70_VAC_F_S1,ZSOVGGFH,$$$\ZSOVGGFH-1,,,1,1,COMMON,Passive,,,,,,,,,,1
C:\Users\nvt10241\Downloads\Sheet1.SchDoc,NET_MEMBER,NET_MEMBER@NetK68_VCP_F_S1_1@PIN@ONDTEHNI@$$$\ONDTEHNI-4,NetK68_VCP_F_S1_1,PIN,K82_R_CS_S1S2.4,K82_R_CS_S1S2,ONDTEHNI,$$$\ONDTEHNI-4,,,1,4,4,Passive,,,,,,,,,,4
C:\Users\nvt10241\Downloads\Sheet1.SchDoc,NET_MEMBER,NET_MEMBER@NetK74_GAIN1_SEL_S1S2_3@PIN@JRXRWEZE@$$$\JRXRWEZE-3,NetK74_GAIN1_SEL_S1S2_3,PIN,K74_GAIN1_SEL_S1S2.3,K74_GAIN1_SEL_S1S2,JRXRWEZE,$$$\JRXRWEZE-3,,,1,3,3,Passive,,,,,,,,,,3
C:\Users\nvt10241\Downloads\Sheet1.SchDoc,NET_MEMBER,NET_MEMBER@NetK74_GAIN1_SEL_S1S2_3@PIN@XYXAFCIB@$$$\XYXAFCIB-GAIN1,NetK74_GAIN1_SEL_S1S2_3,PIN,U1_S1.GAIN1,U1_S1,XYXAFCIB,$$$\XYXAFCIB-GAIN1,,,1,GAIN1,10,Passive,,,,,,,,,,GAIN1
C:\Users\nvt10241\Downloads\Sheet1.SchDoc,NET_MEMBER,NET_MEMBER@NetK75_GAIN2_SEL_S1S2_3@PIN@NFHUZEWI@$$$\NFHUZEWI-3,NetK75_GAIN2_SEL_S1S2_3,PIN,K75_GAIN2_SEL_S1S2.3,K75_GAIN2_SEL_S1S2,NFHUZEWI,$$$\NFHUZEWI-3,,,1,3,3,Passive,,,,,,,,,,3
C:\Users\nvt10241\Downloads\Sheet1.SchDoc,NET_MEMBER,NET_MEMBER@NetK75_GAIN2_SEL_S1S2_3@PIN@XYXAFCIB@$$$\XYXAFCIB-GAIN2,NetK75_GAIN2_SEL_S1S2_3,PIN,U1_S1.GAIN2,U1_S1,XYXAFCIB,$$$\XYXAFCIB-GAIN2,,,1,GAIN2,9,Passive,,,,,,,,,,GAIN2
C:\Users\nvt10241\Downloads\Sheet1.SchDoc,NET_MEMBER,NET_MEMBER@NetK77_VAC_S_S1_1@PIN@VNLTPSYU@$$$\VNLTPSYU-1,NetK77_VAC_S_S1_1,PIN,K77_VAC_S_S1.1,K77_VAC_S_S1,VNLTPSYU,$$$\VNLTPSYU-1,,,1,1,COMMON,Passive,,,,,,,,,,1
C:\Users\nvt10241\Downloads\Sheet1.SchDoc,NET_MEMBER,NET_MEMBER@NetK77_VAC_S_S1_1@PIN@MOQFHENL@$$$\MOQFHENL-1,NetK77_VAC_S_S1_1,PIN,K78_PB5_S_S1.1,K78_PB5_S_S1,MOQFHENL,$$$\MOQFHENL-1,,,1,1,COMMON,Passive,,,,,,,,,,1
C:\Users\nvt10241\Downloads\Sheet1.SchDoc,NET_MEMBER,NET_MEMBER@NetK77_VAC_S_S1_1@PIN@XYXAFCIB@$$$\XYXAFCIB-RS-,NetK77_VAC_S_S1_1,PIN,U1_S1.RS-,U1_S1,XYXAFCIB,$$$\XYXAFCIB-RS-,,,1,RS-,2,Passive,,,,,,,,,,RS-
C:\Users\nvt10241\Downloads\Sheet1.SchDoc,NET_MEMBER,NET_MEMBER@NetK79_KLV_S_S1_1@PIN@ZYEYVPKK@$$$\ZYEYVPKK-1,NetK79_KLV_S_S1_1,PIN,K79_KLV_S_S1.1,K79_KLV_S_S1,ZYEYVPKK,$$$\ZYEYVPKK-1,,,1,1,COMMON,Passive,,,,,,,,,,1
C:\Users\nvt10241\Downloads\Sheet1.SchDoc,NET_MEMBER,NET_MEMBER@NetK79_KLV_S_S1_1@PIN@OLZPSRIU@$$$\OLZPSRIU-1,NetK79_KLV_S_S1_1,PIN,K80_PA5_S_S1.1,K80_PA5_S_S1,OLZPSRIU,$$$\OLZPSRIU-1,,,1,1,COMMON,Passive,,,,,,,,,,1
C:\Users\nvt10241\Downloads\Sheet1.SchDoc,NET_MEMBER,NET_MEMBER@NetK79_KLV_S_S1_1@PIN@XYXAFCIB@$$$\XYXAFCIB-RS+,NetK79_KLV_S_S1_1,PIN,U1_S1.RS+,U1_S1,XYXAFCIB,$$$\XYXAFCIB-RS+,,,1,RS+,1,Passive,,,,,,,,,,RS+
C:\Users\nvt10241\Downloads\Sheet1.SchDoc,NET_MEMBER,NET_MEMBER@NetK2_BUF_S1S2_4@PORT@S8_QVM_CH0+@I/O,NetK2_BUF_S1S2_4,PORT,S8_QVM_CH0+,,,,,,,,,I/O,,,,,,,,,CONNECTED,S8_QVM_CH0+
C:\Users\nvt10241\Downloads\Sheet1.SchDoc,NET_MEMBER,NET_MEMBER@NetK2_BUF_S1S2_4@PIN@LYVOHGKX@$$$\LYVOHGKX-4,NetK2_BUF_S1S2_4,PIN,K2_BUF_S1S2.4,K2_BUF_S1S2,LYVOHGKX,$$$\LYVOHGKX-4,,,1,4,4,Passive,,,,,,,,,,4
C:\Users\nvt10241\Downloads\Sheet1.SchDoc,NET_MEMBER,NET_MEMBER@NetK2_BUF_S1S2_4@PIN@MMBWQOZL@$$$\MMBWQOZL-2,NetK2_BUF_S1S2_4,PIN,K81_AMPOUT_QVM_S1.2,K81_AMPOUT_QVM_S1,MMBWQOZL,$$$\MMBWQOZL-2,,,1,2,NO,Passive,,,,,,,,,,2
C:\Users\nvt10241\Downloads\Sheet1.SchDoc,NET_MEMBER,NET_MEMBER@NetK2_BUF_S1S2_4@PIN@XASWBTQQ@$$$\XASWBTQQ-1,NetK2_BUF_S1S2_4,PIN,K136_QVMH_BUS0_S1.1,K136_QVMH_BUS0_S1,XASWBTQQ,$$$\XASWBTQQ-1,,,1,1,COMMON,Passive,,,,,,,,,,1
C:\Users\nvt10241\Downloads\Sheet1.SchDoc,NET_MEMBER,NET_MEMBER@NetK2_BUF_S1S2_4@PIN@XWYJDGSM@$$$\XWYJDGSM-1,NetK2_BUF_S1S2_4,PIN,K137_QVMH_BUS1_S1.1,K137_QVMH_BUS1_S1,XWYJDGSM,$$$\XWYJDGSM-1,,,1,1,COMMON,Passive,,,,,,,,,,1
C:\Users\nvt10241\Downloads\Sheet1.SchDoc,NET_MEMBER,NET_MEMBER@NetK2_BUF_S1S2_4@PIN@BZHMIFFE@$$$\BZHMIFFE-1,NetK2_BUF_S1S2_4,PIN,TP_BUFOUT_S1.1,TP_BUFOUT_S1,BZHMIFFE,$$$\BZHMIFFE-1,,,1,1,1,Passive,,,,,,,,,,1
C:\Users\nvt10241\Downloads\Sheet1.SchDoc,NET_MEMBER,NET_MEMBER@NetK82_R_CS_S1S2_3@PIN@ONDTEHNI@$$$\ONDTEHNI-3,NetK82_R_CS_S1S2_3,PIN,K82_R_CS_S1S2.3,K82_R_CS_S1S2,ONDTEHNI,$$$\ONDTEHNI-3,,,1,3,3,Passive,,,,,,,,,,3
C:\Users\nvt10241\Downloads\Sheet1.SchDoc,NET_MEMBER,NET_MEMBER@NetK82_R_CS_S1S2_3@PIN@HMMAZBNZ@$$$\HMMAZBNZ-2,NetK82_R_CS_S1S2_3,PIN,R22_FH.2,R22_FH,HMMAZBNZ,$$$\HMMAZBNZ-2,,,1,2,2,Passive,,,,,,,,,,2
C:\Users\nvt10241\Downloads\Sheet1.SchDoc,NET_MEMBER,NET_MEMBER@NetK82_R_CS_S1S2_3@PIN@SEEHDYPX@$$$\SEEHDYPX-2,NetK82_R_CS_S1S2_3,PIN,R22_SH.2,R22_SH,SEEHDYPX,$$$\SEEHDYPX-2,,,1,2,2,Passive,,,,,,,,,,2
C:\Users\nvt10241\Downloads\Sheet1.SchDoc,NET_MEMBER,NET_MEMBER@NetK83_BUSH_PMID_S1_2@PIN@MMORKWCI@$$$\MMORKWCI-2,NetK83_BUSH_PMID_S1_2,PIN,K83_BUSH_PMID_S1.2,K83_BUSH_PMID_S1,MMORKWCI,$$$\MMORKWCI-2,,,1,2,2,Passive,,,,,,,,,,2
C:\Users\nvt10241\Downloads\Sheet1.SchDoc,NET_MEMBER,NET_MEMBER@NetK83_BUSH_PMID_S1_4@PORT@S3_FXVIe_PLUS_FH1@I/O,NetK83_BUSH_PMID_S1_4,PORT,S3_FXVIe_PLUS_FH1,,,,,,,,,I/O,,,,,,,,,CONNECTED,S3_FXVIe_PLUS_FH1
C:\Users\nvt10241\Downloads\Sheet1.SchDoc,NET_MEMBER,NET_MEMBER@NetK83_BUSH_PMID_S1_4@PIN@MMORKWCI@$$$\MMORKWCI-4,NetK83_BUSH_PMID_S1_4,PIN,K83_BUSH_PMID_S1.4,K83_BUSH_PMID_S1,MMORKWCI,$$$\MMORKWCI-4,,,1,4,4,Passive,,,,,,,,,,4
C:\Users\nvt10241\Downloads\Sheet1.SchDoc,NET_MEMBER,NET_MEMBER@NetK83_BUSH_PMID_S1_4@PIN@TYUZHVGC@$$$\TYUZHVGC-3,NetK83_BUSH_PMID_S1_4,PIN,K84_HG2_S1.3,K84_HG2_S1,TYUZHVGC,$$$\TYUZHVGC-3,,,1,3,3,Passive,,,,,,,,,,3
C:\Users\nvt10241\Downloads\Sheet1.SchDoc,NET_MEMBER,NET_MEMBER@NetK83_BUSH_PMID_S1_5@PORT@S3_FXVIe_PLUS_SH1@I/O,NetK83_BUSH_PMID_S1_5,PORT,S3_FXVIe_PLUS_SH1,,,,,,,,,I/O,,,,,,,,,CONNECTED,S3_FXVIe_PLUS_SH1
C:\Users\nvt10241\Downloads\Sheet1.SchDoc,NET_MEMBER,NET_MEMBER@NetK83_BUSH_PMID_S1_5@PIN@KBBASBAS@$$$\KBBASBAS-5,NetK83_BUSH_PMID_S1_5,PIN,K83_BUSH_PMID_S1.5,K83_BUSH_PMID_S1,KBBASBAS,$$$\KBBASBAS-5,,,2,5,5,Passive,,,,,,,,,,5
C:\Users\nvt10241\Downloads\Sheet1.SchDoc,NET_MEMBER,NET_MEMBER@NetK83_BUSH_PMID_S1_5@PIN@PXHCVNVF@$$$\PXHCVNVF-6,NetK83_BUSH_PMID_S1_5,PIN,K84_HG2_S1.6,K84_HG2_S1,PXHCVNVF,$$$\PXHCVNVF-6,,,2,6,6,Passive,,,,,,,,,,6
C:\Users\nvt10241\Downloads\Sheet1.SchDoc,NET_MEMBER,NET_MEMBER@NetK83_BUSH_PMID_S1_7@PIN@KBBASBAS@$$$\KBBASBAS-7,NetK83_BUSH_PMID_S1_7,PIN,K83_BUSH_PMID_S1.7,K83_BUSH_PMID_S1,KBBASBAS,$$$\KBBASBAS-7,,,2,7,7,Passive,,,,,,,,,,7
C:\Users\nvt10241\Downloads\Sheet1.SchDoc,NET_MEMBER,NET_MEMBER@NetK84_HG2_S1_5@PORT@HG2_S_S1@Output,NetK84_HG2_S1_5,PORT,HG2_S_S1,,,,,,,,,Output,,,,,,,,,CONNECTED,HG2_S_S1
C:\Users\nvt10241\Downloads\Sheet1.SchDoc,NET_MEMBER,NET_MEMBER@NetK84_HG2_S1_5@PIN@PXHCVNVF@$$$\PXHCVNVF-5,NetK84_HG2_S1_5,PIN,K84_HG2_S1.5,K84_HG2_S1,PXHCVNVF,$$$\PXHCVNVF-5,,,2,5,5,Passive,,,,,,,,,,5
C:\Users\nvt10241\Downloads\Sheet1.SchDoc,NET_MEMBER,NET_MEMBER@NetK84_HG2_S1_5@PIN@XJQGPZLL@$$$\XJQGPZLL-2,NetK84_HG2_S1_5,PIN,R_HG2_S1.2,R_HG2_S1,XJQGPZLL,$$$\XJQGPZLL-2,,,1,2,2,Passive,,,,,,,,,,2
C:\Users\nvt10241\Downloads\Sheet1.SchDoc,NET_MEMBER,NET_MEMBER@NetK84_HG2_S1_5@PIN@WLFJNVGQ@$$$\WLFJNVGQ-1,NetK84_HG2_S1_5,PIN,TP_HG2_S_S1.1,TP_HG2_S_S1,WLFJNVGQ,$$$\WLFJNVGQ-1,,,1,1,1,Passive,,,,,,,,,,1
C:\Users\nvt10241\Downloads\Sheet1.SchDoc,NET_MEMBER,NET_MEMBER@NetK84_HG2_S1_7@PORT@PMID_S_S1@Output,NetK84_HG2_S1_7,PORT,PMID_S_S1,,,,,,,,,Output,,,,,,,,,CONNECTED,PMID_S_S1
C:\Users\nvt10241\Downloads\Sheet1.SchDoc,NET_MEMBER,NET_MEMBER@NetK84_HG2_S1_7@PIN@PXHCVNVF@$$$\PXHCVNVF-7,NetK84_HG2_S1_7,PIN,K84_HG2_S1.7,K84_HG2_S1,PXHCVNVF,$$$\PXHCVNVF-7,,,2,7,7,Passive,,,,,,,,,,7
C:\Users\nvt10241\Downloads\Sheet1.SchDoc,NET_MEMBER,NET_MEMBER@NetK84_HG2_S1_7@PIN@DYHCIPMO@$$$\DYHCIPMO-2,NetK84_HG2_S1_7,PIN,R_PMID_KLV_S1.2,R_PMID_KLV_S1,DYHCIPMO,$$$\DYHCIPMO-2,,,1,2,2,Passive,,,,,,,,,,2
C:\Users\nvt10241\Downloads\Sheet1.SchDoc,NET_MEMBER,NET_MEMBER@NetK84_HG2_S1_7@PIN@XGVXWIEB@$$$\XGVXWIEB-1,NetK84_HG2_S1_7,PIN,TP_PMID_S_S1.1,TP_PMID_S_S1,XGVXWIEB,$$$\XGVXWIEB-1,,,1,1,1,Passive,,,,,,,,,,1
C:\Users\nvt10241\Downloads\Sheet1.SchDoc,NET_MEMBER,NET_MEMBER@NetK85_CAP_PMID_S1S2_2@PIN@TVOTBTVJ@$$$\TVOTBTVJ-2,NetK85_CAP_PMID_S1S2_2,PIN,K85_CAP_PMID_S1S2.2,K85_CAP_PMID_S1S2,TVOTBTVJ,$$$\TVOTBTVJ-2,,,1,2,2,Passive,,,,,,,,,,2
C:\Users\nvt10241\Downloads\Sheet1.SchDoc,NET_MEMBER,NET_MEMBER@NetK85_CAP_PMID_S1S2_2@PIN@MYCMGCJF@$$$\MYCMGCJF-1,NetK85_CAP_PMID_S1S2_2,PIN,R_PMID_S1.1,R_PMID_S1,MYCMGCJF,$$$\MYCMGCJF-1,,,1,1,1,Passive,,,,,,,,,,1
C:\Users\nvt10241\Downloads\Sheet1.SchDoc,NET_MEMBER,NET_MEMBER@NetK86_KELVIN0_F_S1_1@PORT@S1_FPVIe_SH0@I/O,NetK86_KELVIN0_F_S1_1,PORT,S1_FPVIe_SH0,,,,,,,,,I/O,,,,,,,,,CONNECTED,S1_FPVIe_SH0
C:\Users\nvt10241\Downloads\Sheet1.SchDoc,NET_MEMBER,NET_MEMBER@NetK86_KELVIN0_F_S1_1@PIN@KXQIGWVJ@$$$\KXQIGWVJ-1,NetK86_KELVIN0_F_S1_1,PIN,K86_KELVIN0_F_S1.1,K86_KELVIN0_F_S1,KXQIGWVJ,$$$\KXQIGWVJ-1,,,1,1,COMMON,Passive,,,,,,,,,,1
C:\Users\nvt10241\Downloads\Sheet1.SchDoc,NET_MEMBER,NET_MEMBER@NetK86_KELVIN0_F_S1_1@PIN@DHCWPJDD@$$$\DHCWPJDD-3,NetK86_KELVIN0_F_S1_1,PIN,K88_KELVIN0_S1.3,K88_KELVIN0_S1,DHCWPJDD,$$$\DHCWPJDD-3,,,1,3,3,Passive,,,,,,,,,,3
C:\Users\nvt10241\Downloads\Sheet1.SchDoc,NET_MEMBER,NET_MEMBER@NetK86_KELVIN0_F_S1_2@PORT@S1_FPVIe_FH0@I/O,NetK86_KELVIN0_F_S1_2,PORT,S1_FPVIe_FH0,,,,,,,,,I/O,,,,,,,,,CONNECTED,S1_FPVIe_FH0
C:\Users\nvt10241\Downloads\Sheet1.SchDoc,NET_MEMBER,NET_MEMBER@NetK86_KELVIN0_F_S1_2@PIN@KXQIGWVJ@$$$\KXQIGWVJ-2,NetK86_KELVIN0_F_S1_2,PIN,K86_KELVIN0_F_S1.2,K86_KELVIN0_F_S1,KXQIGWVJ,$$$\KXQIGWVJ-2,,,1,2,NO,Passive,,,,,,,,,,2
C:\Users\nvt10241\Downloads\Sheet1.SchDoc,NET_MEMBER,NET_MEMBER@NetK86_KELVIN0_F_S1_2@PIN@ZQCQFRXS@$$$\ZQCQFRXS-3,NetK86_KELVIN0_F_S1_2,PIN,K87_KELVIN0_S1S2.3,K87_KELVIN0_S1S2,ZQCQFRXS,$$$\ZQCQFRXS-3,,,1,3,3,Passive,,,,,,,,,,3
C:\Users\nvt10241\Downloads\Sheet1.SchDoc,NET_MEMBER,NET_MEMBER@NetK86_KELVIN0_S_S1_1@PORT@S1_FPVIe_SL0@I/O,NetK86_KELVIN0_S_S1_1,PORT,S1_FPVIe_SL0,,,,,,,,,I/O,,,,,,,,,CONNECTED,S1_FPVIe_SL0
C:\Users\nvt10241\Downloads\Sheet1.SchDoc,NET_MEMBER,NET_MEMBER@NetK86_KELVIN0_S_S1_1@PIN@SIKNLOGU@$$$\SIKNLOGU-1,NetK86_KELVIN0_S_S1_1,PIN,K86_KELVIN0_S_S1.1,K86_KELVIN0_S_S1,SIKNLOGU,$$$\SIKNLOGU-1,,,1,1,COMMON,Passive,,,,,,,,,,1
C:\Users\nvt10241\Downloads\Sheet1.SchDoc,NET_MEMBER,NET_MEMBER@NetK86_KELVIN0_S_S1_1@PIN@NEFHIEMJ@$$$\NEFHIEMJ-6,NetK86_KELVIN0_S_S1_1,PIN,K88_KELVIN0_S1.6,K88_KELVIN0_S1,NEFHIEMJ,$$$\NEFHIEMJ-6,,,2,6,6,Passive,,,,,,,,,,6
C:\Users\nvt10241\Downloads\Sheet1.SchDoc,NET_MEMBER,NET_MEMBER@NetK86_KELVIN0_S_S1_2@PORT@S1_FPVIe_FL0@I/O,NetK86_KELVIN0_S_S1_2,PORT,S1_FPVIe_FL0,,,,,,,,,I/O,,,,,,,,,CONNECTED,S1_FPVIe_FL0
C:\Users\nvt10241\Downloads\Sheet1.SchDoc,NET_MEMBER,NET_MEMBER@NetK86_KELVIN0_S_S1_2@PIN@SIKNLOGU@$$$\SIKNLOGU-2,NetK86_KELVIN0_S_S1_2,PIN,K86_KELVIN0_S_S1.2,K86_KELVIN0_S_S1,SIKNLOGU,$$$\SIKNLOGU-2,,,1,2,NO,Passive,,,,,,,,,,2
C:\Users\nvt10241\Downloads\Sheet1.SchDoc,NET_MEMBER,NET_MEMBER@NetK86_KELVIN0_S_S1_2@PIN@HJENZLHS@$$$\HJENZLHS-3,NetK86_KELVIN0_S_S1_2,PIN,K89_KELVIN0_S1S2.3,K89_KELVIN0_S1S2,HJENZLHS,$$$\HJENZLHS-3,,,1,3,3,Passive,,,,,,,,,,3
C:\Users\nvt10241\Downloads\Sheet1.SchDoc,NET_MEMBER,NET_MEMBER@NetK87_KELVIN0_S1S2_4@PIN@ZQCQFRXS@$$$\ZQCQFRXS-4,NetK87_KELVIN0_S1S2_4,PIN,K87_KELVIN0_S1S2.4,K87_KELVIN0_S1S2,ZQCQFRXS,$$$\ZQCQFRXS-4,,,1,4,4,Passive,,,,,,,,,,4
C:\Users\nvt10241\Downloads\Sheet1.SchDoc,NET_MEMBER,NET_MEMBER@NetK87_KELVIN0_S1S2_4@PIN@PRTLZUQD@$$$\PRTLZUQD-3,NetK87_KELVIN0_S1S2_4,PIN,K90_PC0_Force_S1.3,K90_PC0_Force_S1,PRTLZUQD,$$$\PRTLZUQD-3,,,1,3,3,Passive,,,,,,,,,,3
C:\Users\nvt10241\Downloads\Sheet1.SchDoc,NET_MEMBER,NET_MEMBER@NetK88_KELVIN0_S1_4@PIN@DHCWPJDD@$$$\DHCWPJDD-4,NetK88_KELVIN0_S1_4,PIN,K88_KELVIN0_S1.4,K88_KELVIN0_S1,DHCWPJDD,$$$\DHCWPJDD-4,,,1,4,4,Passive,,,,,,,,,,4
C:\Users\nvt10241\Downloads\Sheet1.SchDoc,NET_MEMBER,NET_MEMBER@NetK88_KELVIN0_S1_4@PIN@VAATZKVY@$$$\VAATZKVY-3,NetK88_KELVIN0_S1_4,PIN,K91_PC0_Sense_S1.3,K91_PC0_Sense_S1,VAATZKVY,$$$\VAATZKVY-3,,,1,3,3,Passive,,,,,,,,,,3
C:\Users\nvt10241\Downloads\Sheet1.SchDoc,NET_MEMBER,NET_MEMBER@NetK88_KELVIN0_S1_5@PIN@NEFHIEMJ@$$$\NEFHIEMJ-5,NetK88_KELVIN0_S1_5,PIN,K88_KELVIN0_S1.5,K88_KELVIN0_S1,NEFHIEMJ,$$$\NEFHIEMJ-5,,,2,5,5,Passive,,,,,,,,,,5
C:\Users\nvt10241\Downloads\Sheet1.SchDoc,NET_MEMBER,NET_MEMBER@NetK88_KELVIN0_S1_5@PIN@ECVFMUYU@$$$\ECVFMUYU-6,NetK88_KELVIN0_S1_5,PIN,K91_PC0_Sense_S1.6,K91_PC0_Sense_S1,ECVFMUYU,$$$\ECVFMUYU-6,,,2,6,6,Passive,,,,,,,,,,6
C:\Users\nvt10241\Downloads\Sheet1.SchDoc,NET_MEMBER,NET_MEMBER@NetK89_KELVIN0_S1S2_4@PIN@HJENZLHS@$$$\HJENZLHS-4,NetK89_KELVIN0_S1S2_4,PIN,K89_KELVIN0_S1S2.4,K89_KELVIN0_S1S2,HJENZLHS,$$$\HJENZLHS-4,,,1,4,4,Passive,,,,,,,,,,4
C:\Users\nvt10241\Downloads\Sheet1.SchDoc,NET_MEMBER,NET_MEMBER@NetK89_KELVIN0_S1S2_4@PIN@UMOFFXCY@$$$\UMOFFXCY-6,NetK89_KELVIN0_S1S2_4,PIN,K90_PC0_Force_S1.6,K90_PC0_Force_S1,UMOFFXCY,$$$\UMOFFXCY-6,,,2,6,6,Passive,,,,,,,,,,6
C:\Users\nvt10241\Downloads\Sheet1.SchDoc,NET_MEMBER,NET_MEMBER@NetK91_PC0_Sense_S1_2@PIN@VAATZKVY@$$$\VAATZKVY-2,NetK91_PC0_Sense_S1_2,PIN,K91_PC0_Sense_S1.2,K91_PC0_Sense_S1,VAATZKVY,$$$\VAATZKVY-2,,,1,2,2,Passive,,,,,,,,,,2
C:\Users\nvt10241\Downloads\Sheet1.SchDoc,NET_MEMBER,NET_MEMBER@NetK91_PC0_Sense_S1_7@PIN@ECVFMUYU@$$$\ECVFMUYU-7,NetK91_PC0_Sense_S1_7,PIN,K91_PC0_Sense_S1.7,K91_PC0_Sense_S1,ECVFMUYU,$$$\ECVFMUYU-7,,,2,7,7,Passive,,,,,,,,,,7
C:\Users\nvt10241\Downloads\Sheet1.SchDoc,NET_MEMBER,NET_MEMBER@NetK92_AGND_F2S_S1_1@PORT@AGND_F_S1@Output,NetK92_AGND_F2S_S1_1,PORT,AGND_F_S1,,,,,,,,,Output,,,,,,,,,CONNECTED,AGND_F_S1
C:\Users\nvt10241\Downloads\Sheet1.SchDoc,NET_MEMBER,NET_MEMBER@NetK92_AGND_F2S_S1_1@PORT@S3_FXVIe_PLUS_FL(0-3)@I/O,NetK92_AGND_F2S_S1_1,PORT,S3_FXVIe_PLUS_FL(0-3),,,,,,,,,I/O,,,,,,,,,CONNECTED,S3_FXVIe_PLUS_FL(0-3)
C:\Users\nvt10241\Downloads\Sheet1.SchDoc,NET_MEMBER,NET_MEMBER@NetK92_AGND_F2S_S1_1@PORT@S3_FXVIe_PLUS_FL(4-7)@I/O,NetK92_AGND_F2S_S1_1,PORT,S3_FXVIe_PLUS_FL(4-7),,,,,,,,,I/O,,,,,,,,,CONNECTED,S3_FXVIe_PLUS_FL(4-7)
C:\Users\nvt10241\Downloads\Sheet1.SchDoc,NET_MEMBER,NET_MEMBER@NetK92_AGND_F2S_S1_1@PORT@S5_ACM200_FL(0-11)@I/O,NetK92_AGND_F2S_S1_1,PORT,S5_ACM200_FL(0-11),,,,,,,,,I/O,,,,,,,,,CONNECTED,S5_ACM200_FL(0-11)
C:\Users\nvt10241\Downloads\Sheet1.SchDoc,NET_MEMBER,NET_MEMBER@NetK92_AGND_F2S_S1_1@PORT@S5_ACM200_FL(12-23)@I/O,NetK92_AGND_F2S_S1_1,PORT,S5_ACM200_FL(12-23),,,,,,,,,I/O,,,,,,,,,CONNECTED,S5_ACM200_FL(12-23)
C:\Users\nvt10241\Downloads\Sheet1.SchDoc,NET_MEMBER,NET_MEMBER@NetK92_AGND_F2S_S1_1@PIN@ZSGHDIVY@$$$\ZSGHDIVY-1,NetK92_AGND_F2S_S1_1,PIN,K92_AGND_F2S_S1.1,K92_AGND_F2S_S1,ZSGHDIVY,$$$\ZSGHDIVY-1,,,1,1,COMMON,Passive,,,,,,,,,,1
C:\Users\nvt10241\Downloads\Sheet1.SchDoc,NET_MEMBER,NET_MEMBER@NetK92_AGND_F2S_S1_1@PIN@VFXTOWAA@$$$\VFXTOWAA-3,NetK92_AGND_F2S_S1_1,PIN,K93_AGND2PGND_S1.3,K93_AGND2PGND_S1,VFXTOWAA,$$$\VFXTOWAA-3,,,1,3,3,Passive,,,,,,,,,,3
C:\Users\nvt10241\Downloads\Sheet1.SchDoc,NET_MEMBER,NET_MEMBER@NetK92_AGND_F2S_S1_1@PIN@NEZGYWAF@$$$\NEZGYWAF-3,NetK92_AGND_F2S_S1_1,PIN,K151_NC_GND_S1S2.3,K151_NC_GND_S1S2,NEZGYWAF,$$$\NEZGYWAF-3,,,1,3,3,Passive,,,,,,,,,,3
C:\Users\nvt10241\Downloads\Sheet1.SchDoc,NET_MEMBER,NET_MEMBER@NetK92_AGND_F2S_S1_2@PORT@AGND_S_S1@Output,NetK92_AGND_F2S_S1_2,PORT,AGND_S_S1,,,,,,,,,Output,,,,,,,,,CONNECTED,AGND_S_S1
C:\Users\nvt10241\Downloads\Sheet1.SchDoc,NET_MEMBER,NET_MEMBER@NetK92_AGND_F2S_S1_2@PORT@S3_FXVIe_PLUS_SL(0-3)@I/O,NetK92_AGND_F2S_S1_2,PORT,S3_FXVIe_PLUS_SL(0-3),,,,,,,,,I/O,,,,,,,,,CONNECTED,S3_FXVIe_PLUS_SL(0-3)
C:\Users\nvt10241\Downloads\Sheet1.SchDoc,NET_MEMBER,NET_MEMBER@NetK92_AGND_F2S_S1_2@PORT@S3_FXVIe_PLUS_SL(4-7)@I/O,NetK92_AGND_F2S_S1_2,PORT,S3_FXVIe_PLUS_SL(4-7),,,,,,,,,I/O,,,,,,,,,CONNECTED,S3_FXVIe_PLUS_SL(4-7)
C:\Users\nvt10241\Downloads\Sheet1.SchDoc,NET_MEMBER,NET_MEMBER@NetK92_AGND_F2S_S1_2@PORT@S5_ACM200_SL(0-5)@I/O,NetK92_AGND_F2S_S1_2,PORT,S5_ACM200_SL(0-5),,,,,,,,,I/O,,,,,,,,,CONNECTED,S5_ACM200_SL(0-5)
C:\Users\nvt10241\Downloads\Sheet1.SchDoc,NET_MEMBER,NET_MEMBER@NetK92_AGND_F2S_S1_2@PORT@S5_ACM200_SL(6-11)@I/O,NetK92_AGND_F2S_S1_2,PORT,S5_ACM200_SL(6-11),,,,,,,,,I/O,,,,,,,,,CONNECTED,S5_ACM200_SL(6-11)
C:\Users\nvt10241\Downloads\Sheet1.SchDoc,NET_MEMBER,NET_MEMBER@NetK92_AGND_F2S_S1_2@PORT@S5_ACM200_SL(12-17)@I/O,NetK92_AGND_F2S_S1_2,PORT,S5_ACM200_SL(12-17),,,,,,,,,I/O,,,,,,,,,CONNECTED,S5_ACM200_SL(12-17)
C:\Users\nvt10241\Downloads\Sheet1.SchDoc,NET_MEMBER,NET_MEMBER@NetK92_AGND_F2S_S1_2@PORT@S5_ACM200_SL(18-23)@I/O,NetK92_AGND_F2S_S1_2,PORT,S5_ACM200_SL(18-23),,,,,,,,,I/O,,,,,,,,,CONNECTED,S5_ACM200_SL(18-23)
C:\Users\nvt10241\Downloads\Sheet1.SchDoc,NET_MEMBER,NET_MEMBER@NetK92_AGND_F2S_S1_2@PIN@ZSGHDIVY@$$$\ZSGHDIVY-2,NetK92_AGND_F2S_S1_2,PIN,K92_AGND_F2S_S1.2,K92_AGND_F2S_S1,ZSGHDIVY,$$$\ZSGHDIVY-2,,,1,2,NO,Passive,,,,,,,,,,2
C:\Users\nvt10241\Downloads\Sheet1.SchDoc,NET_MEMBER,NET_MEMBER@NetK92_AGND_F2S_S1_2@PIN@LRAUMGKA@$$$\LRAUMGKA-6,NetK92_AGND_F2S_S1_2,PIN,K93_AGND2PGND_S1.6,K93_AGND2PGND_S1,LRAUMGKA,$$$\LRAUMGKA-6,,,2,6,6,Passive,,,,,,,,,,6
C:\Users\nvt10241\Downloads\Sheet1.SchDoc,NET_MEMBER,NET_MEMBER@NetK92_AGND_F2S_S1_2@PIN@OEYPMDBR@$$$\OEYPMDBR-2,NetK92_AGND_F2S_S1_2,PIN,K140_QVML_AGND_S1.2,K140_QVML_AGND_S1,OEYPMDBR,$$$\OEYPMDBR-2,,,1,2,NO,Passive,,,,,,,,,,2
C:\Users\nvt10241\Downloads\Sheet1.SchDoc,NET_MEMBER,NET_MEMBER@NetK93_AGND2PGND_S1_2@PIN@VFXTOWAA@$$$\VFXTOWAA-2,NetK93_AGND2PGND_S1_2,PIN,K93_AGND2PGND_S1.2,K93_AGND2PGND_S1,VFXTOWAA,$$$\VFXTOWAA-2,,,1,2,2,Passive,,,,,,,,,,2
C:\Users\nvt10241\Downloads\Sheet1.SchDoc,NET_MEMBER,NET_MEMBER@NetK93_AGND2PGND_S1_4@PORT@PGND_F_S1@Output,NetK93_AGND2PGND_S1_4,PORT,PGND_F_S1,,,,,,,,,Output,,,,,,,,,CONNECTED,PGND_F_S1
C:\Users\nvt10241\Downloads\Sheet1.SchDoc,NET_MEMBER,NET_MEMBER@NetK93_AGND2PGND_S1_4@PIN@VFXTOWAA@$$$\VFXTOWAA-4,NetK93_AGND2PGND_S1_4,PIN,K93_AGND2PGND_S1.4,K93_AGND2PGND_S1,VFXTOWAA,$$$\VFXTOWAA-4,,,1,4,4,Passive,,,,,,,,,,4
C:\Users\nvt10241\Downloads\Sheet1.SchDoc,NET_MEMBER,NET_MEMBER@NetK93_AGND2PGND_S1_4@PIN@JBMLSPTE@$$$\JBMLSPTE-4,NetK93_AGND2PGND_S1_4,PIN,K155_FOVI_PGND_S1.4,K155_FOVI_PGND_S1,JBMLSPTE,$$$\JBMLSPTE-4,,,1,4,4,Passive,,,,,,,,,,4
C:\Users\nvt10241\Downloads\Sheet1.SchDoc,NET_MEMBER,NET_MEMBER@NetK93_AGND2PGND_S1_4@PIN@DGSWZKYK@$$$\DGSWZKYK-1,NetK93_AGND2PGND_S1_4,PIN,R_PGND_S1.1,R_PGND_S1,DGSWZKYK,$$$\DGSWZKYK-1,,,1,1,1,Passive,,,,,,,,,,1
C:\Users\nvt10241\Downloads\Sheet1.SchDoc,NET_MEMBER,NET_MEMBER@NetK93_AGND2PGND_S1_4@PIN@VEXMDRQI@$$$\VEXMDRQI-1,NetK93_AGND2PGND_S1_4,PIN,TP_PGND_F_S1.1,TP_PGND_F_S1,VEXMDRQI,$$$\VEXMDRQI-1,,,1,1,1,Passive,,,,,,,,,,1
C:\Users\nvt10241\Downloads\Sheet1.SchDoc,NET_MEMBER,NET_MEMBER@NetK93_AGND2PGND_S1_5@PORT@PGND_S_S1@Output,NetK93_AGND2PGND_S1_5,PORT,PGND_S_S1,,,,,,,,,Output,,,,,,,,,CONNECTED,PGND_S_S1
C:\Users\nvt10241\Downloads\Sheet1.SchDoc,NET_MEMBER,NET_MEMBER@NetK93_AGND2PGND_S1_5@PIN@LRAUMGKA@$$$\LRAUMGKA-5,NetK93_AGND2PGND_S1_5,PIN,K93_AGND2PGND_S1.5,K93_AGND2PGND_S1,LRAUMGKA,$$$\LRAUMGKA-5,,,2,5,5,Passive,,,,,,,,,,5
C:\Users\nvt10241\Downloads\Sheet1.SchDoc,NET_MEMBER,NET_MEMBER@NetK93_AGND2PGND_S1_5@PIN@ZKSKPUGH@$$$\ZKSKPUGH-5,NetK93_AGND2PGND_S1_5,PIN,K155_FOVI_PGND_S1.5,K155_FOVI_PGND_S1,ZKSKPUGH,$$$\ZKSKPUGH-5,,,2,5,5,Passive,,,,,,,,,,5
C:\Users\nvt10241\Downloads\Sheet1.SchDoc,NET_MEMBER,NET_MEMBER@NetK93_AGND2PGND_S1_5@PIN@VVWDXIHG@$$$\VVWDXIHG-1,NetK93_AGND2PGND_S1_5,PIN,R_AMUX_S1.1,R_AMUX_S1,VVWDXIHG,$$$\VVWDXIHG-1,,,1,1,1,Passive,,,,,,,,,,1
C:\Users\nvt10241\Downloads\Sheet1.SchDoc,NET_MEMBER,NET_MEMBER@NetK93_AGND2PGND_S1_5@PIN@DGSWZKYK@$$$\DGSWZKYK-2,NetK93_AGND2PGND_S1_5,PIN,R_PGND_S1.2,R_PGND_S1,DGSWZKYK,$$$\DGSWZKYK-2,,,1,2,2,Passive,,,,,,,,,,2
C:\Users\nvt10241\Downloads\Sheet1.SchDoc,NET_MEMBER,NET_MEMBER@NetK93_AGND2PGND_S1_5@PIN@TPNTXPER@$$$\TPNTXPER-1,NetK93_AGND2PGND_S1_5,PIN,TP_PGND_S_S1.1,TP_PGND_S_S1,TPNTXPER,$$$\TPNTXPER-1,,,1,1,1,Passive,,,,,,,,,,1
C:\Users\nvt10241\Downloads\Sheet1.SchDoc,NET_MEMBER,NET_MEMBER@NetK93_AGND2PGND_S1_7@PIN@LRAUMGKA@$$$\LRAUMGKA-7,NetK93_AGND2PGND_S1_7,PIN,K93_AGND2PGND_S1.7,K93_AGND2PGND_S1,LRAUMGKA,$$$\LRAUMGKA-7,,,2,7,7,Passive,,,,,,,,,,7
C:\Users\nvt10241\Downloads\Sheet1.SchDoc,NET_MEMBER,NET_MEMBER@NetK94_BUS_FL_PC8_S1_2@PORT@S5_ACM200_FH12@I/O,NetK94_BUS_FL_PC8_S1_2,PORT,S5_ACM200_FH12,,,,,,,,,I/O,,,,,,,,,CONNECTED,S5_ACM200_FH12
C:\Users\nvt10241\Downloads\Sheet1.SchDoc,NET_MEMBER,NET_MEMBER@NetK94_BUS_FL_PC8_S1_2@PIN@GTUFNGKO@$$$\GTUFNGKO-2,NetK94_BUS_FL_PC8_S1_2,PIN,K94_BUS_FL_PC8_S1.2,K94_BUS_FL_PC8_S1,GTUFNGKO,$$$\GTUFNGKO-2,,,1,2,NO,Passive,,,,,,,,,,2
C:\Users\nvt10241\Downloads\Sheet1.SchDoc,NET_MEMBER,NET_MEMBER@NetK94_BUS_FL_PC8_S1_2@PIN@REWIPPBB@$$$\REWIPPBB-6,NetK94_BUS_FL_PC8_S1_2,PIN,K95_PC6_S1.6,K95_PC6_S1,REWIPPBB,$$$\REWIPPBB-6,,,2,6,6,Passive,,,,,,,,,,6
C:\Users\nvt10241\Downloads\Sheet1.SchDoc,NET_MEMBER,NET_MEMBER@NetK94_BUS_SL_PC8_S1_2@PORT@S5_ACM200_SH12@I/O,NetK94_BUS_SL_PC8_S1_2,PORT,S5_ACM200_SH12,,,,,,,,,I/O,,,,,,,,,CONNECTED,S5_ACM200_SH12
C:\Users\nvt10241\Downloads\Sheet1.SchDoc,NET_MEMBER,NET_MEMBER@NetK94_BUS_SL_PC8_S1_2@PIN@EKIPWBCX@$$$\EKIPWBCX-2,NetK94_BUS_SL_PC8_S1_2,PIN,K94_BUS_SL_PC8_S1.2,K94_BUS_SL_PC8_S1,EKIPWBCX,$$$\EKIPWBCX-2,,,1,2,NO,Passive,,,,,,,,,,2
C:\Users\nvt10241\Downloads\Sheet1.SchDoc,NET_MEMBER,NET_MEMBER@NetK94_BUS_SL_PC8_S1_2@PIN@ASSHBUCI@$$$\ASSHBUCI-3,NetK94_BUS_SL_PC8_S1_2,PIN,K95_PC6_S1.3,K95_PC6_S1,ASSHBUCI,$$$\ASSHBUCI-3,,,1,3,3,Passive,,,,,,,,,,3
C:\Users\nvt10241\Downloads\Sheet1.SchDoc,NET_MEMBER,NET_MEMBER@NetK95_PC6_S1_2@PORT@PC8_S_S1@Output,NetK95_PC6_S1_2,PORT,PC8_S_S1,,,,,,,,,Output,,,,,,,,,CONNECTED,PC8_S_S1
C:\Users\nvt10241\Downloads\Sheet1.SchDoc,NET_MEMBER,NET_MEMBER@NetK95_PC6_S1_2@PIN@ASSHBUCI@$$$\ASSHBUCI-2,NetK95_PC6_S1_2,PIN,K95_PC6_S1.2,K95_PC6_S1,ASSHBUCI,$$$\ASSHBUCI-2,,,1,2,2,Passive,,,,,,,,,,2
C:\Users\nvt10241\Downloads\Sheet1.SchDoc,NET_MEMBER,NET_MEMBER@NetK95_PC6_S1_2@PIN@HWBYFGSO@$$$\HWBYFGSO-2,NetK95_PC6_S1_2,PIN,R_PC8_S1.2,R_PC8_S1,HWBYFGSO,$$$\HWBYFGSO-2,,,1,2,2,Passive,,,,,,,,,,2
C:\Users\nvt10241\Downloads\Sheet1.SchDoc,NET_MEMBER,NET_MEMBER@NetK95_PC6_S1_2@PIN@GHLBDIDV@$$$\GHLBDIDV-1,NetK95_PC6_S1_2,PIN,TP_PC8_S_S1.1,TP_PC8_S_S1,GHLBDIDV,$$$\GHLBDIDV-1,,,1,1,1,Passive,,,,,,,,,,1
C:\Users\nvt10241\Downloads\Sheet1.SchDoc,NET_MEMBER,NET_MEMBER@NetK95_PC6_S1_4@PORT@DMO_S_S1@Output,NetK95_PC6_S1_4,PORT,DMO_S_S1,,,,,,,,,Output,,,,,,,,,CONNECTED,DMO_S_S1
C:\Users\nvt10241\Downloads\Sheet1.SchDoc,NET_MEMBER,NET_MEMBER@NetK95_PC6_S1_4@PORT@PC6_S_S1@Output,NetK95_PC6_S1_4,PORT,PC6_S_S1,,,,,,,,,Output,,,,,,,,,CONNECTED,PC6_S_S1
C:\Users\nvt10241\Downloads\Sheet1.SchDoc,NET_MEMBER,NET_MEMBER@NetK95_PC6_S1_4@PIN@ASSHBUCI@$$$\ASSHBUCI-4,NetK95_PC6_S1_4,PIN,K95_PC6_S1.4,K95_PC6_S1,ASSHBUCI,$$$\ASSHBUCI-4,,,1,4,4,Passive,,,,,,,,,,4
C:\Users\nvt10241\Downloads\Sheet1.SchDoc,NET_MEMBER,NET_MEMBER@NetK95_PC6_S1_4@PIN@YUTKMBXC@$$$\YUTKMBXC-2,NetK95_PC6_S1_4,PIN,R_PC6_S1.2,R_PC6_S1,YUTKMBXC,$$$\YUTKMBXC-2,,,1,2,2,Passive,,,,,,,,,,2
C:\Users\nvt10241\Downloads\Sheet1.SchDoc,NET_MEMBER,NET_MEMBER@NetK95_PC6_S1_4@PIN@GBVXTZRM@$$$\GBVXTZRM-1,NetK95_PC6_S1_4,PIN,TP_PC6_S_S1.1,TP_PC6_S_S1,GBVXTZRM,$$$\GBVXTZRM-1,,,1,1,1,Passive,,,,,,,,,,1
C:\Users\nvt10241\Downloads\Sheet1.SchDoc,NET_MEMBER,NET_MEMBER@NetK95_PC6_S1_5@PORT@DMO_F_S1@Output,NetK95_PC6_S1_5,PORT,DMO_F_S1,,,,,,,,,Output,,,,,,,,,CONNECTED,DMO_F_S1
C:\Users\nvt10241\Downloads\Sheet1.SchDoc,NET_MEMBER,NET_MEMBER@NetK95_PC6_S1_5@PORT@PC6_F_S1@Output,NetK95_PC6_S1_5,PORT,PC6_F_S1,,,,,,,,,Output,,,,,,,,,CONNECTED,PC6_F_S1
C:\Users\nvt10241\Downloads\Sheet1.SchDoc,NET_MEMBER,NET_MEMBER@NetK95_PC6_S1_5@PORT@S24_P13@I/O,NetK95_PC6_S1_5,PORT,S24_P13,,,,,,,,,I/O,,,,,,,,,CONNECTED,S24_P13
C:\Users\nvt10241\Downloads\Sheet1.SchDoc,NET_MEMBER,NET_MEMBER@NetK95_PC6_S1_5@PIN@REWIPPBB@$$$\REWIPPBB-5,NetK95_PC6_S1_5,PIN,K95_PC6_S1.5,K95_PC6_S1,REWIPPBB,$$$\REWIPPBB-5,,,2,5,5,Passive,,,,,,,,,,5
C:\Users\nvt10241\Downloads\Sheet1.SchDoc,NET_MEMBER,NET_MEMBER@NetK95_PC6_S1_5@PIN@YUTKMBXC@$$$\YUTKMBXC-1,NetK95_PC6_S1_5,PIN,R_PC6_S1.1,R_PC6_S1,YUTKMBXC,$$$\YUTKMBXC-1,,,1,1,1,Passive,,,,,,,,,,1
C:\Users\nvt10241\Downloads\Sheet1.SchDoc,NET_MEMBER,NET_MEMBER@NetK95_PC6_S1_5@PIN@VNQNVXVE@$$$\VNQNVXVE-1,NetK95_PC6_S1_5,PIN,TP_PC6_F_S1.1,TP_PC6_F_S1,VNQNVXVE,$$$\VNQNVXVE-1,,,1,1,1,Passive,,,,,,,,,,1
C:\Users\nvt10241\Downloads\Sheet1.SchDoc,NET_MEMBER,NET_MEMBER@NetK95_PC6_S1_7@PORT@PC8_F_S1@Output,NetK95_PC6_S1_7,PORT,PC8_F_S1,,,,,,,,,Output,,,,,,,,,CONNECTED,PC8_F_S1
C:\Users\nvt10241\Downloads\Sheet1.SchDoc,NET_MEMBER,NET_MEMBER@NetK95_PC6_S1_7@PIN@REWIPPBB@$$$\REWIPPBB-7,NetK95_PC6_S1_7,PIN,K95_PC6_S1.7,K95_PC6_S1,REWIPPBB,$$$\REWIPPBB-7,,,2,7,7,Passive,,,,,,,,,,7
C:\Users\nvt10241\Downloads\Sheet1.SchDoc,NET_MEMBER,NET_MEMBER@NetK95_PC6_S1_7@PIN@HWBYFGSO@$$$\HWBYFGSO-1,NetK95_PC6_S1_7,PIN,R_PC8_S1.1,R_PC8_S1,HWBYFGSO,$$$\HWBYFGSO-1,,,1,1,1,Passive,,,,,,,,,,1
C:\Users\nvt10241\Downloads\Sheet1.SchDoc,NET_MEMBER,NET_MEMBER@NetK95_PC6_S1_7@PIN@DFDSKDSJ@$$$\DFDSKDSJ-1,NetK95_PC6_S1_7,PIN,TP_PC8_F_S1.1,TP_PC8_F_S1,DFDSKDSJ,$$$\DFDSKDSJ-1,,,1,1,1,Passive,,,,,,,,,,1
C:\Users\nvt10241\Downloads\Sheet1.SchDoc,NET_MEMBER,NET_MEMBER@NetK96_BUS_FH_CC1_S1_2@PORT@S5_ACM200_FH13@I/O,NetK96_BUS_FH_CC1_S1_2,PORT,S5_ACM200_FH13,,,,,,,,,I/O,,,,,,,,,CONNECTED,S5_ACM200_FH13
C:\Users\nvt10241\Downloads\Sheet1.SchDoc,NET_MEMBER,NET_MEMBER@NetK96_BUS_FH_CC1_S1_2@PIN@XBHPLGLT@$$$\XBHPLGLT-2,NetK96_BUS_FH_CC1_S1_2,PIN,K96_BUS_FH_CC1_S1.2,K96_BUS_FH_CC1_S1,XBHPLGLT,$$$\XBHPLGLT-2,,,1,2,NO,Passive,,,,,,,,,,2
C:\Users\nvt10241\Downloads\Sheet1.SchDoc,NET_MEMBER,NET_MEMBER@NetK96_BUS_FH_CC1_S1_2@PIN@OBZMJEPR@$$$\OBZMJEPR-6,NetK96_BUS_FH_CC1_S1_2,PIN,K97_Qpoint_S1.6,K97_Qpoint_S1,OBZMJEPR,$$$\OBZMJEPR-6,,,2,6,6,Passive,,,,,,,,,,6
C:\Users\nvt10241\Downloads\Sheet1.SchDoc,NET_MEMBER,NET_MEMBER@NetK96_BUS_SH_CC1_S1_2@PORT@S5_ACM200_SH13@I/O,NetK96_BUS_SH_CC1_S1_2,PORT,S5_ACM200_SH13,,,,,,,,,I/O,,,,,,,,,CONNECTED,S5_ACM200_SH13
C:\Users\nvt10241\Downloads\Sheet1.SchDoc,NET_MEMBER,NET_MEMBER@NetK96_BUS_SH_CC1_S1_2@PIN@SWYITEAZ@$$$\SWYITEAZ-2,NetK96_BUS_SH_CC1_S1_2,PIN,K96_BUS_SH_CC1_S1.2,K96_BUS_SH_CC1_S1,SWYITEAZ,$$$\SWYITEAZ-2,,,1,2,NO,Passive,,,,,,,,,,2
C:\Users\nvt10241\Downloads\Sheet1.SchDoc,NET_MEMBER,NET_MEMBER@NetK96_BUS_SH_CC1_S1_2@PIN@YBLYWCRZ@$$$\YBLYWCRZ-3,NetK96_BUS_SH_CC1_S1_2,PIN,K97_Qpoint_S1.3,K97_Qpoint_S1,YBLYWCRZ,$$$\YBLYWCRZ-3,,,1,3,3,Passive,,,,,,,,,,3
C:\Users\nvt10241\Downloads\Sheet1.SchDoc,NET_MEMBER,NET_MEMBER@NetK97_Qpoint_S1_2@PIN@YBLYWCRZ@$$$\YBLYWCRZ-2,NetK97_Qpoint_S1_2,PIN,K97_Qpoint_S1.2,K97_Qpoint_S1,YBLYWCRZ,$$$\YBLYWCRZ-2,,,1,2,2,Passive,,,,,,,,,,2
C:\Users\nvt10241\Downloads\Sheet1.SchDoc,NET_MEMBER,NET_MEMBER@NetK97_Qpoint_S1_2@PIN@QMLPEVDJ@$$$\QMLPEVDJ-3,NetK97_Qpoint_S1_2,PIN,K98_PB3_S1.3,K98_PB3_S1,QMLPEVDJ,$$$\QMLPEVDJ-3,,,1,3,3,Passive,,,,,,,,,,3
C:\Users\nvt10241\Downloads\Sheet1.SchDoc,NET_MEMBER,NET_MEMBER@NetK97_Qpoint_S1_7@PIN@OBZMJEPR@$$$\OBZMJEPR-7,NetK97_Qpoint_S1_7,PIN,K97_Qpoint_S1.7,K97_Qpoint_S1,OBZMJEPR,$$$\OBZMJEPR-7,,,2,7,7,Passive,,,,,,,,,,7
C:\Users\nvt10241\Downloads\Sheet1.SchDoc,NET_MEMBER,NET_MEMBER@NetK97_Qpoint_S1_7@PIN@UHEILBLN@$$$\UHEILBLN-6,NetK97_Qpoint_S1_7,PIN,K98_PB3_S1.6,K98_PB3_S1,UHEILBLN,$$$\UHEILBLN-6,,,2,6,6,Passive,,,,,,,,,,6
C:\Users\nvt10241\Downloads\Sheet1.SchDoc,NET_MEMBER,NET_MEMBER@NetK98_PB3_S1_2@PORT@CC1_S_S1@Output,NetK98_PB3_S1_2,PORT,CC1_S_S1,,,,,,,,,Output,,,,,,,,,CONNECTED,CC1_S_S1
C:\Users\nvt10241\Downloads\Sheet1.SchDoc,NET_MEMBER,NET_MEMBER@NetK98_PB3_S1_2@PIN@QMLPEVDJ@$$$\QMLPEVDJ-2,NetK98_PB3_S1_2,PIN,K98_PB3_S1.2,K98_PB3_S1,QMLPEVDJ,$$$\QMLPEVDJ-2,,,1,2,2,Passive,,,,,,,,,,2
C:\Users\nvt10241\Downloads\Sheet1.SchDoc,NET_MEMBER,NET_MEMBER@NetK98_PB3_S1_2@PIN@VRTFZKMN@$$$\VRTFZKMN-2,NetK98_PB3_S1_2,PIN,R_CC1_S1.2,R_CC1_S1,VRTFZKMN,$$$\VRTFZKMN-2,,,1,2,2,Passive,,,,,,,,,,2
C:\Users\nvt10241\Downloads\Sheet1.SchDoc,NET_MEMBER,NET_MEMBER@NetK98_PB3_S1_2@PIN@JNSPWCWE@$$$\JNSPWCWE-1,NetK98_PB3_S1_2,PIN,TP_CC1_S_S1.1,TP_CC1_S_S1,JNSPWCWE,$$$\JNSPWCWE-1,,,1,1,1,Passive,,,,,,,,,,1
C:\Users\nvt10241\Downloads\Sheet1.SchDoc,NET_MEMBER,NET_MEMBER@NetK98_PB3_S1_4@PORT@PB3_S_S1@Output,NetK98_PB3_S1_4,PORT,PB3_S_S1,,,,,,,,,Output,,,,,,,,,CONNECTED,PB3_S_S1
C:\Users\nvt10241\Downloads\Sheet1.SchDoc,NET_MEMBER,NET_MEMBER@NetK98_PB3_S1_4@PIN@QMLPEVDJ@$$$\QMLPEVDJ-4,NetK98_PB3_S1_4,PIN,K98_PB3_S1.4,K98_PB3_S1,QMLPEVDJ,$$$\QMLPEVDJ-4,,,1,4,4,Passive,,,,,,,,,,4
C:\Users\nvt10241\Downloads\Sheet1.SchDoc,NET_MEMBER,NET_MEMBER@NetK98_PB3_S1_4@PIN@FWFSFUXQ@$$$\FWFSFUXQ-2,NetK98_PB3_S1_4,PIN,R_PB3_S1.2,R_PB3_S1,FWFSFUXQ,$$$\FWFSFUXQ-2,,,1,2,2,Passive,,,,,,,,,,2
C:\Users\nvt10241\Downloads\Sheet1.SchDoc,NET_MEMBER,NET_MEMBER@NetK98_PB3_S1_4@PIN@SOGGOXJI@$$$\SOGGOXJI-1,NetK98_PB3_S1_4,PIN,TP_PB3_S_S1.1,TP_PB3_S_S1,SOGGOXJI,$$$\SOGGOXJI-1,,,1,1,1,Passive,,,,,,,,,,1
C:\Users\nvt10241\Downloads\Sheet1.SchDoc,NET_MEMBER,NET_MEMBER@NetK98_PB3_S1_5@PORT@PB3_F_S1@Output,NetK98_PB3_S1_5,PORT,PB3_F_S1,,,,,,,,,Output,,,,,,,,,CONNECTED,PB3_F_S1
C:\Users\nvt10241\Downloads\Sheet1.SchDoc,NET_MEMBER,NET_MEMBER@NetK98_PB3_S1_5@PIN@UHEILBLN@$$$\UHEILBLN-5,NetK98_PB3_S1_5,PIN,K98_PB3_S1.5,K98_PB3_S1,UHEILBLN,$$$\UHEILBLN-5,,,2,5,5,Passive,,,,,,,,,,5
C:\Users\nvt10241\Downloads\Sheet1.SchDoc,NET_MEMBER,NET_MEMBER@NetK98_PB3_S1_5@PIN@FWFSFUXQ@$$$\FWFSFUXQ-1,NetK98_PB3_S1_5,PIN,R_PB3_S1.1,R_PB3_S1,FWFSFUXQ,$$$\FWFSFUXQ-1,,,1,1,1,Passive,,,,,,,,,,1
C:\Users\nvt10241\Downloads\Sheet1.SchDoc,NET_MEMBER,NET_MEMBER@NetK98_PB3_S1_5@PIN@YFECJFGO@$$$\YFECJFGO-1,NetK98_PB3_S1_5,PIN,TP_PB3_F_S1.1,TP_PB3_F_S1,YFECJFGO,$$$\YFECJFGO-1,,,1,1,1,Passive,,,,,,,,,,1
C:\Users\nvt10241\Downloads\Sheet1.SchDoc,NET_MEMBER,NET_MEMBER@NetK98_PB3_S1_7@PORT@CC1_F_S1@Output,NetK98_PB3_S1_7,PORT,CC1_F_S1,,,,,,,,,Output,,,,,,,,,CONNECTED,CC1_F_S1
C:\Users\nvt10241\Downloads\Sheet1.SchDoc,NET_MEMBER,NET_MEMBER@NetK98_PB3_S1_7@PIN@UHEILBLN@$$$\UHEILBLN-7,NetK98_PB3_S1_7,PIN,K98_PB3_S1.7,K98_PB3_S1,UHEILBLN,$$$\UHEILBLN-7,,,2,7,7,Passive,,,,,,,,,,7
C:\Users\nvt10241\Downloads\Sheet1.SchDoc,NET_MEMBER,NET_MEMBER@NetK98_PB3_S1_7@PIN@VRTFZKMN@$$$\VRTFZKMN-1,NetK98_PB3_S1_7,PIN,R_CC1_S1.1,R_CC1_S1,VRTFZKMN,$$$\VRTFZKMN-1,,,1,1,1,Passive,,,,,,,,,,1
C:\Users\nvt10241\Downloads\Sheet1.SchDoc,NET_MEMBER,NET_MEMBER@NetK98_PB3_S1_7@PIN@AKOPKLDF@$$$\AKOPKLDF-1,NetK98_PB3_S1_7,PIN,TP_CC1_F_S1.1,TP_CC1_F_S1,AKOPKLDF,$$$\AKOPKLDF-1,,,1,1,1,Passive,,,,,,,,,,1
C:\Users\nvt10241\Downloads\Sheet1.SchDoc,NET_MEMBER,NET_MEMBER@NetK99_BUSL_PB5_S1_2@PIN@UCWQGGSX@$$$\UCWQGGSX-2,NetK99_BUSL_PB5_S1_2,PIN,K99_BUSL_PB5_S1.2,K99_BUSL_PB5_S1,UCWQGGSX,$$$\UCWQGGSX-2,,,1,2,2,Passive,,,,,,,,,,2
C:\Users\nvt10241\Downloads\Sheet1.SchDoc,NET_MEMBER,NET_MEMBER@NetK99_BUSL_PB5_S1_4@PORT@S5_ACM200_FH14@I/O,NetK99_BUSL_PB5_S1_4,PORT,S5_ACM200_FH14,,,,,,,,,I/O,,,,,,,,,CONNECTED,S5_ACM200_FH14
C:\Users\nvt10241\Downloads\Sheet1.SchDoc,NET_MEMBER,NET_MEMBER@NetK99_BUSL_PB5_S1_4@PIN@UCWQGGSX@$$$\UCWQGGSX-4,NetK99_BUSL_PB5_S1_4,PIN,K99_BUSL_PB5_S1.4,K99_BUSL_PB5_S1,UCWQGGSX,$$$\UCWQGGSX-4,,,1,4,4,Passive,,,,,,,,,,4
C:\Users\nvt10241\Downloads\Sheet1.SchDoc,NET_MEMBER,NET_MEMBER@NetK99_BUSL_PB5_S1_4@PIN@ETRQABNZ@$$$\ETRQABNZ-6,NetK99_BUSL_PB5_S1_4,PIN,K100_PC4_S1.6,K100_PC4_S1,ETRQABNZ,$$$\ETRQABNZ-6,,,2,6,6,Passive,,,,,,,,,,6
C:\Users\nvt10241\Downloads\Sheet1.SchDoc,NET_MEMBER,NET_MEMBER@NetK99_BUSL_PB5_S1_5@PORT@S5_ACM200_SH14@I/O,NetK99_BUSL_PB5_S1_5,PORT,S5_ACM200_SH14,,,,,,,,,I/O,,,,,,,,,CONNECTED,S5_ACM200_SH14
C:\Users\nvt10241\Downloads\Sheet1.SchDoc,NET_MEMBER,NET_MEMBER@NetK99_BUSL_PB5_S1_5@PIN@OOUTYHST@$$$\OOUTYHST-5,NetK99_BUSL_PB5_S1_5,PIN,K99_BUSL_PB5_S1.5,K99_BUSL_PB5_S1,OOUTYHST,$$$\OOUTYHST-5,,,2,5,5,Passive,,,,,,,,,,5
C:\Users\nvt10241\Downloads\Sheet1.SchDoc,NET_MEMBER,NET_MEMBER@NetK99_BUSL_PB5_S1_5@PIN@DIAQURKW@$$$\DIAQURKW-3,NetK99_BUSL_PB5_S1_5,PIN,K100_PC4_S1.3,K100_PC4_S1,DIAQURKW,$$$\DIAQURKW-3,,,1,3,3,Passive,,,,,,,,,,3
C:\Users\nvt10241\Downloads\Sheet1.SchDoc,NET_MEMBER,NET_MEMBER@NetK99_BUSL_PB5_S1_7@PIN@OOUTYHST@$$$\OOUTYHST-7,NetK99_BUSL_PB5_S1_7,PIN,K99_BUSL_PB5_S1.7,K99_BUSL_PB5_S1,OOUTYHST,$$$\OOUTYHST-7,,,2,7,7,Passive,,,,,,,,,,7
C:\Users\nvt10241\Downloads\Sheet1.SchDoc,NET_MEMBER,NET_MEMBER@NetK100_PC4_S1_4@PORT@PC4_S_S1@Output,NetK100_PC4_S1_4,PORT,PC4_S_S1,,,,,,,,,Output,,,,,,,,,CONNECTED,PC4_S_S1
C:\Users\nvt10241\Downloads\Sheet1.SchDoc,NET_MEMBER,NET_MEMBER@NetK100_PC4_S1_4@PIN@DIAQURKW@$$$\DIAQURKW-4,NetK100_PC4_S1_4,PIN,K100_PC4_S1.4,K100_PC4_S1,DIAQURKW,$$$\DIAQURKW-4,,,1,4,4,Passive,,,,,,,,,,4
C:\Users\nvt10241\Downloads\Sheet1.SchDoc,NET_MEMBER,NET_MEMBER@NetK100_PC4_S1_4@PIN@OHFPZUUP@$$$\OHFPZUUP-2,NetK100_PC4_S1_4,PIN,R_PC4_S1.2,R_PC4_S1,OHFPZUUP,$$$\OHFPZUUP-2,,,1,2,2,Passive,,,,,,,,,,2
C:\Users\nvt10241\Downloads\Sheet1.SchDoc,NET_MEMBER,NET_MEMBER@NetK100_PC4_S1_4@PIN@PGYFTRSS@$$$\PGYFTRSS-1,NetK100_PC4_S1_4,PIN,TP_PC4_S_S1.1,TP_PC4_S_S1,PGYFTRSS,$$$\PGYFTRSS-1,,,1,1,1,Passive,,,,,,,,,,1
C:\Users\nvt10241\Downloads\Sheet1.SchDoc,NET_MEMBER,NET_MEMBER@NetK100_PC4_S1_5@PORT@PC4_F_S1@Output,NetK100_PC4_S1_5,PORT,PC4_F_S1,,,,,,,,,Output,,,,,,,,,CONNECTED,PC4_F_S1
C:\Users\nvt10241\Downloads\Sheet1.SchDoc,NET_MEMBER,NET_MEMBER@NetK100_PC4_S1_5@PIN@ETRQABNZ@$$$\ETRQABNZ-5,NetK100_PC4_S1_5,PIN,K100_PC4_S1.5,K100_PC4_S1,ETRQABNZ,$$$\ETRQABNZ-5,,,2,5,5,Passive,,,,,,,,,,5
C:\Users\nvt10241\Downloads\Sheet1.SchDoc,NET_MEMBER,NET_MEMBER@NetK100_PC4_S1_5@PIN@UDESFHBD@$$$\UDESFHBD-1,NetK100_PC4_S1_5,PIN,R_PC4_PD_S1.1,R_PC4_PD_S1,UDESFHBD,$$$\UDESFHBD-1,,,1,1,1,Passive,,,,,,,,,,1
C:\Users\nvt10241\Downloads\Sheet1.SchDoc,NET_MEMBER,NET_MEMBER@NetK100_PC4_S1_5@PIN@OHFPZUUP@$$$\OHFPZUUP-1,NetK100_PC4_S1_5,PIN,R_PC4_S1.1,R_PC4_S1,OHFPZUUP,$$$\OHFPZUUP-1,,,1,1,1,Passive,,,,,,,,,,1
C:\Users\nvt10241\Downloads\Sheet1.SchDoc,NET_MEMBER,NET_MEMBER@NetK100_PC4_S1_5@PIN@AKRDNQDQ@$$$\AKRDNQDQ-1,NetK100_PC4_S1_5,PIN,TP_PC4_F_S1.1,TP_PC4_F_S1,AKRDNQDQ,$$$\AKRDNQDQ-1,,,1,1,1,Passive,,,,,,,,,,1
C:\Users\nvt10241\Downloads\Sheet1.SchDoc,NET_MEMBER,NET_MEMBER@NetK101_BUS_FH_PA0_S1_2@PORT@S5_ACM200_FH15@I/O,NetK101_BUS_FH_PA0_S1_2,PORT,S5_ACM200_FH15,,,,,,,,,I/O,,,,,,,,,CONNECTED,S5_ACM200_FH15
C:\Users\nvt10241\Downloads\Sheet1.SchDoc,NET_MEMBER,NET_MEMBER@NetK101_BUS_FH_PA0_S1_2@PIN@NEDSPORM@$$$\NEDSPORM-2,NetK101_BUS_FH_PA0_S1_2,PIN,K101_BUS_FH_PA0_S1.2,K101_BUS_FH_PA0_S1,NEDSPORM,$$$\NEDSPORM-2,,,1,2,NO,Passive,,,,,,,,,,2
C:\Users\nvt10241\Downloads\Sheet1.SchDoc,NET_MEMBER,NET_MEMBER@NetK101_BUS_FH_PA0_S1_2@PIN@ITBVXDLL@$$$\ITBVXDLL-6,NetK101_BUS_FH_PA0_S1_2,PIN,K102_PC3_S1.6,K102_PC3_S1,ITBVXDLL,$$$\ITBVXDLL-6,,,2,6,6,Passive,,,,,,,,,,6
C:\Users\nvt10241\Downloads\Sheet1.SchDoc,NET_MEMBER,NET_MEMBER@NetK101_BUS_SH_PA0_S1_2@PORT@S5_ACM200_SH15@I/O,NetK101_BUS_SH_PA0_S1_2,PORT,S5_ACM200_SH15,,,,,,,,,I/O,,,,,,,,,CONNECTED,S5_ACM200_SH15
C:\Users\nvt10241\Downloads\Sheet1.SchDoc,NET_MEMBER,NET_MEMBER@NetK101_BUS_SH_PA0_S1_2@PIN@UACWVRTA@$$$\UACWVRTA-2,NetK101_BUS_SH_PA0_S1_2,PIN,K101_BUS_SH_PA0_S1.2,K101_BUS_SH_PA0_S1,UACWVRTA,$$$\UACWVRTA-2,,,1,2,NO,Passive,,,,,,,,,,2
C:\Users\nvt10241\Downloads\Sheet1.SchDoc,NET_MEMBER,NET_MEMBER@NetK101_BUS_SH_PA0_S1_2@PIN@EXOWBBGJ@$$$\EXOWBBGJ-3,NetK101_BUS_SH_PA0_S1_2,PIN,K102_PC3_S1.3,K102_PC3_S1,EXOWBBGJ,$$$\EXOWBBGJ-3,,,1,3,3,Passive,,,,,,,,,,3
C:\Users\nvt10241\Downloads\Sheet1.SchDoc,NET_MEMBER,NET_MEMBER@NetK102_PC3_S1_2@PORT@INT_S_S1@Output,NetK102_PC3_S1_2,PORT,INT_S_S1,,,,,,,,,Output,,,,,,,,,CONNECTED,INT_S_S1
C:\Users\nvt10241\Downloads\Sheet1.SchDoc,NET_MEMBER,NET_MEMBER@NetK102_PC3_S1_2@PORT@PA0_S_S1@Output,NetK102_PC3_S1_2,PORT,PA0_S_S1,,,,,,,,,Output,,,,,,,,,CONNECTED,PA0_S_S1
C:\Users\nvt10241\Downloads\Sheet1.SchDoc,NET_MEMBER,NET_MEMBER@NetK102_PC3_S1_2@PIN@EXOWBBGJ@$$$\EXOWBBGJ-2,NetK102_PC3_S1_2,PIN,K102_PC3_S1.2,K102_PC3_S1,EXOWBBGJ,$$$\EXOWBBGJ-2,,,1,2,2,Passive,,,,,,,,,,2
C:\Users\nvt10241\Downloads\Sheet1.SchDoc,NET_MEMBER,NET_MEMBER@NetK102_PC3_S1_2@PIN@VTKAYTOC@$$$\VTKAYTOC-2,NetK102_PC3_S1_2,PIN,R_PA0_S1.2,R_PA0_S1,VTKAYTOC,$$$\VTKAYTOC-2,,,1,2,2,Passive,,,,,,,,,,2
C:\Users\nvt10241\Downloads\Sheet1.SchDoc,NET_MEMBER,NET_MEMBER@NetK102_PC3_S1_2@PIN@TQTWORRD@$$$\TQTWORRD-1,NetK102_PC3_S1_2,PIN,TP_PA0_S_S1.1,TP_PA0_S_S1,TQTWORRD,$$$\TQTWORRD-1,,,1,1,1,Passive,,,,,,,,,,1
C:\Users\nvt10241\Downloads\Sheet1.SchDoc,NET_MEMBER,NET_MEMBER@NetK102_PC3_S1_4@PORT@PC3_S_S1@Output,NetK102_PC3_S1_4,PORT,PC3_S_S1,,,,,,,,,Output,,,,,,,,,CONNECTED,PC3_S_S1
C:\Users\nvt10241\Downloads\Sheet1.SchDoc,NET_MEMBER,NET_MEMBER@NetK102_PC3_S1_4@PIN@EXOWBBGJ@$$$\EXOWBBGJ-4,NetK102_PC3_S1_4,PIN,K102_PC3_S1.4,K102_PC3_S1,EXOWBBGJ,$$$\EXOWBBGJ-4,,,1,4,4,Passive,,,,,,,,,,4
C:\Users\nvt10241\Downloads\Sheet1.SchDoc,NET_MEMBER,NET_MEMBER@NetK102_PC3_S1_4@PIN@QYLPDQIG@$$$\QYLPDQIG-2,NetK102_PC3_S1_4,PIN,R_PC3_S1.2,R_PC3_S1,QYLPDQIG,$$$\QYLPDQIG-2,,,1,2,2,Passive,,,,,,,,,,2
C:\Users\nvt10241\Downloads\Sheet1.SchDoc,NET_MEMBER,NET_MEMBER@NetK102_PC3_S1_4@PIN@MQPNWVSK@$$$\MQPNWVSK-1,NetK102_PC3_S1_4,PIN,TP_PC3_S_S1.1,TP_PC3_S_S1,MQPNWVSK,$$$\MQPNWVSK-1,,,1,1,1,Passive,,,,,,,,,,1
C:\Users\nvt10241\Downloads\Sheet1.SchDoc,NET_MEMBER,NET_MEMBER@NetK102_PC3_S1_5@PORT@PC3_F_S1@Output,NetK102_PC3_S1_5,PORT,PC3_F_S1,,,,,,,,,Output,,,,,,,,,CONNECTED,PC3_F_S1
C:\Users\nvt10241\Downloads\Sheet1.SchDoc,NET_MEMBER,NET_MEMBER@NetK102_PC3_S1_5@PIN@ITBVXDLL@$$$\ITBVXDLL-5,NetK102_PC3_S1_5,PIN,K102_PC3_S1.5,K102_PC3_S1,ITBVXDLL,$$$\ITBVXDLL-5,,,2,5,5,Passive,,,,,,,,,,5
C:\Users\nvt10241\Downloads\Sheet1.SchDoc,NET_MEMBER,NET_MEMBER@NetK102_PC3_S1_5@PIN@QYLPDQIG@$$$\QYLPDQIG-1,NetK102_PC3_S1_5,PIN,R_PC3_S1.1,R_PC3_S1,QYLPDQIG,$$$\QYLPDQIG-1,,,1,1,1,Passive,,,,,,,,,,1
C:\Users\nvt10241\Downloads\Sheet1.SchDoc,NET_MEMBER,NET_MEMBER@NetK102_PC3_S1_5@PIN@KJALZJBP@$$$\KJALZJBP-1,NetK102_PC3_S1_5,PIN,TP_PC3_F_S1.1,TP_PC3_F_S1,KJALZJBP,$$$\KJALZJBP-1,,,1,1,1,Passive,,,,,,,,,,1
C:\Users\nvt10241\Downloads\Sheet1.SchDoc,NET_MEMBER,NET_MEMBER@NetK102_PC3_S1_7@PORT@INT_F_S1@Output,NetK102_PC3_S1_7,PORT,INT_F_S1,,,,,,,,,Output,,,,,,,,,CONNECTED,INT_F_S1
C:\Users\nvt10241\Downloads\Sheet1.SchDoc,NET_MEMBER,NET_MEMBER@NetK102_PC3_S1_7@PORT@PA0_F_S1@Output,NetK102_PC3_S1_7,PORT,PA0_F_S1,,,,,,,,,Output,,,,,,,,,CONNECTED,PA0_F_S1
C:\Users\nvt10241\Downloads\Sheet1.SchDoc,NET_MEMBER,NET_MEMBER@NetK102_PC3_S1_7@PORT@S24_P14@I/O,NetK102_PC3_S1_7,PORT,S24_P14,,,,,,,,,I/O,,,,,,,,,CONNECTED,S24_P14
C:\Users\nvt10241\Downloads\Sheet1.SchDoc,NET_MEMBER,NET_MEMBER@NetK102_PC3_S1_7@PIN@ITBVXDLL@$$$\ITBVXDLL-7,NetK102_PC3_S1_7,PIN,K102_PC3_S1.7,K102_PC3_S1,ITBVXDLL,$$$\ITBVXDLL-7,,,2,7,7,Passive,,,,,,,,,,7
C:\Users\nvt10241\Downloads\Sheet1.SchDoc,NET_MEMBER,NET_MEMBER@NetK102_PC3_S1_7@PIN@UDFWSWGB@$$$\UDFWSWGB-1,NetK102_PC3_S1_7,PIN,R_PA0_PU_S1.1,R_PA0_PU_S1,UDFWSWGB,$$$\UDFWSWGB-1,,,1,1,1,Passive,,,,,,,,,,1
C:\Users\nvt10241\Downloads\Sheet1.SchDoc,NET_MEMBER,NET_MEMBER@NetK102_PC3_S1_7@PIN@VTKAYTOC@$$$\VTKAYTOC-1,NetK102_PC3_S1_7,PIN,R_PA0_S1.1,R_PA0_S1,VTKAYTOC,$$$\VTKAYTOC-1,,,1,1,1,Passive,,,,,,,,,,1
C:\Users\nvt10241\Downloads\Sheet1.SchDoc,NET_MEMBER,NET_MEMBER@NetK102_PC3_S1_7@PIN@ARFTIZGH@$$$\ARFTIZGH-1,NetK102_PC3_S1_7,PIN,TP_PA0_F_S1.1,TP_PA0_F_S1,ARFTIZGH,$$$\ARFTIZGH-1,,,1,1,1,Passive,,,,,,,,,,1
C:\Users\nvt10241\Downloads\Sheet1.SchDoc,NET_MEMBER,NET_MEMBER@NetK103_PA0_PU_S1_1@PIN@LFJPFRVT@$$$\LFJPFRVT-1,NetK103_PA0_PU_S1_1,PIN,K103_PA0_PU_S1.1,K103_PA0_PU_S1,LFJPFRVT,$$$\LFJPFRVT-1,,,1,1,COMMON,Passive,,,,,,,,,,1
C:\Users\nvt10241\Downloads\Sheet1.SchDoc,NET_MEMBER,NET_MEMBER@NetK103_PA0_PU_S1_1@PIN@UDFWSWGB@$$$\UDFWSWGB-2,NetK103_PA0_PU_S1_1,PIN,R_PA0_PU_S1.2,R_PA0_PU_S1,UDFWSWGB,$$$\UDFWSWGB-2,,,1,2,2,Passive,,,,,,,,,,2
C:\Users\nvt10241\Downloads\Sheet1.SchDoc,NET_MEMBER,NET_MEMBER@NetK104_BUS_FL_PD5_S1_2@PORT@S5_ACM200_FH16@I/O,NetK104_BUS_FL_PD5_S1_2,PORT,S5_ACM200_FH16,,,,,,,,,I/O,,,,,,,,,CONNECTED,S5_ACM200_FH16
C:\Users\nvt10241\Downloads\Sheet1.SchDoc,NET_MEMBER,NET_MEMBER@NetK104_BUS_FL_PD5_S1_2@PIN@ZOBDTNXQ@$$$\ZOBDTNXQ-2,NetK104_BUS_FL_PD5_S1_2,PIN,K104_BUS_FL_PD5_S1.2,K104_BUS_FL_PD5_S1,ZOBDTNXQ,$$$\ZOBDTNXQ-2,,,1,2,NO,Passive,,,,,,,,,,2
C:\Users\nvt10241\Downloads\Sheet1.SchDoc,NET_MEMBER,NET_MEMBER@NetK104_BUS_FL_PD5_S1_2@PIN@DHTGXKOS@$$$\DHTGXKOS-6,NetK104_BUS_FL_PD5_S1_2,PIN,K105_CC2_S1.6,K105_CC2_S1,DHTGXKOS,$$$\DHTGXKOS-6,,,2,6,6,Passive,,,,,,,,,,6
C:\Users\nvt10241\Downloads\Sheet1.SchDoc,NET_MEMBER,NET_MEMBER@NetK104_BUS_SL_PD5_S1_2@PORT@S5_ACM200_SH16@I/O,NetK104_BUS_SL_PD5_S1_2,PORT,S5_ACM200_SH16,,,,,,,,,I/O,,,,,,,,,CONNECTED,S5_ACM200_SH16
C:\Users\nvt10241\Downloads\Sheet1.SchDoc,NET_MEMBER,NET_MEMBER@NetK104_BUS_SL_PD5_S1_2@PIN@YQSZWFST@$$$\YQSZWFST-2,NetK104_BUS_SL_PD5_S1_2,PIN,K104_BUS_SL_PD5_S1.2,K104_BUS_SL_PD5_S1,YQSZWFST,$$$\YQSZWFST-2,,,1,2,NO,Passive,,,,,,,,,,2
C:\Users\nvt10241\Downloads\Sheet1.SchDoc,NET_MEMBER,NET_MEMBER@NetK104_BUS_SL_PD5_S1_2@PIN@IWNWQIQG@$$$\IWNWQIQG-3,NetK104_BUS_SL_PD5_S1_2,PIN,K105_CC2_S1.3,K105_CC2_S1,IWNWQIQG,$$$\IWNWQIQG-3,,,1,3,3,Passive,,,,,,,,,,3
C:\Users\nvt10241\Downloads\Sheet1.SchDoc,NET_MEMBER,NET_MEMBER@NetK105_CC2_S1_2@PORT@PD5_S_S1@Output,NetK105_CC2_S1_2,PORT,PD5_S_S1,,,,,,,,,Output,,,,,,,,,CONNECTED,PD5_S_S1
C:\Users\nvt10241\Downloads\Sheet1.SchDoc,NET_MEMBER,NET_MEMBER@NetK105_CC2_S1_2@PIN@IWNWQIQG@$$$\IWNWQIQG-2,NetK105_CC2_S1_2,PIN,K105_CC2_S1.2,K105_CC2_S1,IWNWQIQG,$$$\IWNWQIQG-2,,,1,2,2,Passive,,,,,,,,,,2
C:\Users\nvt10241\Downloads\Sheet1.SchDoc,NET_MEMBER,NET_MEMBER@NetK105_CC2_S1_2@PIN@RVIKNIIW@$$$\RVIKNIIW-2,NetK105_CC2_S1_2,PIN,R_PD5_S1.2,R_PD5_S1,RVIKNIIW,$$$\RVIKNIIW-2,,,1,2,2,Passive,,,,,,,,,,2
C:\Users\nvt10241\Downloads\Sheet1.SchDoc,NET_MEMBER,NET_MEMBER@NetK105_CC2_S1_2@PIN@SGYGTIWS@$$$\SGYGTIWS-1,NetK105_CC2_S1_2,PIN,TP_PD5_S_S1.1,TP_PD5_S_S1,SGYGTIWS,$$$\SGYGTIWS-1,,,1,1,1,Passive,,,,,,,,,,1
C:\Users\nvt10241\Downloads\Sheet1.SchDoc,NET_MEMBER,NET_MEMBER@NetK105_CC2_S1_4@PORT@CC2_S_S1@Output,NetK105_CC2_S1_4,PORT,CC2_S_S1,,,,,,,,,Output,,,,,,,,,CONNECTED,CC2_S_S1
C:\Users\nvt10241\Downloads\Sheet1.SchDoc,NET_MEMBER,NET_MEMBER@NetK105_CC2_S1_4@PIN@IWNWQIQG@$$$\IWNWQIQG-4,NetK105_CC2_S1_4,PIN,K105_CC2_S1.4,K105_CC2_S1,IWNWQIQG,$$$\IWNWQIQG-4,,,1,4,4,Passive,,,,,,,,,,4
C:\Users\nvt10241\Downloads\Sheet1.SchDoc,NET_MEMBER,NET_MEMBER@NetK105_CC2_S1_4@PIN@KPTNPLIV@$$$\KPTNPLIV-2,NetK105_CC2_S1_4,PIN,R_CC2_S1.2,R_CC2_S1,KPTNPLIV,$$$\KPTNPLIV-2,,,1,2,2,Passive,,,,,,,,,,2
C:\Users\nvt10241\Downloads\Sheet1.SchDoc,NET_MEMBER,NET_MEMBER@NetK105_CC2_S1_4@PIN@GTPSBLJN@$$$\GTPSBLJN-1,NetK105_CC2_S1_4,PIN,TP_CC2_S_S1.1,TP_CC2_S_S1,GTPSBLJN,$$$\GTPSBLJN-1,,,1,1,1,Passive,,,,,,,,,,1
C:\Users\nvt10241\Downloads\Sheet1.SchDoc,NET_MEMBER,NET_MEMBER@NetK105_CC2_S1_5@PORT@CC2_F_S1@Output,NetK105_CC2_S1_5,PORT,CC2_F_S1,,,,,,,,,Output,,,,,,,,,CONNECTED,CC2_F_S1
C:\Users\nvt10241\Downloads\Sheet1.SchDoc,NET_MEMBER,NET_MEMBER@NetK105_CC2_S1_5@PIN@DHTGXKOS@$$$\DHTGXKOS-5,NetK105_CC2_S1_5,PIN,K105_CC2_S1.5,K105_CC2_S1,DHTGXKOS,$$$\DHTGXKOS-5,,,2,5,5,Passive,,,,,,,,,,5
C:\Users\nvt10241\Downloads\Sheet1.SchDoc,NET_MEMBER,NET_MEMBER@NetK105_CC2_S1_5@PIN@KPTNPLIV@$$$\KPTNPLIV-1,NetK105_CC2_S1_5,PIN,R_CC2_S1.1,R_CC2_S1,KPTNPLIV,$$$\KPTNPLIV-1,,,1,1,1,Passive,,,,,,,,,,1
C:\Users\nvt10241\Downloads\Sheet1.SchDoc,NET_MEMBER,NET_MEMBER@NetK105_CC2_S1_5@PIN@DHKGMDAR@$$$\DHKGMDAR-1,NetK105_CC2_S1_5,PIN,TP_CC2_F_S1.1,TP_CC2_F_S1,DHKGMDAR,$$$\DHKGMDAR-1,,,1,1,1,Passive,,,,,,,,,,1
C:\Users\nvt10241\Downloads\Sheet1.SchDoc,NET_MEMBER,NET_MEMBER@NetK105_CC2_S1_7@PORT@PD5_F_S1@Output,NetK105_CC2_S1_7,PORT,PD5_F_S1,,,,,,,,,Output,,,,,,,,,CONNECTED,PD5_F_S1
C:\Users\nvt10241\Downloads\Sheet1.SchDoc,NET_MEMBER,NET_MEMBER@NetK105_CC2_S1_7@PIN@DHTGXKOS@$$$\DHTGXKOS-7,NetK105_CC2_S1_7,PIN,K105_CC2_S1.7,K105_CC2_S1,DHTGXKOS,$$$\DHTGXKOS-7,,,2,7,7,Passive,,,,,,,,,,7
C:\Users\nvt10241\Downloads\Sheet1.SchDoc,NET_MEMBER,NET_MEMBER@NetK105_CC2_S1_7@PIN@RVIKNIIW@$$$\RVIKNIIW-1,NetK105_CC2_S1_7,PIN,R_PD5_S1.1,R_PD5_S1,RVIKNIIW,$$$\RVIKNIIW-1,,,1,1,1,Passive,,,,,,,,,,1
C:\Users\nvt10241\Downloads\Sheet1.SchDoc,NET_MEMBER,NET_MEMBER@NetK105_CC2_S1_7@PIN@NFXCCEEH@$$$\NFXCCEEH-1,NetK105_CC2_S1_7,PIN,TP_PD5_F_S1.1,TP_PD5_F_S1,NFXCCEEH,$$$\NFXCCEEH-1,,,1,1,1,Passive,,,,,,,,,,1
C:\Users\nvt10241\Downloads\Sheet1.SchDoc,NET_MEMBER,NET_MEMBER@NetK106_BUS_FH_PA1_S1_2@PORT@S5_ACM200_FH17@I/O,NetK106_BUS_FH_PA1_S1_2,PORT,S5_ACM200_FH17,,,,,,,,,I/O,,,,,,,,,CONNECTED,S5_ACM200_FH17
C:\Users\nvt10241\Downloads\Sheet1.SchDoc,NET_MEMBER,NET_MEMBER@NetK106_BUS_FH_PA1_S1_2@PIN@WSTQVMSK@$$$\WSTQVMSK-2,NetK106_BUS_FH_PA1_S1_2,PIN,K106_BUS_FH_PA1_S1.2,K106_BUS_FH_PA1_S1,WSTQVMSK,$$$\WSTQVMSK-2,,,1,2,NO,Passive,,,,,,,,,,2
C:\Users\nvt10241\Downloads\Sheet1.SchDoc,NET_MEMBER,NET_MEMBER@NetK106_BUS_FH_PA1_S1_2@PIN@OFWXOJYV@$$$\OFWXOJYV-6,NetK106_BUS_FH_PA1_S1_2,PIN,K107_PB1_S1.6,K107_PB1_S1,OFWXOJYV,$$$\OFWXOJYV-6,,,2,6,6,Passive,,,,,,,,,,6
C:\Users\nvt10241\Downloads\Sheet1.SchDoc,NET_MEMBER,NET_MEMBER@NetK106_BUS_SH_PA1_S1_2@PORT@S5_ACM200_SH17@I/O,NetK106_BUS_SH_PA1_S1_2,PORT,S5_ACM200_SH17,,,,,,,,,I/O,,,,,,,,,CONNECTED,S5_ACM200_SH17
C:\Users\nvt10241\Downloads\Sheet1.SchDoc,NET_MEMBER,NET_MEMBER@NetK106_BUS_SH_PA1_S1_2@PIN@OYFCGIEO@$$$\OYFCGIEO-2,NetK106_BUS_SH_PA1_S1_2,PIN,K106_BUS_SH_PA1_S1.2,K106_BUS_SH_PA1_S1,OYFCGIEO,$$$\OYFCGIEO-2,,,1,2,NO,Passive,,,,,,,,,,2
C:\Users\nvt10241\Downloads\Sheet1.SchDoc,NET_MEMBER,NET_MEMBER@NetK106_BUS_SH_PA1_S1_2@PIN@FFQUMRBF@$$$\FFQUMRBF-3,NetK106_BUS_SH_PA1_S1_2,PIN,K107_PB1_S1.3,K107_PB1_S1,FFQUMRBF,$$$\FFQUMRBF-3,,,1,3,3,Passive,,,,,,,,,,3
C:\Users\nvt10241\Downloads\Sheet1.SchDoc,NET_MEMBER,NET_MEMBER@NetK107_PB1_S1_2@PORT@PA1_S_S1@Output,NetK107_PB1_S1_2,PORT,PA1_S_S1,,,,,,,,,Output,,,,,,,,,CONNECTED,PA1_S_S1
C:\Users\nvt10241\Downloads\Sheet1.SchDoc,NET_MEMBER,NET_MEMBER@NetK107_PB1_S1_2@PIN@FFQUMRBF@$$$\FFQUMRBF-2,NetK107_PB1_S1_2,PIN,K107_PB1_S1.2,K107_PB1_S1,FFQUMRBF,$$$\FFQUMRBF-2,,,1,2,2,Passive,,,,,,,,,,2
C:\Users\nvt10241\Downloads\Sheet1.SchDoc,NET_MEMBER,NET_MEMBER@NetK107_PB1_S1_2@PIN@PLMSTXDQ@$$$\PLMSTXDQ-2,NetK107_PB1_S1_2,PIN,R_PA1_S1.2,R_PA1_S1,PLMSTXDQ,$$$\PLMSTXDQ-2,,,1,2,2,Passive,,,,,,,,,,2
C:\Users\nvt10241\Downloads\Sheet1.SchDoc,NET_MEMBER,NET_MEMBER@NetK107_PB1_S1_2@PIN@XWYPTHRF@$$$\XWYPTHRF-1,NetK107_PB1_S1_2,PIN,TP_PA1_S_S1.1,TP_PA1_S_S1,XWYPTHRF,$$$\XWYPTHRF-1,,,1,1,1,Passive,,,,,,,,,,1
C:\Users\nvt10241\Downloads\Sheet1.SchDoc,NET_MEMBER,NET_MEMBER@NetK107_PB1_S1_4@PORT@PB1_S_S1@Output,NetK107_PB1_S1_4,PORT,PB1_S_S1,,,,,,,,,Output,,,,,,,,,CONNECTED,PB1_S_S1
C:\Users\nvt10241\Downloads\Sheet1.SchDoc,NET_MEMBER,NET_MEMBER@NetK107_PB1_S1_4@PIN@FFQUMRBF@$$$\FFQUMRBF-4,NetK107_PB1_S1_4,PIN,K107_PB1_S1.4,K107_PB1_S1,FFQUMRBF,$$$\FFQUMRBF-4,,,1,4,4,Passive,,,,,,,,,,4
C:\Users\nvt10241\Downloads\Sheet1.SchDoc,NET_MEMBER,NET_MEMBER@NetK107_PB1_S1_4@PIN@CEHKBWTO@$$$\CEHKBWTO-2,NetK107_PB1_S1_4,PIN,R_PB1_S1.2,R_PB1_S1,CEHKBWTO,$$$\CEHKBWTO-2,,,1,2,2,Passive,,,,,,,,,,2
C:\Users\nvt10241\Downloads\Sheet1.SchDoc,NET_MEMBER,NET_MEMBER@NetK107_PB1_S1_4@PIN@MFPHNVYK@$$$\MFPHNVYK-1,NetK107_PB1_S1_4,PIN,TP_PB1_S_S1.1,TP_PB1_S_S1,MFPHNVYK,$$$\MFPHNVYK-1,,,1,1,1,Passive,,,,,,,,,,1
C:\Users\nvt10241\Downloads\Sheet1.SchDoc,NET_MEMBER,NET_MEMBER@NetK107_PB1_S1_7@PORT@PA1_F_S1@Output,NetK107_PB1_S1_7,PORT,PA1_F_S1,,,,,,,,,Output,,,,,,,,,CONNECTED,PA1_F_S1
C:\Users\nvt10241\Downloads\Sheet1.SchDoc,NET_MEMBER,NET_MEMBER@NetK107_PB1_S1_7@PORT@S24_P15@I/O,NetK107_PB1_S1_7,PORT,S24_P15,,,,,,,,,I/O,,,,,,,,,CONNECTED,S24_P15
C:\Users\nvt10241\Downloads\Sheet1.SchDoc,NET_MEMBER,NET_MEMBER@NetK107_PB1_S1_7@PIN@OFWXOJYV@$$$\OFWXOJYV-7,NetK107_PB1_S1_7,PIN,K107_PB1_S1.7,K107_PB1_S1,OFWXOJYV,$$$\OFWXOJYV-7,,,2,7,7,Passive,,,,,,,,,,7
C:\Users\nvt10241\Downloads\Sheet1.SchDoc,NET_MEMBER,NET_MEMBER@NetK107_PB1_S1_7@PIN@CVFVJELC@$$$\CVFVJELC-1,NetK107_PB1_S1_7,PIN,R_PA1_PD_S1.1,R_PA1_PD_S1,CVFVJELC,$$$\CVFVJELC-1,,,1,1,1,Passive,,,,,,,,,,1
C:\Users\nvt10241\Downloads\Sheet1.SchDoc,NET_MEMBER,NET_MEMBER@NetK107_PB1_S1_7@PIN@DKVFTNGM@$$$\DKVFTNGM-1,NetK107_PB1_S1_7,PIN,R_PA1_PU_S1.1,R_PA1_PU_S1,DKVFTNGM,$$$\DKVFTNGM-1,,,1,1,1,Passive,,,,,,,,,,1
C:\Users\nvt10241\Downloads\Sheet1.SchDoc,NET_MEMBER,NET_MEMBER@NetK107_PB1_S1_7@PIN@PLMSTXDQ@$$$\PLMSTXDQ-1,NetK107_PB1_S1_7,PIN,R_PA1_S1.1,R_PA1_S1,PLMSTXDQ,$$$\PLMSTXDQ-1,,,1,1,1,Passive,,,,,,,,,,1
C:\Users\nvt10241\Downloads\Sheet1.SchDoc,NET_MEMBER,NET_MEMBER@NetK107_PB1_S1_7@PIN@QJJXUMFX@$$$\QJJXUMFX-1,NetK107_PB1_S1_7,PIN,TP_PA1_F_S1.1,TP_PA1_F_S1,QJJXUMFX,$$$\QJJXUMFX-1,,,1,1,1,Passive,,,,,,,,,,1
C:\Users\nvt10241\Downloads\Sheet1.SchDoc,NET_MEMBER,NET_MEMBER@NetK108_PA1_PU_S1_1@PIN@UDETFUNE@$$$\UDETFUNE-1,NetK108_PA1_PU_S1_1,PIN,K108_PA1_PU_S1.1,K108_PA1_PU_S1,UDETFUNE,$$$\UDETFUNE-1,,,1,1,COMMON,Passive,,,,,,,,,,1
C:\Users\nvt10241\Downloads\Sheet1.SchDoc,NET_MEMBER,NET_MEMBER@NetK108_PA1_PU_S1_1@PIN@DKVFTNGM@$$$\DKVFTNGM-2,NetK108_PA1_PU_S1_1,PIN,R_PA1_PU_S1.2,R_PA1_PU_S1,DKVFTNGM,$$$\DKVFTNGM-2,,,1,2,2,Passive,,,,,,,,,,2
C:\Users\nvt10241\Downloads\Sheet1.SchDoc,NET_MEMBER,NET_MEMBER@NetK109_BUSL_PB0_S1_2@PIN@QREOTNKL@$$$\QREOTNKL-2,NetK109_BUSL_PB0_S1_2,PIN,K109_BUSL_PB0_S1.2,K109_BUSL_PB0_S1,QREOTNKL,$$$\QREOTNKL-2,,,1,2,2,Passive,,,,,,,,,,2
C:\Users\nvt10241\Downloads\Sheet1.SchDoc,NET_MEMBER,NET_MEMBER@NetK109_BUSL_PB0_S1_4@PORT@S5_ACM200_FH18@I/O,NetK109_BUSL_PB0_S1_4,PORT,S5_ACM200_FH18,,,,,,,,,I/O,,,,,,,,,CONNECTED,S5_ACM200_FH18
C:\Users\nvt10241\Downloads\Sheet1.SchDoc,NET_MEMBER,NET_MEMBER@NetK109_BUSL_PB0_S1_4@PIN@QREOTNKL@$$$\QREOTNKL-4,NetK109_BUSL_PB0_S1_4,PIN,K109_BUSL_PB0_S1.4,K109_BUSL_PB0_S1,QREOTNKL,$$$\QREOTNKL-4,,,1,4,4,Passive,,,,,,,,,,4
C:\Users\nvt10241\Downloads\Sheet1.SchDoc,NET_MEMBER,NET_MEMBER@NetK109_BUSL_PB0_S1_4@PIN@IGBMWBEB@$$$\IGBMWBEB-6,NetK109_BUSL_PB0_S1_4,PIN,K110_BST_S1.6,K110_BST_S1,IGBMWBEB,$$$\IGBMWBEB-6,,,2,6,6,Passive,,,,,,,,,,6
C:\Users\nvt10241\Downloads\Sheet1.SchDoc,NET_MEMBER,NET_MEMBER@NetK109_BUSL_PB0_S1_5@PORT@S5_ACM200_SH18@I/O,NetK109_BUSL_PB0_S1_5,PORT,S5_ACM200_SH18,,,,,,,,,I/O,,,,,,,,,CONNECTED,S5_ACM200_SH18
C:\Users\nvt10241\Downloads\Sheet1.SchDoc,NET_MEMBER,NET_MEMBER@NetK109_BUSL_PB0_S1_5@PIN@SXLDTBPL@$$$\SXLDTBPL-5,NetK109_BUSL_PB0_S1_5,PIN,K109_BUSL_PB0_S1.5,K109_BUSL_PB0_S1,SXLDTBPL,$$$\SXLDTBPL-5,,,2,5,5,Passive,,,,,,,,,,5
C:\Users\nvt10241\Downloads\Sheet1.SchDoc,NET_MEMBER,NET_MEMBER@NetK109_BUSL_PB0_S1_5@PIN@CFKRIGTH@$$$\CFKRIGTH-3,NetK109_BUSL_PB0_S1_5,PIN,K110_BST_S1.3,K110_BST_S1,CFKRIGTH,$$$\CFKRIGTH-3,,,1,3,3,Passive,,,,,,,,,,3
C:\Users\nvt10241\Downloads\Sheet1.SchDoc,NET_MEMBER,NET_MEMBER@NetK109_BUSL_PB0_S1_7@PIN@SXLDTBPL@$$$\SXLDTBPL-7,NetK109_BUSL_PB0_S1_7,PIN,K109_BUSL_PB0_S1.7,K109_BUSL_PB0_S1,SXLDTBPL,$$$\SXLDTBPL-7,,,2,7,7,Passive,,,,,,,,,,7
C:\Users\nvt10241\Downloads\Sheet1.SchDoc,NET_MEMBER,NET_MEMBER@NetK110_BST_S1_2@PORT@PB0_S_S1@Output,NetK110_BST_S1_2,PORT,PB0_S_S1,,,,,,,,,Output,,,,,,,,,CONNECTED,PB0_S_S1
C:\Users\nvt10241\Downloads\Sheet1.SchDoc,NET_MEMBER,NET_MEMBER@NetK110_BST_S1_2@PORT@PWM1_S_S1@Output,NetK110_BST_S1_2,PORT,PWM1_S_S1,,,,,,,,,Output,,,,,,,,,CONNECTED,PWM1_S_S1
C:\Users\nvt10241\Downloads\Sheet1.SchDoc,NET_MEMBER,NET_MEMBER@NetK110_BST_S1_2@PIN@CFKRIGTH@$$$\CFKRIGTH-2,NetK110_BST_S1_2,PIN,K110_BST_S1.2,K110_BST_S1,CFKRIGTH,$$$\CFKRIGTH-2,,,1,2,2,Passive,,,,,,,,,,2
C:\Users\nvt10241\Downloads\Sheet1.SchDoc,NET_MEMBER,NET_MEMBER@NetK110_BST_S1_2@PIN@NFNNDNCR@$$$\NFNNDNCR-2,NetK110_BST_S1_2,PIN,R_PB0_S1.2,R_PB0_S1,NFNNDNCR,$$$\NFNNDNCR-2,,,1,2,2,Passive,,,,,,,,,,2
C:\Users\nvt10241\Downloads\Sheet1.SchDoc,NET_MEMBER,NET_MEMBER@NetK110_BST_S1_2@PIN@YJSJISZN@$$$\YJSJISZN-1,NetK110_BST_S1_2,PIN,TP_PB0_S_S1.1,TP_PB0_S_S1,YJSJISZN,$$$\YJSJISZN-1,,,1,1,1,Passive,,,,,,,,,,1
C:\Users\nvt10241\Downloads\Sheet1.SchDoc,NET_MEMBER,NET_MEMBER@NetK110_BST_S1_2@PIN@VGSIUIZU@$$$\VGSIUIZU-1,NetK110_BST_S1_2,PIN,TP_PWM1_S_S1.1,TP_PWM1_S_S1,VGSIUIZU,$$$\VGSIUIZU-1,,,1,1,1,Passive,,,,,,,,,,1
C:\Users\nvt10241\Downloads\Sheet1.SchDoc,NET_MEMBER,NET_MEMBER@NetK111_BUS_FH_PA6_S1_2@PORT@S5_ACM200_FH19@I/O,NetK111_BUS_FH_PA6_S1_2,PORT,S5_ACM200_FH19,,,,,,,,,I/O,,,,,,,,,CONNECTED,S5_ACM200_FH19
C:\Users\nvt10241\Downloads\Sheet1.SchDoc,NET_MEMBER,NET_MEMBER@NetK111_BUS_FH_PA6_S1_2@PIN@NETZPLFQ@$$$\NETZPLFQ-2,NetK111_BUS_FH_PA6_S1_2,PIN,K111_BUS_FH_PA6_S1.2,K111_BUS_FH_PA6_S1,NETZPLFQ,$$$\NETZPLFQ-2,,,1,2,NO,Passive,,,,,,,,,,2
C:\Users\nvt10241\Downloads\Sheet1.SchDoc,NET_MEMBER,NET_MEMBER@NetK111_BUS_FH_PA6_S1_2@PIN@JRDMZMRZ@$$$\JRDMZMRZ-6,NetK111_BUS_FH_PA6_S1_2,PIN,K112_PC5_S1.6,K112_PC5_S1,JRDMZMRZ,$$$\JRDMZMRZ-6,,,2,6,6,Passive,,,,,,,,,,6
C:\Users\nvt10241\Downloads\Sheet1.SchDoc,NET_MEMBER,NET_MEMBER@NetK111_BUS_SH_PA6_S1_2@PORT@S5_ACM200_SH19@I/O,NetK111_BUS_SH_PA6_S1_2,PORT,S5_ACM200_SH19,,,,,,,,,I/O,,,,,,,,,CONNECTED,S5_ACM200_SH19
C:\Users\nvt10241\Downloads\Sheet1.SchDoc,NET_MEMBER,NET_MEMBER@NetK111_BUS_SH_PA6_S1_2@PIN@BCEISMDK@$$$\BCEISMDK-2,NetK111_BUS_SH_PA6_S1_2,PIN,K111_BUS_SH_PA6_S1.2,K111_BUS_SH_PA6_S1,BCEISMDK,$$$\BCEISMDK-2,,,1,2,NO,Passive,,,,,,,,,,2
C:\Users\nvt10241\Downloads\Sheet1.SchDoc,NET_MEMBER,NET_MEMBER@NetK111_BUS_SH_PA6_S1_2@PIN@CAACYGJX@$$$\CAACYGJX-3,NetK111_BUS_SH_PA6_S1_2,PIN,K112_PC5_S1.3,K112_PC5_S1,CAACYGJX,$$$\CAACYGJX-3,,,1,3,3,Passive,,,,,,,,,,3
C:\Users\nvt10241\Downloads\Sheet1.SchDoc,NET_MEMBER,NET_MEMBER@NetK112_PC5_S1_2@PORT@PA6_S_S1@Output,NetK112_PC5_S1_2,PORT,PA6_S_S1,,,,,,,,,Output,,,,,,,,,CONNECTED,PA6_S_S1
C:\Users\nvt10241\Downloads\Sheet1.SchDoc,NET_MEMBER,NET_MEMBER@NetK112_PC5_S1_2@PORT@PWM2_S_S1@Output,NetK112_PC5_S1_2,PORT,PWM2_S_S1,,,,,,,,,Output,,,,,,,,,CONNECTED,PWM2_S_S1
C:\Users\nvt10241\Downloads\Sheet1.SchDoc,NET_MEMBER,NET_MEMBER@NetK112_PC5_S1_2@PIN@CAACYGJX@$$$\CAACYGJX-2,NetK112_PC5_S1_2,PIN,K112_PC5_S1.2,K112_PC5_S1,CAACYGJX,$$$\CAACYGJX-2,,,1,2,2,Passive,,,,,,,,,,2
C:\Users\nvt10241\Downloads\Sheet1.SchDoc,NET_MEMBER,NET_MEMBER@NetK112_PC5_S1_2@PIN@QBGEWJOA@$$$\QBGEWJOA-1,NetK112_PC5_S1_2,PIN,PWM2_S_S1.1,PWM2_S_S1,QBGEWJOA,$$$\QBGEWJOA-1,,,1,1,1,Passive,,,,,,,,,,1
C:\Users\nvt10241\Downloads\Sheet1.SchDoc,NET_MEMBER,NET_MEMBER@NetK112_PC5_S1_2@PIN@KJOZYSGV@$$$\KJOZYSGV-2,NetK112_PC5_S1_2,PIN,R_PA6_S1.2,R_PA6_S1,KJOZYSGV,$$$\KJOZYSGV-2,,,1,2,2,Passive,,,,,,,,,,2
C:\Users\nvt10241\Downloads\Sheet1.SchDoc,NET_MEMBER,NET_MEMBER@NetK112_PC5_S1_2@PIN@OJOQOFSU@$$$\OJOQOFSU-1,NetK112_PC5_S1_2,PIN,TP_PA6_S_S1.1,TP_PA6_S_S1,OJOQOFSU,$$$\OJOQOFSU-1,,,1,1,1,Passive,,,,,,,,,,1
C:\Users\nvt10241\Downloads\Sheet1.SchDoc,NET_MEMBER,NET_MEMBER@NetK112_PC5_S1_4@PORT@PC5_S_S1@Output,NetK112_PC5_S1_4,PORT,PC5_S_S1,,,,,,,,,Output,,,,,,,,,CONNECTED,PC5_S_S1
C:\Users\nvt10241\Downloads\Sheet1.SchDoc,NET_MEMBER,NET_MEMBER@NetK112_PC5_S1_4@PIN@CAACYGJX@$$$\CAACYGJX-4,NetK112_PC5_S1_4,PIN,K112_PC5_S1.4,K112_PC5_S1,CAACYGJX,$$$\CAACYGJX-4,,,1,4,4,Passive,,,,,,,,,,4
C:\Users\nvt10241\Downloads\Sheet1.SchDoc,NET_MEMBER,NET_MEMBER@NetK112_PC5_S1_4@PIN@OTDGHIDN@$$$\OTDGHIDN-2,NetK112_PC5_S1_4,PIN,R_PC5_S1.2,R_PC5_S1,OTDGHIDN,$$$\OTDGHIDN-2,,,1,2,2,Passive,,,,,,,,,,2
C:\Users\nvt10241\Downloads\Sheet1.SchDoc,NET_MEMBER,NET_MEMBER@NetK112_PC5_S1_4@PIN@ZCSBXJLC@$$$\ZCSBXJLC-1,NetK112_PC5_S1_4,PIN,TP_PC5_S_S1.1,TP_PC5_S_S1,ZCSBXJLC,$$$\ZCSBXJLC-1,,,1,1,1,Passive,,,,,,,,,,1
C:\Users\nvt10241\Downloads\Sheet1.SchDoc,NET_MEMBER,NET_MEMBER@NetK112_PC5_S1_5@PORT@PC5_F_S1@Output,NetK112_PC5_S1_5,PORT,PC5_F_S1,,,,,,,,,Output,,,,,,,,,CONNECTED,PC5_F_S1
C:\Users\nvt10241\Downloads\Sheet1.SchDoc,NET_MEMBER,NET_MEMBER@NetK112_PC5_S1_5@PIN@JRDMZMRZ@$$$\JRDMZMRZ-5,NetK112_PC5_S1_5,PIN,K112_PC5_S1.5,K112_PC5_S1,JRDMZMRZ,$$$\JRDMZMRZ-5,,,2,5,5,Passive,,,,,,,,,,5
C:\Users\nvt10241\Downloads\Sheet1.SchDoc,NET_MEMBER,NET_MEMBER@NetK112_PC5_S1_5@PIN@OTDGHIDN@$$$\OTDGHIDN-1,NetK112_PC5_S1_5,PIN,R_PC5_S1.1,R_PC5_S1,OTDGHIDN,$$$\OTDGHIDN-1,,,1,1,1,Passive,,,,,,,,,,1
C:\Users\nvt10241\Downloads\Sheet1.SchDoc,NET_MEMBER,NET_MEMBER@NetK112_PC5_S1_5@PIN@WKEMUDBJ@$$$\WKEMUDBJ-1,NetK112_PC5_S1_5,PIN,TP_PC5_F_S1.1,TP_PC5_F_S1,WKEMUDBJ,$$$\WKEMUDBJ-1,,,1,1,1,Passive,,,,,,,,,,1
C:\Users\nvt10241\Downloads\Sheet1.SchDoc,NET_MEMBER,NET_MEMBER@NetK112_PC5_S1_7@PORT@PA6_F_S1@Output,NetK112_PC5_S1_7,PORT,PA6_F_S1,,,,,,,,,Output,,,,,,,,,CONNECTED,PA6_F_S1
C:\Users\nvt10241\Downloads\Sheet1.SchDoc,NET_MEMBER,NET_MEMBER@NetK112_PC5_S1_7@PORT@PWM2_F_S1@Output,NetK112_PC5_S1_7,PORT,PWM2_F_S1,,,,,,,,,Output,,,,,,,,,CONNECTED,PWM2_F_S1
C:\Users\nvt10241\Downloads\Sheet1.SchDoc,NET_MEMBER,NET_MEMBER@NetK112_PC5_S1_7@PORT@S24_P9@I/O,NetK112_PC5_S1_7,PORT,S24_P9,,,,,,,,,I/O,,,,,,,,,CONNECTED,S24_P9
C:\Users\nvt10241\Downloads\Sheet1.SchDoc,NET_MEMBER,NET_MEMBER@NetK112_PC5_S1_7@PIN@JRDMZMRZ@$$$\JRDMZMRZ-7,NetK112_PC5_S1_7,PIN,K112_PC5_S1.7,K112_PC5_S1,JRDMZMRZ,$$$\JRDMZMRZ-7,,,2,7,7,Passive,,,,,,,,,,7
C:\Users\nvt10241\Downloads\Sheet1.SchDoc,NET_MEMBER,NET_MEMBER@NetK112_PC5_S1_7@PIN@SNYVTKAI@$$$\SNYVTKAI-1,NetK112_PC5_S1_7,PIN,PWM2_F_S1.1,PWM2_F_S1,SNYVTKAI,$$$\SNYVTKAI-1,,,1,1,1,Passive,,,,,,,,,,1
C:\Users\nvt10241\Downloads\Sheet1.SchDoc,NET_MEMBER,NET_MEMBER@NetK112_PC5_S1_7@PIN@PRLDXJFB@$$$\PRLDXJFB-1,NetK112_PC5_S1_7,PIN,R_PA6_PU_S1.1,R_PA6_PU_S1,PRLDXJFB,$$$\PRLDXJFB-1,,,1,1,1,Passive,,,,,,,,,,1
C:\Users\nvt10241\Downloads\Sheet1.SchDoc,NET_MEMBER,NET_MEMBER@NetK112_PC5_S1_7@PIN@KJOZYSGV@$$$\KJOZYSGV-1,NetK112_PC5_S1_7,PIN,R_PA6_S1.1,R_PA6_S1,KJOZYSGV,$$$\KJOZYSGV-1,,,1,1,1,Passive,,,,,,,,,,1
C:\Users\nvt10241\Downloads\Sheet1.SchDoc,NET_MEMBER,NET_MEMBER@NetK112_PC5_S1_7@PIN@AYHPVDGJ@$$$\AYHPVDGJ-1,NetK112_PC5_S1_7,PIN,TP_PA6_F_S1.1,TP_PA6_F_S1,AYHPVDGJ,$$$\AYHPVDGJ-1,,,1,1,1,Passive,,,,,,,,,,1
C:\Users\nvt10241\Downloads\Sheet1.SchDoc,NET_MEMBER,NET_MEMBER@NetK113_PA6_PU_S1_1@PIN@ICEDYFRD@$$$\ICEDYFRD-1,NetK113_PA6_PU_S1_1,PIN,K113_PA6_PU_S1.1,K113_PA6_PU_S1,ICEDYFRD,$$$\ICEDYFRD-1,,,1,1,COMMON,Passive,,,,,,,,,,1
C:\Users\nvt10241\Downloads\Sheet1.SchDoc,NET_MEMBER,NET_MEMBER@NetK113_PA6_PU_S1_1@PIN@PRLDXJFB@$$$\PRLDXJFB-2,NetK113_PA6_PU_S1_1,PIN,R_PA6_PU_S1.2,R_PA6_PU_S1,PRLDXJFB,$$$\PRLDXJFB-2,,,1,2,2,Passive,,,,,,,,,,2
C:\Users\nvt10241\Downloads\Sheet1.SchDoc,NET_MEMBER,NET_MEMBER@NetK114_BUSL_PA5_S1_2@PIN@CAGDKLTD@$$$\CAGDKLTD-2,NetK114_BUSL_PA5_S1_2,PIN,K114_BUSL_PA5_S1.2,K114_BUSL_PA5_S1,CAGDKLTD,$$$\CAGDKLTD-2,,,1,2,2,Passive,,,,,,,,,,2
C:\Users\nvt10241\Downloads\Sheet1.SchDoc,NET_MEMBER,NET_MEMBER@NetK114_BUSL_PA5_S1_4@PORT@S5_ACM200_FH20@I/O,NetK114_BUSL_PA5_S1_4,PORT,S5_ACM200_FH20,,,,,,,,,I/O,,,,,,,,,CONNECTED,S5_ACM200_FH20
C:\Users\nvt10241\Downloads\Sheet1.SchDoc,NET_MEMBER,NET_MEMBER@NetK114_BUSL_PA5_S1_4@PIN@CAGDKLTD@$$$\CAGDKLTD-4,NetK114_BUSL_PA5_S1_4,PIN,K114_BUSL_PA5_S1.4,K114_BUSL_PA5_S1,CAGDKLTD,$$$\CAGDKLTD-4,,,1,4,4,Passive,,,,,,,,,,4
C:\Users\nvt10241\Downloads\Sheet1.SchDoc,NET_MEMBER,NET_MEMBER@NetK114_BUSL_PA5_S1_4@PIN@OHZLCOBB@$$$\OHZLCOBB-6,NetK114_BUSL_PA5_S1_4,PIN,K115_PB2_S1.6,K115_PB2_S1,OHZLCOBB,$$$\OHZLCOBB-6,,,2,6,6,Passive,,,,,,,,,,6
C:\Users\nvt10241\Downloads\Sheet1.SchDoc,NET_MEMBER,NET_MEMBER@NetK114_BUSL_PA5_S1_5@PORT@S5_ACM200_SH20@I/O,NetK114_BUSL_PA5_S1_5,PORT,S5_ACM200_SH20,,,,,,,,,I/O,,,,,,,,,CONNECTED,S5_ACM200_SH20
C:\Users\nvt10241\Downloads\Sheet1.SchDoc,NET_MEMBER,NET_MEMBER@NetK114_BUSL_PA5_S1_5@PIN@SJWNLNYU@$$$\SJWNLNYU-5,NetK114_BUSL_PA5_S1_5,PIN,K114_BUSL_PA5_S1.5,K114_BUSL_PA5_S1,SJWNLNYU,$$$\SJWNLNYU-5,,,2,5,5,Passive,,,,,,,,,,5
C:\Users\nvt10241\Downloads\Sheet1.SchDoc,NET_MEMBER,NET_MEMBER@NetK114_BUSL_PA5_S1_5@PIN@TPOUXJMG@$$$\TPOUXJMG-3,NetK114_BUSL_PA5_S1_5,PIN,K115_PB2_S1.3,K115_PB2_S1,TPOUXJMG,$$$\TPOUXJMG-3,,,1,3,3,Passive,,,,,,,,,,3
C:\Users\nvt10241\Downloads\Sheet1.SchDoc,NET_MEMBER,NET_MEMBER@NetK114_BUSL_PA5_S1_7@PIN@SJWNLNYU@$$$\SJWNLNYU-7,NetK114_BUSL_PA5_S1_7,PIN,K114_BUSL_PA5_S1.7,K114_BUSL_PA5_S1,SJWNLNYU,$$$\SJWNLNYU-7,,,2,7,7,Passive,,,,,,,,,,7
C:\Users\nvt10241\Downloads\Sheet1.SchDoc,NET_MEMBER,NET_MEMBER@NetK115_PB2_S1_2@PORT@PA5_S_S1@Output,NetK115_PB2_S1_2,PORT,PA5_S_S1,,,,,,,,,Output,,,,,,,,,CONNECTED,PA5_S_S1
C:\Users\nvt10241\Downloads\Sheet1.SchDoc,NET_MEMBER,NET_MEMBER@NetK115_PB2_S1_2@PIN@TPOUXJMG@$$$\TPOUXJMG-2,NetK115_PB2_S1_2,PIN,K115_PB2_S1.2,K115_PB2_S1,TPOUXJMG,$$$\TPOUXJMG-2,,,1,2,2,Passive,,,,,,,,,,2
C:\Users\nvt10241\Downloads\Sheet1.SchDoc,NET_MEMBER,NET_MEMBER@NetK115_PB2_S1_2@PIN@OYICTJVN@$$$\OYICTJVN-2,NetK115_PB2_S1_2,PIN,R_PA5_S1.2,R_PA5_S1,OYICTJVN,$$$\OYICTJVN-2,,,1,2,2,Passive,,,,,,,,,,2
C:\Users\nvt10241\Downloads\Sheet1.SchDoc,NET_MEMBER,NET_MEMBER@NetK115_PB2_S1_2@PIN@HKMEHJZF@$$$\HKMEHJZF-1,NetK115_PB2_S1_2,PIN,R_PA5_S_S1.1,R_PA5_S_S1,HKMEHJZF,$$$\HKMEHJZF-1,,,1,1,1,Passive,,,,,,,,,,1
C:\Users\nvt10241\Downloads\Sheet1.SchDoc,NET_MEMBER,NET_MEMBER@NetK115_PB2_S1_2@PIN@GTQDELVS@$$$\GTQDELVS-1,NetK115_PB2_S1_2,PIN,TP_PA5_S_S1.1,TP_PA5_S_S1,GTQDELVS,$$$\GTQDELVS-1,,,1,1,1,Passive,,,,,,,,,,1
C:\Users\nvt10241\Downloads\Sheet1.SchDoc,NET_MEMBER,NET_MEMBER@NetK115_PB2_S1_4@PORT@PB2_S_S1@Output,NetK115_PB2_S1_4,PORT,PB2_S_S1,,,,,,,,,Output,,,,,,,,,CONNECTED,PB2_S_S1
C:\Users\nvt10241\Downloads\Sheet1.SchDoc,NET_MEMBER,NET_MEMBER@NetK115_PB2_S1_4@PIN@TPOUXJMG@$$$\TPOUXJMG-4,NetK115_PB2_S1_4,PIN,K115_PB2_S1.4,K115_PB2_S1,TPOUXJMG,$$$\TPOUXJMG-4,,,1,4,4,Passive,,,,,,,,,,4
C:\Users\nvt10241\Downloads\Sheet1.SchDoc,NET_MEMBER,NET_MEMBER@NetK115_PB2_S1_4@PIN@GNLIRNOF@$$$\GNLIRNOF-2,NetK115_PB2_S1_4,PIN,R_PB2_S1.2,R_PB2_S1,GNLIRNOF,$$$\GNLIRNOF-2,,,1,2,2,Passive,,,,,,,,,,2
C:\Users\nvt10241\Downloads\Sheet1.SchDoc,NET_MEMBER,NET_MEMBER@NetK115_PB2_S1_4@PIN@VUMHEFYQ@$$$\VUMHEFYQ-1,NetK115_PB2_S1_4,PIN,TP_PB2_S_S1.1,TP_PB2_S_S1,VUMHEFYQ,$$$\VUMHEFYQ-1,,,1,1,1,Passive,,,,,,,,,,1
C:\Users\nvt10241\Downloads\Sheet1.SchDoc,NET_MEMBER,NET_MEMBER@NetK115_PB2_S1_5@PORT@PB2_F_S1@Output,NetK115_PB2_S1_5,PORT,PB2_F_S1,,,,,,,,,Output,,,,,,,,,CONNECTED,PB2_F_S1
C:\Users\nvt10241\Downloads\Sheet1.SchDoc,NET_MEMBER,NET_MEMBER@NetK115_PB2_S1_5@PIN@OHZLCOBB@$$$\OHZLCOBB-5,NetK115_PB2_S1_5,PIN,K115_PB2_S1.5,K115_PB2_S1,OHZLCOBB,$$$\OHZLCOBB-5,,,2,5,5,Passive,,,,,,,,,,5
C:\Users\nvt10241\Downloads\Sheet1.SchDoc,NET_MEMBER,NET_MEMBER@NetK115_PB2_S1_5@PIN@GNLIRNOF@$$$\GNLIRNOF-1,NetK115_PB2_S1_5,PIN,R_PB2_S1.1,R_PB2_S1,GNLIRNOF,$$$\GNLIRNOF-1,,,1,1,1,Passive,,,,,,,,,,1
C:\Users\nvt10241\Downloads\Sheet1.SchDoc,NET_MEMBER,NET_MEMBER@NetK115_PB2_S1_5@PIN@OOIFQXLD@$$$\OOIFQXLD-1,NetK115_PB2_S1_5,PIN,TP_PB2_F_S1.1,TP_PB2_F_S1,OOIFQXLD,$$$\OOIFQXLD-1,,,1,1,1,Passive,,,,,,,,,,1
C:\Users\nvt10241\Downloads\Sheet1.SchDoc,NET_MEMBER,NET_MEMBER@NetK115_PB2_S1_7@PORT@PA5_F_S1@Output,NetK115_PB2_S1_7,PORT,PA5_F_S1,,,,,,,,,Output,,,,,,,,,CONNECTED,PA5_F_S1
C:\Users\nvt10241\Downloads\Sheet1.SchDoc,NET_MEMBER,NET_MEMBER@NetK115_PB2_S1_7@PORT@S24_P11@I/O,NetK115_PB2_S1_7,PORT,S24_P11,,,,,,,,,I/O,,,,,,,,,CONNECTED,S24_P11
C:\Users\nvt10241\Downloads\Sheet1.SchDoc,NET_MEMBER,NET_MEMBER@NetK115_PB2_S1_7@PIN@OHZLCOBB@$$$\OHZLCOBB-7,NetK115_PB2_S1_7,PIN,K115_PB2_S1.7,K115_PB2_S1,OHZLCOBB,$$$\OHZLCOBB-7,,,2,7,7,Passive,,,,,,,,,,7
C:\Users\nvt10241\Downloads\Sheet1.SchDoc,NET_MEMBER,NET_MEMBER@NetK115_PB2_S1_7@PIN@AQBMJNLN@$$$\AQBMJNLN-1,NetK115_PB2_S1_7,PIN,R_PA5_F_S1.1,R_PA5_F_S1,AQBMJNLN,$$$\AQBMJNLN-1,,,1,1,1,Passive,,,,,,,,,,1
C:\Users\nvt10241\Downloads\Sheet1.SchDoc,NET_MEMBER,NET_MEMBER@NetK115_PB2_S1_7@PIN@OYICTJVN@$$$\OYICTJVN-1,NetK115_PB2_S1_7,PIN,R_PA5_S1.1,R_PA5_S1,OYICTJVN,$$$\OYICTJVN-1,,,1,1,1,Passive,,,,,,,,,,1
C:\Users\nvt10241\Downloads\Sheet1.SchDoc,NET_MEMBER,NET_MEMBER@NetK115_PB2_S1_7@PIN@BLESBJBK@$$$\BLESBJBK-1,NetK115_PB2_S1_7,PIN,TP_PA5_F_S1.1,TP_PA5_F_S1,BLESBJBK,$$$\BLESBJBK-1,,,1,1,1,Passive,,,,,,,,,,1
C:\Users\nvt10241\Downloads\Sheet1.SchDoc,NET_MEMBER,NET_MEMBER@NetK116_BUS_FH_PB7_S1_2@PORT@S5_ACM200_FH21@I/O,NetK116_BUS_FH_PB7_S1_2,PORT,S5_ACM200_FH21,,,,,,,,,I/O,,,,,,,,,CONNECTED,S5_ACM200_FH21
C:\Users\nvt10241\Downloads\Sheet1.SchDoc,NET_MEMBER,NET_MEMBER@NetK116_BUS_FH_PB7_S1_2@PIN@DRGHHWXU@$$$\DRGHHWXU-2,NetK116_BUS_FH_PB7_S1_2,PIN,K116_BUS_FH_PB7_S1.2,K116_BUS_FH_PB7_S1,DRGHHWXU,$$$\DRGHHWXU-2,,,1,2,NO,Passive,,,,,,,,,,2
C:\Users\nvt10241\Downloads\Sheet1.SchDoc,NET_MEMBER,NET_MEMBER@NetK116_BUS_FH_PB7_S1_2@PIN@GZYTHZTA@$$$\GZYTHZTA-6,NetK116_BUS_FH_PB7_S1_2,PIN,K117_PB6_S1.6,K117_PB6_S1,GZYTHZTA,$$$\GZYTHZTA-6,,,2,6,6,Passive,,,,,,,,,,6
C:\Users\nvt10241\Downloads\Sheet1.SchDoc,NET_MEMBER,NET_MEMBER@NetK116_BUS_SH_PB7_S1_2@PORT@S5_ACM200_SH21@I/O,NetK116_BUS_SH_PB7_S1_2,PORT,S5_ACM200_SH21,,,,,,,,,I/O,,,,,,,,,CONNECTED,S5_ACM200_SH21
C:\Users\nvt10241\Downloads\Sheet1.SchDoc,NET_MEMBER,NET_MEMBER@NetK116_BUS_SH_PB7_S1_2@PIN@QCYYANCI@$$$\QCYYANCI-2,NetK116_BUS_SH_PB7_S1_2,PIN,K116_BUS_SH_PB7_S1.2,K116_BUS_SH_PB7_S1,QCYYANCI,$$$\QCYYANCI-2,,,1,2,NO,Passive,,,,,,,,,,2
C:\Users\nvt10241\Downloads\Sheet1.SchDoc,NET_MEMBER,NET_MEMBER@NetK116_BUS_SH_PB7_S1_2@PIN@JQATWEYG@$$$\JQATWEYG-3,NetK116_BUS_SH_PB7_S1_2,PIN,K117_PB6_S1.3,K117_PB6_S1,JQATWEYG,$$$\JQATWEYG-3,,,1,3,3,Passive,,,,,,,,,,3
C:\Users\nvt10241\Downloads\Sheet1.SchDoc,NET_MEMBER,NET_MEMBER@NetK117_PB6_S1_2@PORT@PB7_S_S1@Output,NetK117_PB6_S1_2,PORT,PB7_S_S1,,,,,,,,,Output,,,,,,,,,CONNECTED,PB7_S_S1
C:\Users\nvt10241\Downloads\Sheet1.SchDoc,NET_MEMBER,NET_MEMBER@NetK117_PB6_S1_2@PIN@JQATWEYG@$$$\JQATWEYG-2,NetK117_PB6_S1_2,PIN,K117_PB6_S1.2,K117_PB6_S1,JQATWEYG,$$$\JQATWEYG-2,,,1,2,2,Passive,,,,,,,,,,2
C:\Users\nvt10241\Downloads\Sheet1.SchDoc,NET_MEMBER,NET_MEMBER@NetK117_PB6_S1_2@PIN@AUFSKYNX@$$$\AUFSKYNX-2,NetK117_PB6_S1_2,PIN,R_PB7_S1.2,R_PB7_S1,AUFSKYNX,$$$\AUFSKYNX-2,,,1,2,2,Passive,,,,,,,,,,2
C:\Users\nvt10241\Downloads\Sheet1.SchDoc,NET_MEMBER,NET_MEMBER@NetK117_PB6_S1_2@PIN@FESYAAKT@$$$\FESYAAKT-1,NetK117_PB6_S1_2,PIN,TP_PB7_S_S1.1,TP_PB7_S_S1,FESYAAKT,$$$\FESYAAKT-1,,,1,1,1,Passive,,,,,,,,,,1
C:\Users\nvt10241\Downloads\Sheet1.SchDoc,NET_MEMBER,NET_MEMBER@NetK117_PB6_S1_4@PORT@PB6_S_S1@Output,NetK117_PB6_S1_4,PORT,PB6_S_S1,,,,,,,,,Output,,,,,,,,,CONNECTED,PB6_S_S1
C:\Users\nvt10241\Downloads\Sheet1.SchDoc,NET_MEMBER,NET_MEMBER@NetK117_PB6_S1_4@PIN@JQATWEYG@$$$\JQATWEYG-4,NetK117_PB6_S1_4,PIN,K117_PB6_S1.4,K117_PB6_S1,JQATWEYG,$$$\JQATWEYG-4,,,1,4,4,Passive,,,,,,,,,,4
C:\Users\nvt10241\Downloads\Sheet1.SchDoc,NET_MEMBER,NET_MEMBER@NetK117_PB6_S1_4@PIN@PMMIAKJX@$$$\PMMIAKJX-2,NetK117_PB6_S1_4,PIN,R_PB6_S1.2,R_PB6_S1,PMMIAKJX,$$$\PMMIAKJX-2,,,1,2,2,Passive,,,,,,,,,,2
C:\Users\nvt10241\Downloads\Sheet1.SchDoc,NET_MEMBER,NET_MEMBER@NetK117_PB6_S1_4@PIN@CXTANZDG@$$$\CXTANZDG-1,NetK117_PB6_S1_4,PIN,TP_PB6_S_S1.1,TP_PB6_S_S1,CXTANZDG,$$$\CXTANZDG-1,,,1,1,1,Passive,,,,,,,,,,1
C:\Users\nvt10241\Downloads\Sheet1.SchDoc,NET_MEMBER,NET_MEMBER@NetK117_PB6_S1_5@PORT@PB6_F_S1@Output,NetK117_PB6_S1_5,PORT,PB6_F_S1,,,,,,,,,Output,,,,,,,,,CONNECTED,PB6_F_S1
C:\Users\nvt10241\Downloads\Sheet1.SchDoc,NET_MEMBER,NET_MEMBER@NetK117_PB6_S1_5@PORT@S24_P6@I/O,NetK117_PB6_S1_5,PORT,S24_P6,,,,,,,,,I/O,,,,,,,,,CONNECTED,S24_P6
C:\Users\nvt10241\Downloads\Sheet1.SchDoc,NET_MEMBER,NET_MEMBER@NetK117_PB6_S1_5@PIN@GZYTHZTA@$$$\GZYTHZTA-5,NetK117_PB6_S1_5,PIN,K117_PB6_S1.5,K117_PB6_S1,GZYTHZTA,$$$\GZYTHZTA-5,,,2,5,5,Passive,,,,,,,,,,5
C:\Users\nvt10241\Downloads\Sheet1.SchDoc,NET_MEMBER,NET_MEMBER@NetK117_PB6_S1_5@PIN@PMMIAKJX@$$$\PMMIAKJX-1,NetK117_PB6_S1_5,PIN,R_PB6_S1.1,R_PB6_S1,PMMIAKJX,$$$\PMMIAKJX-1,,,1,1,1,Passive,,,,,,,,,,1
C:\Users\nvt10241\Downloads\Sheet1.SchDoc,NET_MEMBER,NET_MEMBER@NetK117_PB6_S1_5@PIN@CXTWZHXC@$$$\CXTWZHXC-1,NetK117_PB6_S1_5,PIN,TP_PB6_F_S1.1,TP_PB6_F_S1,CXTWZHXC,$$$\CXTWZHXC-1,,,1,1,1,Passive,,,,,,,,,,1
C:\Users\nvt10241\Downloads\Sheet1.SchDoc,NET_MEMBER,NET_MEMBER@NetK117_PB6_S1_7@PORT@PB7_F_S1@Output,NetK117_PB6_S1_7,PORT,PB7_F_S1,,,,,,,,,Output,,,,,,,,,CONNECTED,PB7_F_S1
C:\Users\nvt10241\Downloads\Sheet1.SchDoc,NET_MEMBER,NET_MEMBER@NetK117_PB6_S1_7@PIN@GZYTHZTA@$$$\GZYTHZTA-7,NetK117_PB6_S1_7,PIN,K117_PB6_S1.7,K117_PB6_S1,GZYTHZTA,$$$\GZYTHZTA-7,,,2,7,7,Passive,,,,,,,,,,7
C:\Users\nvt10241\Downloads\Sheet1.SchDoc,NET_MEMBER,NET_MEMBER@NetK117_PB6_S1_7@PIN@AUFSKYNX@$$$\AUFSKYNX-1,NetK117_PB6_S1_7,PIN,R_PB7_S1.1,R_PB7_S1,AUFSKYNX,$$$\AUFSKYNX-1,,,1,1,1,Passive,,,,,,,,,,1
C:\Users\nvt10241\Downloads\Sheet1.SchDoc,NET_MEMBER,NET_MEMBER@NetK117_PB6_S1_7@PIN@YXKTLPQU@$$$\YXKTLPQU-1,NetK117_PB6_S1_7,PIN,TP_PB7_F_S1.1,TP_PB7_F_S1,YXKTLPQU,$$$\YXKTLPQU-1,,,1,1,1,Passive,,,,,,,,,,1
C:\Users\nvt10241\Downloads\Sheet1.SchDoc,NET_MEMBER,NET_MEMBER@NetK118_BUS_FL_PA4_S1_2@PORT@S5_ACM200_FH22@I/O,NetK118_BUS_FL_PA4_S1_2,PORT,S5_ACM200_FH22,,,,,,,,,I/O,,,,,,,,,CONNECTED,S5_ACM200_FH22
C:\Users\nvt10241\Downloads\Sheet1.SchDoc,NET_MEMBER,NET_MEMBER@NetK118_BUS_FL_PA4_S1_2@PIN@IOUZAOFP@$$$\IOUZAOFP-2,NetK118_BUS_FL_PA4_S1_2,PIN,K118_BUS_FL_PA4_S1.2,K118_BUS_FL_PA4_S1,IOUZAOFP,$$$\IOUZAOFP-2,,,1,2,NO,Passive,,,,,,,,,,2
C:\Users\nvt10241\Downloads\Sheet1.SchDoc,NET_MEMBER,NET_MEMBER@NetK118_BUS_FL_PA4_S1_2@PIN@LZYZMCQH@$$$\LZYZMCQH-6,NetK118_BUS_FL_PA4_S1_2,PIN,K119_PB4_S1.6,K119_PB4_S1,LZYZMCQH,$$$\LZYZMCQH-6,,,2,6,6,Passive,,,,,,,,,,6
C:\Users\nvt10241\Downloads\Sheet1.SchDoc,NET_MEMBER,NET_MEMBER@NetK118_BUS_SL_PA4_S1_2@PORT@S5_ACM200_SH22@I/O,NetK118_BUS_SL_PA4_S1_2,PORT,S5_ACM200_SH22,,,,,,,,,I/O,,,,,,,,,CONNECTED,S5_ACM200_SH22
C:\Users\nvt10241\Downloads\Sheet1.SchDoc,NET_MEMBER,NET_MEMBER@NetK118_BUS_SL_PA4_S1_2@PIN@BTOWOSJD@$$$\BTOWOSJD-2,NetK118_BUS_SL_PA4_S1_2,PIN,K118_BUS_SL_PA4_S1.2,K118_BUS_SL_PA4_S1,BTOWOSJD,$$$\BTOWOSJD-2,,,1,2,NO,Passive,,,,,,,,,,2
C:\Users\nvt10241\Downloads\Sheet1.SchDoc,NET_MEMBER,NET_MEMBER@NetK118_BUS_SL_PA4_S1_2@PIN@SOYRJWLJ@$$$\SOYRJWLJ-3,NetK118_BUS_SL_PA4_S1_2,PIN,K119_PB4_S1.3,K119_PB4_S1,SOYRJWLJ,$$$\SOYRJWLJ-3,,,1,3,3,Passive,,,,,,,,,,3
C:\Users\nvt10241\Downloads\Sheet1.SchDoc,NET_MEMBER,NET_MEMBER@NetK119_PB4_S1_2@PORT@PA4_S_S1@Output,NetK119_PB4_S1_2,PORT,PA4_S_S1,,,,,,,,,Output,,,,,,,,,CONNECTED,PA4_S_S1
C:\Users\nvt10241\Downloads\Sheet1.SchDoc,NET_MEMBER,NET_MEMBER@NetK119_PB4_S1_2@PIN@SOYRJWLJ@$$$\SOYRJWLJ-2,NetK119_PB4_S1_2,PIN,K119_PB4_S1.2,K119_PB4_S1,SOYRJWLJ,$$$\SOYRJWLJ-2,,,1,2,2,Passive,,,,,,,,,,2
C:\Users\nvt10241\Downloads\Sheet1.SchDoc,NET_MEMBER,NET_MEMBER@NetK119_PB4_S1_2@PIN@TLNOBFUJ@$$$\TLNOBFUJ-1,NetK119_PB4_S1_2,PIN,K153_PA4_S1.1,K153_PA4_S1,TLNOBFUJ,$$$\TLNOBFUJ-1,,,1,1,COMMON,Passive,,,,,,,,,,1
C:\Users\nvt10241\Downloads\Sheet1.SchDoc,NET_MEMBER,NET_MEMBER@NetK119_PB4_S1_2@PIN@KRJICVHF@$$$\KRJICVHF-2,NetK119_PB4_S1_2,PIN,R_PA4_S1.2,R_PA4_S1,KRJICVHF,$$$\KRJICVHF-2,,,1,2,2,Passive,,,,,,,,,,2
C:\Users\nvt10241\Downloads\Sheet1.SchDoc,NET_MEMBER,NET_MEMBER@NetK119_PB4_S1_2@PIN@FRSBLIBE@$$$\FRSBLIBE-1,NetK119_PB4_S1_2,PIN,TP_PA4_S_S1.1,TP_PA4_S_S1,FRSBLIBE,$$$\FRSBLIBE-1,,,1,1,1,Passive,,,,,,,,,,1
C:\Users\nvt10241\Downloads\Sheet1.SchDoc,NET_MEMBER,NET_MEMBER@NetK119_PB4_S1_4@PORT@PB4_S_S1@Output,NetK119_PB4_S1_4,PORT,PB4_S_S1,,,,,,,,,Output,,,,,,,,,CONNECTED,PB4_S_S1
C:\Users\nvt10241\Downloads\Sheet1.SchDoc,NET_MEMBER,NET_MEMBER@NetK119_PB4_S1_4@PIN@SOYRJWLJ@$$$\SOYRJWLJ-4,NetK119_PB4_S1_4,PIN,K119_PB4_S1.4,K119_PB4_S1,SOYRJWLJ,$$$\SOYRJWLJ-4,,,1,4,4,Passive,,,,,,,,,,4
C:\Users\nvt10241\Downloads\Sheet1.SchDoc,NET_MEMBER,NET_MEMBER@NetK119_PB4_S1_4@PIN@BJAIFHYE@$$$\BJAIFHYE-2,NetK119_PB4_S1_4,PIN,R_PB4_S1.2,R_PB4_S1,BJAIFHYE,$$$\BJAIFHYE-2,,,1,2,2,Passive,,,,,,,,,,2
C:\Users\nvt10241\Downloads\Sheet1.SchDoc,NET_MEMBER,NET_MEMBER@NetK119_PB4_S1_4@PIN@CIGSERWR@$$$\CIGSERWR-1,NetK119_PB4_S1_4,PIN,TP_PB4_S_S1.1,TP_PB4_S_S1,CIGSERWR,$$$\CIGSERWR-1,,,1,1,1,Passive,,,,,,,,,,1
C:\Users\nvt10241\Downloads\Sheet1.SchDoc,NET_MEMBER,NET_MEMBER@NetK119_PB4_S1_5@PORT@PB4_F_S1@Output,NetK119_PB4_S1_5,PORT,PB4_F_S1,,,,,,,,,Output,,,,,,,,,CONNECTED,PB4_F_S1
C:\Users\nvt10241\Downloads\Sheet1.SchDoc,NET_MEMBER,NET_MEMBER@NetK119_PB4_S1_5@PIN@LZYZMCQH@$$$\LZYZMCQH-5,NetK119_PB4_S1_5,PIN,K119_PB4_S1.5,K119_PB4_S1,LZYZMCQH,$$$\LZYZMCQH-5,,,2,5,5,Passive,,,,,,,,,,5
C:\Users\nvt10241\Downloads\Sheet1.SchDoc,NET_MEMBER,NET_MEMBER@NetK119_PB4_S1_5@PIN@BJAIFHYE@$$$\BJAIFHYE-1,NetK119_PB4_S1_5,PIN,R_PB4_S1.1,R_PB4_S1,BJAIFHYE,$$$\BJAIFHYE-1,,,1,1,1,Passive,,,,,,,,,,1
C:\Users\nvt10241\Downloads\Sheet1.SchDoc,NET_MEMBER,NET_MEMBER@NetK119_PB4_S1_5@PIN@GOROULII@$$$\GOROULII-1,NetK119_PB4_S1_5,PIN,TP_PB4_F_S1.1,TP_PB4_F_S1,GOROULII,$$$\GOROULII-1,,,1,1,1,Passive,,,,,,,,,,1
C:\Users\nvt10241\Downloads\Sheet1.SchDoc,NET_MEMBER,NET_MEMBER@NetK119_PB4_S1_7@PORT@PA4_F_S1@Output,NetK119_PB4_S1_7,PORT,PA4_F_S1,,,,,,,,,Output,,,,,,,,,CONNECTED,PA4_F_S1
C:\Users\nvt10241\Downloads\Sheet1.SchDoc,NET_MEMBER,NET_MEMBER@NetK119_PB4_S1_7@PORT@S24_P12@I/O,NetK119_PB4_S1_7,PORT,S24_P12,,,,,,,,,I/O,,,,,,,,,CONNECTED,S24_P12
C:\Users\nvt10241\Downloads\Sheet1.SchDoc,NET_MEMBER,NET_MEMBER@NetK119_PB4_S1_7@PIN@LZYZMCQH@$$$\LZYZMCQH-7,NetK119_PB4_S1_7,PIN,K119_PB4_S1.7,K119_PB4_S1,LZYZMCQH,$$$\LZYZMCQH-7,,,2,7,7,Passive,,,,,,,,,,7
C:\Users\nvt10241\Downloads\Sheet1.SchDoc,NET_MEMBER,NET_MEMBER@NetK119_PB4_S1_7@PIN@NCYKWLNK@$$$\NCYKWLNK-1,NetK119_PB4_S1_7,PIN,R_PA4_PD_S1.1,R_PA4_PD_S1,NCYKWLNK,$$$\NCYKWLNK-1,,,1,1,1,Passive,,,,,,,,,,1
C:\Users\nvt10241\Downloads\Sheet1.SchDoc,NET_MEMBER,NET_MEMBER@NetK119_PB4_S1_7@PIN@KRJICVHF@$$$\KRJICVHF-1,NetK119_PB4_S1_7,PIN,R_PA4_S1.1,R_PA4_S1,KRJICVHF,$$$\KRJICVHF-1,,,1,1,1,Passive,,,,,,,,,,1
C:\Users\nvt10241\Downloads\Sheet1.SchDoc,NET_MEMBER,NET_MEMBER@NetK119_PB4_S1_7@PIN@TJKXRJDU@$$$\TJKXRJDU-1,NetK119_PB4_S1_7,PIN,TP_PA4_F_S1.1,TP_PA4_F_S1,TJKXRJDU,$$$\TJKXRJDU-1,,,1,1,1,Passive,,,,,,,,,,1
C:\Users\nvt10241\Downloads\Sheet1.SchDoc,NET_MEMBER,NET_MEMBER@NetK120_BUS_FH_PA7_S1_2@PORT@S5_ACM200_FH23@I/O,NetK120_BUS_FH_PA7_S1_2,PORT,S5_ACM200_FH23,,,,,,,,,I/O,,,,,,,,,CONNECTED,S5_ACM200_FH23
C:\Users\nvt10241\Downloads\Sheet1.SchDoc,NET_MEMBER,NET_MEMBER@NetK120_BUS_FH_PA7_S1_2@PIN@EWYCENUV@$$$\EWYCENUV-2,NetK120_BUS_FH_PA7_S1_2,PIN,K120_BUS_FH_PA7_S1.2,K120_BUS_FH_PA7_S1,EWYCENUV,$$$\EWYCENUV-2,,,1,2,NO,Passive,,,,,,,,,,2
C:\Users\nvt10241\Downloads\Sheet1.SchDoc,NET_MEMBER,NET_MEMBER@NetK120_BUS_FH_PA7_S1_2@PIN@SJUVJCOA@$$$\SJUVJCOA-6,NetK120_BUS_FH_PA7_S1_2,PIN,K121_PD2_S1.6,K121_PD2_S1,SJUVJCOA,$$$\SJUVJCOA-6,,,2,6,6,Passive,,,,,,,,,,6
C:\Users\nvt10241\Downloads\Sheet1.SchDoc,NET_MEMBER,NET_MEMBER@NetK120_BUS_SH_PA7_S1_2@PORT@S5_ACM200_SH23@I/O,NetK120_BUS_SH_PA7_S1_2,PORT,S5_ACM200_SH23,,,,,,,,,I/O,,,,,,,,,CONNECTED,S5_ACM200_SH23
C:\Users\nvt10241\Downloads\Sheet1.SchDoc,NET_MEMBER,NET_MEMBER@NetK120_BUS_SH_PA7_S1_2@PIN@FLZICQHC@$$$\FLZICQHC-2,NetK120_BUS_SH_PA7_S1_2,PIN,K120_BUS_SH_PA7_S1.2,K120_BUS_SH_PA7_S1,FLZICQHC,$$$\FLZICQHC-2,,,1,2,NO,Passive,,,,,,,,,,2
C:\Users\nvt10241\Downloads\Sheet1.SchDoc,NET_MEMBER,NET_MEMBER@NetK120_BUS_SH_PA7_S1_2@PIN@USBRGOSF@$$$\USBRGOSF-3,NetK120_BUS_SH_PA7_S1_2,PIN,K121_PD2_S1.3,K121_PD2_S1,USBRGOSF,$$$\USBRGOSF-3,,,1,3,3,Passive,,,,,,,,,,3
C:\Users\nvt10241\Downloads\Sheet1.SchDoc,NET_MEMBER,NET_MEMBER@NetK121_PD2_S1_2@PORT@DMA_S_S1@Output,NetK121_PD2_S1_2,PORT,DMA_S_S1,,,,,,,,,Output,,,,,,,,,CONNECTED,DMA_S_S1
C:\Users\nvt10241\Downloads\Sheet1.SchDoc,NET_MEMBER,NET_MEMBER@NetK121_PD2_S1_2@PORT@PA7_S_S1@Output,NetK121_PD2_S1_2,PORT,PA7_S_S1,,,,,,,,,Output,,,,,,,,,CONNECTED,PA7_S_S1
C:\Users\nvt10241\Downloads\Sheet1.SchDoc,NET_MEMBER,NET_MEMBER@NetK121_PD2_S1_2@PIN@USBRGOSF@$$$\USBRGOSF-2,NetK121_PD2_S1_2,PIN,K121_PD2_S1.2,K121_PD2_S1,USBRGOSF,$$$\USBRGOSF-2,,,1,2,2,Passive,,,,,,,,,,2
C:\Users\nvt10241\Downloads\Sheet1.SchDoc,NET_MEMBER,NET_MEMBER@NetK121_PD2_S1_2@PIN@YFTVEMCP@$$$\YFTVEMCP-2,NetK121_PD2_S1_2,PIN,R_PA7_S1.2,R_PA7_S1,YFTVEMCP,$$$\YFTVEMCP-2,,,1,2,2,Passive,,,,,,,,,,2
C:\Users\nvt10241\Downloads\Sheet1.SchDoc,NET_MEMBER,NET_MEMBER@NetK121_PD2_S1_2@PIN@XWDUNWES@$$$\XWDUNWES-1,NetK121_PD2_S1_2,PIN,TP_PA7_S_S1.1,TP_PA7_S_S1,XWDUNWES,$$$\XWDUNWES-1,,,1,1,1,Passive,,,,,,,,,,1
C:\Users\nvt10241\Downloads\Sheet1.SchDoc,NET_MEMBER,NET_MEMBER@NetK121_PD2_S1_4@PORT@PD2_S_S1@Output,NetK121_PD2_S1_4,PORT,PD2_S_S1,,,,,,,,,Output,,,,,,,,,CONNECTED,PD2_S_S1
C:\Users\nvt10241\Downloads\Sheet1.SchDoc,NET_MEMBER,NET_MEMBER@NetK121_PD2_S1_4@PIN@USBRGOSF@$$$\USBRGOSF-4,NetK121_PD2_S1_4,PIN,K121_PD2_S1.4,K121_PD2_S1,USBRGOSF,$$$\USBRGOSF-4,,,1,4,4,Passive,,,,,,,,,,4
C:\Users\nvt10241\Downloads\Sheet1.SchDoc,NET_MEMBER,NET_MEMBER@NetK121_PD2_S1_4@PIN@WSXBWFZQ@$$$\WSXBWFZQ-2,NetK121_PD2_S1_4,PIN,R_PD2_S1.2,R_PD2_S1,WSXBWFZQ,$$$\WSXBWFZQ-2,,,1,2,2,Passive,,,,,,,,,,2
C:\Users\nvt10241\Downloads\Sheet1.SchDoc,NET_MEMBER,NET_MEMBER@NetK121_PD2_S1_4@PIN@LKHETOPK@$$$\LKHETOPK-1,NetK121_PD2_S1_4,PIN,TP_PD2_S_S1.1,TP_PD2_S_S1,LKHETOPK,$$$\LKHETOPK-1,,,1,1,1,Passive,,,,,,,,,,1
C:\Users\nvt10241\Downloads\Sheet1.SchDoc,NET_MEMBER,NET_MEMBER@NetK121_PD2_S1_5@PORT@PD2_F_S1@Output,NetK121_PD2_S1_5,PORT,PD2_F_S1,,,,,,,,,Output,,,,,,,,,CONNECTED,PD2_F_S1
C:\Users\nvt10241\Downloads\Sheet1.SchDoc,NET_MEMBER,NET_MEMBER@NetK121_PD2_S1_5@PIN@SJUVJCOA@$$$\SJUVJCOA-5,NetK121_PD2_S1_5,PIN,K121_PD2_S1.5,K121_PD2_S1,SJUVJCOA,$$$\SJUVJCOA-5,,,2,5,5,Passive,,,,,,,,,,5
C:\Users\nvt10241\Downloads\Sheet1.SchDoc,NET_MEMBER,NET_MEMBER@NetK121_PD2_S1_5@PIN@WSXBWFZQ@$$$\WSXBWFZQ-1,NetK121_PD2_S1_5,PIN,R_PD2_S1.1,R_PD2_S1,WSXBWFZQ,$$$\WSXBWFZQ-1,,,1,1,1,Passive,,,,,,,,,,1
C:\Users\nvt10241\Downloads\Sheet1.SchDoc,NET_MEMBER,NET_MEMBER@NetK121_PD2_S1_5@PIN@SBWVOJYP@$$$\SBWVOJYP-1,NetK121_PD2_S1_5,PIN,TP_PD2_F_S1.1,TP_PD2_F_S1,SBWVOJYP,$$$\SBWVOJYP-1,,,1,1,1,Passive,,,,,,,,,,1
C:\Users\nvt10241\Downloads\Sheet1.SchDoc,NET_MEMBER,NET_MEMBER@NetK121_PD2_S1_7@PORT@DMA_F_S1@Output,NetK121_PD2_S1_7,PORT,DMA_F_S1,,,,,,,,,Output,,,,,,,,,CONNECTED,DMA_F_S1
C:\Users\nvt10241\Downloads\Sheet1.SchDoc,NET_MEMBER,NET_MEMBER@NetK121_PD2_S1_7@PORT@PA7_F_S1@Output,NetK121_PD2_S1_7,PORT,PA7_F_S1,,,,,,,,,Output,,,,,,,,,CONNECTED,PA7_F_S1
C:\Users\nvt10241\Downloads\Sheet1.SchDoc,NET_MEMBER,NET_MEMBER@NetK121_PD2_S1_7@PORT@S24_P7@I/O,NetK121_PD2_S1_7,PORT,S24_P7,,,,,,,,,I/O,,,,,,,,,CONNECTED,S24_P7
C:\Users\nvt10241\Downloads\Sheet1.SchDoc,NET_MEMBER,NET_MEMBER@NetK121_PD2_S1_7@PIN@SJUVJCOA@$$$\SJUVJCOA-7,NetK121_PD2_S1_7,PIN,K121_PD2_S1.7,K121_PD2_S1,SJUVJCOA,$$$\SJUVJCOA-7,,,2,7,7,Passive,,,,,,,,,,7
C:\Users\nvt10241\Downloads\Sheet1.SchDoc,NET_MEMBER,NET_MEMBER@NetK121_PD2_S1_7@PIN@JACPGFPU@$$$\JACPGFPU-1,NetK121_PD2_S1_7,PIN,R_PA7_PU_S1.1,R_PA7_PU_S1,JACPGFPU,$$$\JACPGFPU-1,,,1,1,1,Passive,,,,,,,,,,1
C:\Users\nvt10241\Downloads\Sheet1.SchDoc,NET_MEMBER,NET_MEMBER@NetK121_PD2_S1_7@PIN@YFTVEMCP@$$$\YFTVEMCP-1,NetK121_PD2_S1_7,PIN,R_PA7_S1.1,R_PA7_S1,YFTVEMCP,$$$\YFTVEMCP-1,,,1,1,1,Passive,,,,,,,,,,1
C:\Users\nvt10241\Downloads\Sheet1.SchDoc,NET_MEMBER,NET_MEMBER@NetK121_PD2_S1_7@PIN@TACRAVKB@$$$\TACRAVKB-1,NetK121_PD2_S1_7,PIN,TP_PA7_F_S1.1,TP_PA7_F_S1,TACRAVKB,$$$\TACRAVKB-1,,,1,1,1,Passive,,,,,,,,,,1
C:\Users\nvt10241\Downloads\Sheet1.SchDoc,NET_MEMBER,NET_MEMBER@NetK122_PA7_PU_S1_1@PIN@YIEQMFYH@$$$\YIEQMFYH-1,NetK122_PA7_PU_S1_1,PIN,K122_PA7_PU_S1.1,K122_PA7_PU_S1,YIEQMFYH,$$$\YIEQMFYH-1,,,1,1,COMMON,Passive,,,,,,,,,,1
C:\Users\nvt10241\Downloads\Sheet1.SchDoc,NET_MEMBER,NET_MEMBER@NetK122_PA7_PU_S1_1@PIN@JACPGFPU@$$$\JACPGFPU-2,NetK122_PA7_PU_S1_1,PIN,R_PA7_PU_S1.2,R_PA7_PU_S1,JACPGFPU,$$$\JACPGFPU-2,,,1,2,2,Passive,,,,,,,,,,2
C:\Users\nvt10241\Downloads\Sheet1.SchDoc,NET_MEMBER,NET_MEMBER@NetK123_BUSL_PB5_S1_2@PIN@ILVMJMJK@$$$\ILVMJMJK-2,NetK123_BUSL_PB5_S1_2,PIN,K123_BUSL_PB5_S1.2,K123_BUSL_PB5_S1,ILVMJMJK,$$$\ILVMJMJK-2,,,1,2,2,Passive,,,,,,,,,,2
C:\Users\nvt10241\Downloads\Sheet1.SchDoc,NET_MEMBER,NET_MEMBER@NetK123_BUSL_PB5_S1_4@PORT@S3_FXVIe_PLUS_FH4@I/O,NetK123_BUSL_PB5_S1_4,PORT,S3_FXVIe_PLUS_FH4,,,,,,,,,I/O,,,,,,,,,CONNECTED,S3_FXVIe_PLUS_FH4
C:\Users\nvt10241\Downloads\Sheet1.SchDoc,NET_MEMBER,NET_MEMBER@NetK123_BUSL_PB5_S1_4@PIN@ILVMJMJK@$$$\ILVMJMJK-4,NetK123_BUSL_PB5_S1_4,PIN,K123_BUSL_PB5_S1.4,K123_BUSL_PB5_S1,ILVMJMJK,$$$\ILVMJMJK-4,,,1,4,4,Passive,,,,,,,,,,4
C:\Users\nvt10241\Downloads\Sheet1.SchDoc,NET_MEMBER,NET_MEMBER@NetK123_BUSL_PB5_S1_4@PIN@BWZKFVND@$$$\BWZKFVND-3,NetK123_BUSL_PB5_S1_4,PIN,K124_nRST_S1.3,K124_nRST_S1,BWZKFVND,$$$\BWZKFVND-3,,,1,3,3,Passive,,,,,,,,,,3
C:\Users\nvt10241\Downloads\Sheet1.SchDoc,NET_MEMBER,NET_MEMBER@NetK123_BUSL_PB5_S1_5@PORT@S3_FXVIe_PLUS_SH4@I/O,NetK123_BUSL_PB5_S1_5,PORT,S3_FXVIe_PLUS_SH4,,,,,,,,,I/O,,,,,,,,,CONNECTED,S3_FXVIe_PLUS_SH4
C:\Users\nvt10241\Downloads\Sheet1.SchDoc,NET_MEMBER,NET_MEMBER@NetK123_BUSL_PB5_S1_5@PIN@LQDJDIAE@$$$\LQDJDIAE-5,NetK123_BUSL_PB5_S1_5,PIN,K123_BUSL_PB5_S1.5,K123_BUSL_PB5_S1,LQDJDIAE,$$$\LQDJDIAE-5,,,2,5,5,Passive,,,,,,,,,,5
C:\Users\nvt10241\Downloads\Sheet1.SchDoc,NET_MEMBER,NET_MEMBER@NetK123_BUSL_PB5_S1_5@PIN@EZEPNNHN@$$$\EZEPNNHN-6,NetK123_BUSL_PB5_S1_5,PIN,K124_nRST_S1.6,K124_nRST_S1,EZEPNNHN,$$$\EZEPNNHN-6,,,2,6,6,Passive,,,,,,,,,,6
C:\Users\nvt10241\Downloads\Sheet1.SchDoc,NET_MEMBER,NET_MEMBER@NetK123_BUSL_PB5_S1_7@PIN@LQDJDIAE@$$$\LQDJDIAE-7,NetK123_BUSL_PB5_S1_7,PIN,K123_BUSL_PB5_S1.7,K123_BUSL_PB5_S1,LQDJDIAE,$$$\LQDJDIAE-7,,,2,7,7,Passive,,,,,,,,,,7
C:\Users\nvt10241\Downloads\Sheet1.SchDoc,NET_MEMBER,NET_MEMBER@NetK100_PC4_S1_7@PORT@PB5_F_S1@Output,NetK100_PC4_S1_7,PORT,PB5_F_S1,,,,,,,,,Output,,,,,,,,,CONNECTED,PB5_F_S1
C:\Users\nvt10241\Downloads\Sheet1.SchDoc,NET_MEMBER,NET_MEMBER@NetK100_PC4_S1_7@PORT@S24_P8@I/O,NetK100_PC4_S1_7,PORT,S24_P8,,,,,,,,,I/O,,,,,,,,,CONNECTED,S24_P8
C:\Users\nvt10241\Downloads\Sheet1.SchDoc,NET_MEMBER,NET_MEMBER@NetK100_PC4_S1_7@PIN@ETRQABNZ@$$$\ETRQABNZ-7,NetK100_PC4_S1_7,PIN,K100_PC4_S1.7,K100_PC4_S1,ETRQABNZ,$$$\ETRQABNZ-7,,,2,7,7,Passive,,,,,,,,,,7
C:\Users\nvt10241\Downloads\Sheet1.SchDoc,NET_MEMBER,NET_MEMBER@NetK100_PC4_S1_7@PIN@BWZKFVND@$$$\BWZKFVND-2,NetK100_PC4_S1_7,PIN,K124_nRST_S1.2,K124_nRST_S1,BWZKFVND,$$$\BWZKFVND-2,,,1,2,2,Passive,,,,,,,,,,2
C:\Users\nvt10241\Downloads\Sheet1.SchDoc,NET_MEMBER,NET_MEMBER@NetK100_PC4_S1_7@PIN@ORFGJMDF@$$$\ORFGJMDF-1,NetK100_PC4_S1_7,PIN,R_PB5_FOS_S1.1,R_PB5_FOS_S1,ORFGJMDF,$$$\ORFGJMDF-1,,,1,1,1,Passive,,,,,,,,,,1
C:\Users\nvt10241\Downloads\Sheet1.SchDoc,NET_MEMBER,NET_MEMBER@NetK100_PC4_S1_7@PIN@PCLWBZLA@$$$\PCLWBZLA-1,NetK100_PC4_S1_7,PIN,R_PB5_S1.1,R_PB5_S1,PCLWBZLA,$$$\PCLWBZLA-1,,,1,1,1,Passive,,,,,,,,,,1
C:\Users\nvt10241\Downloads\Sheet1.SchDoc,NET_MEMBER,NET_MEMBER@NetK100_PC4_S1_7@PIN@VVCDTQCF@$$$\VVCDTQCF-1,NetK100_PC4_S1_7,PIN,TP_PB5_F_S1.1,TP_PB5_F_S1,VVCDTQCF,$$$\VVCDTQCF-1,,,1,1,1,Passive,,,,,,,,,,1
C:\Users\nvt10241\Downloads\Sheet1.SchDoc,NET_MEMBER,NET_MEMBER@NetK100_PC4_S1_2@PORT@PB5_S_S1@Output,NetK100_PC4_S1_2,PORT,PB5_S_S1,,,,,,,,,Output,,,,,,,,,CONNECTED,PB5_S_S1
C:\Users\nvt10241\Downloads\Sheet1.SchDoc,NET_MEMBER,NET_MEMBER@NetK100_PC4_S1_2@PIN@DIAQURKW@$$$\DIAQURKW-2,NetK100_PC4_S1_2,PIN,K100_PC4_S1.2,K100_PC4_S1,DIAQURKW,$$$\DIAQURKW-2,,,1,2,2,Passive,,,,,,,,,,2
C:\Users\nvt10241\Downloads\Sheet1.SchDoc,NET_MEMBER,NET_MEMBER@NetK100_PC4_S1_2@PIN@EZEPNNHN@$$$\EZEPNNHN-7,NetK100_PC4_S1_2,PIN,K124_nRST_S1.7,K124_nRST_S1,EZEPNNHN,$$$\EZEPNNHN-7,,,2,7,7,Passive,,,,,,,,,,7
C:\Users\nvt10241\Downloads\Sheet1.SchDoc,NET_MEMBER,NET_MEMBER@NetK100_PC4_S1_2@PIN@PCLWBZLA@$$$\PCLWBZLA-2,NetK100_PC4_S1_2,PIN,R_PB5_S1.2,R_PB5_S1,PCLWBZLA,$$$\PCLWBZLA-2,,,1,2,2,Passive,,,,,,,,,,2
C:\Users\nvt10241\Downloads\Sheet1.SchDoc,NET_MEMBER,NET_MEMBER@NetK100_PC4_S1_2@PIN@REQLVFVL@$$$\REQLVFVL-1,NetK100_PC4_S1_2,PIN,R_PB5_SNS_S1.1,R_PB5_SNS_S1,REQLVFVL,$$$\REQLVFVL-1,,,1,1,1,Passive,,,,,,,,,,1
C:\Users\nvt10241\Downloads\Sheet1.SchDoc,NET_MEMBER,NET_MEMBER@NetK100_PC4_S1_2@PIN@AQXHTIWP@$$$\AQXHTIWP-1,NetK100_PC4_S1_2,PIN,TP_PB5_S_S1.1,TP_PB5_S_S1,AQXHTIWP,$$$\AQXHTIWP-1,,,1,1,1,Passive,,,,,,,,,,1
C:\Users\nvt10241\Downloads\Sheet1.SchDoc,NET_MEMBER,NET_MEMBER@NetK125_U34_PS_S1_3@PORT@S3_FXVIe_PLUS_FH6@I/O,NetK125_U34_PS_S1_3,PORT,S3_FXVIe_PLUS_FH6,,,,,,,,,I/O,,,,,,,,,CONNECTED,S3_FXVIe_PLUS_FH6
C:\Users\nvt10241\Downloads\Sheet1.SchDoc,NET_MEMBER,NET_MEMBER@NetK125_U34_PS_S1_3@PIN@RZVGOEDT@$$$\RZVGOEDT-3,NetK125_U34_PS_S1_3,PIN,K125_U34_PS_S1.3,K125_U34_PS_S1,RZVGOEDT,$$$\RZVGOEDT-3,,,1,3,3,Passive,,,,,,,,,,3
C:\Users\nvt10241\Downloads\Sheet1.SchDoc,NET_MEMBER,NET_MEMBER@NetK125_U34_PS_S1_6@PORT@S3_FXVIe_PLUS_SH6@I/O,NetK125_U34_PS_S1_6,PORT,S3_FXVIe_PLUS_SH6,,,,,,,,,I/O,,,,,,,,,CONNECTED,S3_FXVIe_PLUS_SH6
C:\Users\nvt10241\Downloads\Sheet1.SchDoc,NET_MEMBER,NET_MEMBER@NetK125_U34_PS_S1_6@PIN@LJPHCEDL@$$$\LJPHCEDL-6,NetK125_U34_PS_S1_6,PIN,K125_U34_PS_S1.6,K125_U34_PS_S1,LJPHCEDL,$$$\LJPHCEDL-6,,,2,6,6,Passive,,,,,,,,,,6
C:\Users\nvt10241\Downloads\Sheet1.SchDoc,NET_MEMBER,NET_MEMBER@NetK125_U34_PS_S1_7@PORT@V1P5_S_S1@Output,NetK125_U34_PS_S1_7,PORT,V1P5_S_S1,,,,,,,,,Output,,,,,,,,,CONNECTED,V1P5_S_S1
C:\Users\nvt10241\Downloads\Sheet1.SchDoc,NET_MEMBER,NET_MEMBER@NetK125_U34_PS_S1_7@PORT@VDRV_S_S1@Output,NetK125_U34_PS_S1_7,PORT,VDRV_S_S1,,,,,,,,,Output,,,,,,,,,CONNECTED,VDRV_S_S1
C:\Users\nvt10241\Downloads\Sheet1.SchDoc,NET_MEMBER,NET_MEMBER@NetK125_U34_PS_S1_7@PIN@LJPHCEDL@$$$\LJPHCEDL-7,NetK125_U34_PS_S1_7,PIN,K125_U34_PS_S1.7,K125_U34_PS_S1,LJPHCEDL,$$$\LJPHCEDL-7,,,2,7,7,Passive,,,,,,,,,,7
C:\Users\nvt10241\Downloads\Sheet1.SchDoc,NET_MEMBER,NET_MEMBER@NetK125_U34_PS_S1_7@PIN@NDESQSAG@$$$\NDESQSAG-2,NetK125_U34_PS_S1_7,PIN,R_V1P5_KLV_S1.2,R_V1P5_KLV_S1,NDESQSAG,$$$\NDESQSAG-2,,,1,2,2,Passive,,,,,,,,,,2
C:\Users\nvt10241\Downloads\Sheet1.SchDoc,NET_MEMBER,NET_MEMBER@NetK125_U34_PS_S1_7@PIN@PFAPAPYJ@$$$\PFAPAPYJ-1,NetK125_U34_PS_S1_7,PIN,TP_V1P5_S_S1.1,TP_V1P5_S_S1,PFAPAPYJ,$$$\PFAPAPYJ-1,,,1,1,1,Passive,,,,,,,,,,1
C:\Users\nvt10241\Downloads\Sheet1.SchDoc,NET_MEMBER,NET_MEMBER@NetK125_U34_PS_S1_7@PIN@EDVHGIYW@$$$\EDVHGIYW-1,NetK125_U34_PS_S1_7,PIN,TP_VDRV_S_S1.1,TP_VDRV_S_S1,EDVHGIYW,$$$\EDVHGIYW-1,,,1,1,1,Passive,,,,,,,,,,1
C:\Users\nvt10241\Downloads\Sheet1.SchDoc,NET_MEMBER,NET_MEMBER@NetK126_V1P5_CAP_S1_2@PIN@HIOUFEAC@$$$\HIOUFEAC-2,NetK126_V1P5_CAP_S1_2,PIN,K126_V1P5_CAP_S1.2,K126_V1P5_CAP_S1,HIOUFEAC,$$$\HIOUFEAC-2,,,1,2,2,Passive,,,,,,,,,,2
C:\Users\nvt10241\Downloads\Sheet1.SchDoc,NET_MEMBER,NET_MEMBER@NetK126_V1P5_CAP_S1_2@PIN@NPBOBYQE@$$$\NPBOBYQE-1,NetK126_V1P5_CAP_S1_2,PIN,R_V1P5_S1.1,R_V1P5_S1,NPBOBYQE,$$$\NPBOBYQE-1,,,1,1,1,Passive,,,,,,,,,,1
C:\Users\nvt10241\Downloads\Sheet1.SchDoc,NET_MEMBER,NET_MEMBER@NetK127_U2_PS_S1_1@PORT@S3_FXVIe_PLUS_FH7@I/O,NetK127_U2_PS_S1_1,PORT,S3_FXVIe_PLUS_FH7,,,,,,,,,I/O,,,,,,,,,CONNECTED,S3_FXVIe_PLUS_FH7
C:\Users\nvt10241\Downloads\Sheet1.SchDoc,NET_MEMBER,NET_MEMBER@NetK127_U2_PS_S1_1@PORT@S3_FXVIe_PLUS_SH7@I/O,NetK127_U2_PS_S1_1,PORT,S3_FXVIe_PLUS_SH7,,,,,,,,,I/O,,,,,,,,,CONNECTED,S3_FXVIe_PLUS_SH7
C:\Users\nvt10241\Downloads\Sheet1.SchDoc,NET_MEMBER,NET_MEMBER@NetK127_U2_PS_S1_1@PIN@VVUEZULG@$$$\VVUEZULG-1,NetK127_U2_PS_S1_1,PIN,K127_U2_PS_S1.1,K127_U2_PS_S1,VVUEZULG,$$$\VVUEZULG-1,,,1,1,COMMON,Passive,,,,,,,,,,1
C:\Users\nvt10241\Downloads\Sheet1.SchDoc,NET_MEMBER,NET_MEMBER@NetK127_U2_PS_S1_1@PIN@FSTKCWQK@$$$\FSTKCWQK-1,NetK127_U2_PS_S1_1,PIN,K128_PU_PS_S1.1,K128_PU_PS_S1,FSTKCWQK,$$$\FSTKCWQK-1,,,1,1,COMMON,Passive,,,,,,,,,,1
C:\Users\nvt10241\Downloads\Sheet1.SchDoc,NET_MEMBER,NET_MEMBER@NetK127_U2_PS_S1_1@PIN@JQLLDVCX@$$$\JQLLDVCX-1,NetK127_U2_PS_S1_1,PIN,K129_Backup_S1.1,K129_Backup_S1,JQLLDVCX,$$$\JQLLDVCX-1,,,1,1,COMMON,Passive,,,,,,,,,,1
C:\Users\nvt10241\Downloads\Sheet1.SchDoc,NET_MEMBER,NET_MEMBER@NetK127_U2_PS_S1_1@PIN@DMGUCUUG@$$$\DMGUCUUG-1,NetK127_U2_PS_S1_1,PIN,K158_AMPOUT_S1.1,K158_AMPOUT_S1,DMGUCUUG,$$$\DMGUCUUG-1,,,1,1,COMMON,Passive,,,,,,,,,,1
C:\Users\nvt10241\Downloads\Sheet1.SchDoc,NET_MEMBER,NET_MEMBER@NetK130_KELVIN1_F_S1_1@PORT@S1_FPVIe_SH1@I/O,NetK130_KELVIN1_F_S1_1,PORT,S1_FPVIe_SH1,,,,,,,,,I/O,,,,,,,,,CONNECTED,S1_FPVIe_SH1
C:\Users\nvt10241\Downloads\Sheet1.SchDoc,NET_MEMBER,NET_MEMBER@NetK130_KELVIN1_F_S1_1@PIN@ZQSRCNFI@$$$\ZQSRCNFI-1,NetK130_KELVIN1_F_S1_1,PIN,K130_KELVIN1_F_S1.1,K130_KELVIN1_F_S1,ZQSRCNFI,$$$\ZQSRCNFI-1,,,1,1,COMMON,Passive,,,,,,,,,,1
C:\Users\nvt10241\Downloads\Sheet1.SchDoc,NET_MEMBER,NET_MEMBER@NetK130_KELVIN1_F_S1_1@PIN@QKZQWXLD@$$$\QKZQWXLD-3,NetK130_KELVIN1_F_S1_1,PIN,K132_KELVIN1_S1.3,K132_KELVIN1_S1,QKZQWXLD,$$$\QKZQWXLD-3,,,1,3,3,Passive,,,,,,,,,,3
C:\Users\nvt10241\Downloads\Sheet1.SchDoc,NET_MEMBER,NET_MEMBER@NetK130_KELVIN1_F_S1_2@PORT@S1_FPVIe_FH1@I/O,NetK130_KELVIN1_F_S1_2,PORT,S1_FPVIe_FH1,,,,,,,,,I/O,,,,,,,,,CONNECTED,S1_FPVIe_FH1
C:\Users\nvt10241\Downloads\Sheet1.SchDoc,NET_MEMBER,NET_MEMBER@NetK130_KELVIN1_F_S1_2@PIN@ZQSRCNFI@$$$\ZQSRCNFI-2,NetK130_KELVIN1_F_S1_2,PIN,K130_KELVIN1_F_S1.2,K130_KELVIN1_F_S1,ZQSRCNFI,$$$\ZQSRCNFI-2,,,1,2,NO,Passive,,,,,,,,,,2
C:\Users\nvt10241\Downloads\Sheet1.SchDoc,NET_MEMBER,NET_MEMBER@NetK130_KELVIN1_F_S1_2@PIN@UGBXFLJA@$$$\UGBXFLJA-3,NetK130_KELVIN1_F_S1_2,PIN,K131_KELVIN1_S1S2.3,K131_KELVIN1_S1S2,UGBXFLJA,$$$\UGBXFLJA-3,,,1,3,3,Passive,,,,,,,,,,3
C:\Users\nvt10241\Downloads\Sheet1.SchDoc,NET_MEMBER,NET_MEMBER@NetK130_KELVIN1_S_S1_1@PORT@S1_FPVIe_SL1@I/O,NetK130_KELVIN1_S_S1_1,PORT,S1_FPVIe_SL1,,,,,,,,,I/O,,,,,,,,,CONNECTED,S1_FPVIe_SL1
C:\Users\nvt10241\Downloads\Sheet1.SchDoc,NET_MEMBER,NET_MEMBER@NetK130_KELVIN1_S_S1_1@PIN@FSOIRKUQ@$$$\FSOIRKUQ-1,NetK130_KELVIN1_S_S1_1,PIN,K130_KELVIN1_S_S1.1,K130_KELVIN1_S_S1,FSOIRKUQ,$$$\FSOIRKUQ-1,,,1,1,COMMON,Passive,,,,,,,,,,1
C:\Users\nvt10241\Downloads\Sheet1.SchDoc,NET_MEMBER,NET_MEMBER@NetK130_KELVIN1_S_S1_1@PIN@TVDOQDPH@$$$\TVDOQDPH-6,NetK130_KELVIN1_S_S1_1,PIN,K132_KELVIN1_S1.6,K132_KELVIN1_S1,TVDOQDPH,$$$\TVDOQDPH-6,,,2,6,6,Passive,,,,,,,,,,6
C:\Users\nvt10241\Downloads\Sheet1.SchDoc,NET_MEMBER,NET_MEMBER@NetK130_KELVIN1_S_S1_2@PORT@S1_FPVIe_FL1@I/O,NetK130_KELVIN1_S_S1_2,PORT,S1_FPVIe_FL1,,,,,,,,,I/O,,,,,,,,,CONNECTED,S1_FPVIe_FL1
C:\Users\nvt10241\Downloads\Sheet1.SchDoc,NET_MEMBER,NET_MEMBER@NetK130_KELVIN1_S_S1_2@PIN@FSOIRKUQ@$$$\FSOIRKUQ-2,NetK130_KELVIN1_S_S1_2,PIN,K130_KELVIN1_S_S1.2,K130_KELVIN1_S_S1,FSOIRKUQ,$$$\FSOIRKUQ-2,,,1,2,NO,Passive,,,,,,,,,,2
C:\Users\nvt10241\Downloads\Sheet1.SchDoc,NET_MEMBER,NET_MEMBER@NetK130_KELVIN1_S_S1_2@PIN@NGQVBBQY@$$$\NGQVBBQY-3,NetK130_KELVIN1_S_S1_2,PIN,K133_KELVIN1_S1S2.3,K133_KELVIN1_S1S2,NGQVBBQY,$$$\NGQVBBQY-3,,,1,3,3,Passive,,,,,,,,,,3
C:\Users\nvt10241\Downloads\Sheet1.SchDoc,NET_MEMBER,NET_MEMBER@NetK131_KELVIN1_S1S2_4@PIN@UGBXFLJA@$$$\UGBXFLJA-4,NetK131_KELVIN1_S1S2_4,PIN,K131_KELVIN1_S1S2.4,K131_KELVIN1_S1S2,UGBXFLJA,$$$\UGBXFLJA-4,,,1,4,4,Passive,,,,,,,,,,4
C:\Users\nvt10241\Downloads\Sheet1.SchDoc,NET_MEMBER,NET_MEMBER@NetK131_KELVIN1_S1S2_4@PIN@LZZGXUNO@$$$\LZZGXUNO-3,NetK131_KELVIN1_S1S2_4,PIN,K134_PC1_Force_S1.3,K134_PC1_Force_S1,LZZGXUNO,$$$\LZZGXUNO-3,,,1,3,3,Passive,,,,,,,,,,3
C:\Users\nvt10241\Downloads\Sheet1.SchDoc,NET_MEMBER,NET_MEMBER@NetK132_KELVIN1_S1_4@PIN@QKZQWXLD@$$$\QKZQWXLD-4,NetK132_KELVIN1_S1_4,PIN,K132_KELVIN1_S1.4,K132_KELVIN1_S1,QKZQWXLD,$$$\QKZQWXLD-4,,,1,4,4,Passive,,,,,,,,,,4
C:\Users\nvt10241\Downloads\Sheet1.SchDoc,NET_MEMBER,NET_MEMBER@NetK132_KELVIN1_S1_4@PIN@LQYWEXLE@$$$\LQYWEXLE-3,NetK132_KELVIN1_S1_4,PIN,K135_PC1_Sense_S1.3,K135_PC1_Sense_S1,LQYWEXLE,$$$\LQYWEXLE-3,,,1,3,3,Passive,,,,,,,,,,3
C:\Users\nvt10241\Downloads\Sheet1.SchDoc,NET_MEMBER,NET_MEMBER@NetK132_KELVIN1_S1_5@PIN@TVDOQDPH@$$$\TVDOQDPH-5,NetK132_KELVIN1_S1_5,PIN,K132_KELVIN1_S1.5,K132_KELVIN1_S1,TVDOQDPH,$$$\TVDOQDPH-5,,,2,5,5,Passive,,,,,,,,,,5
C:\Users\nvt10241\Downloads\Sheet1.SchDoc,NET_MEMBER,NET_MEMBER@NetK132_KELVIN1_S1_5@PIN@NLKLLRAU@$$$\NLKLLRAU-6,NetK132_KELVIN1_S1_5,PIN,K135_PC1_Sense_S1.6,K135_PC1_Sense_S1,NLKLLRAU,$$$\NLKLLRAU-6,,,2,6,6,Passive,,,,,,,,,,6
C:\Users\nvt10241\Downloads\Sheet1.SchDoc,NET_MEMBER,NET_MEMBER@NetK133_KELVIN1_S1S2_4@PIN@NGQVBBQY@$$$\NGQVBBQY-4,NetK133_KELVIN1_S1S2_4,PIN,K133_KELVIN1_S1S2.4,K133_KELVIN1_S1S2,NGQVBBQY,$$$\NGQVBBQY-4,,,1,4,4,Passive,,,,,,,,,,4
C:\Users\nvt10241\Downloads\Sheet1.SchDoc,NET_MEMBER,NET_MEMBER@NetK133_KELVIN1_S1S2_4@PIN@MSUZUKYI@$$$\MSUZUKYI-6,NetK133_KELVIN1_S1S2_4,PIN,K134_PC1_Force_S1.6,K134_PC1_Force_S1,MSUZUKYI,$$$\MSUZUKYI-6,,,2,6,6,Passive,,,,,,,,,,6
C:\Users\nvt10241\Downloads\Sheet1.SchDoc,NET_MEMBER,NET_MEMBER@NetK134_PC1_Force_S1_2@PIN@LZZGXUNO@$$$\LZZGXUNO-2,NetK134_PC1_Force_S1_2,PIN,K134_PC1_Force_S1.2,K134_PC1_Force_S1,LZZGXUNO,$$$\LZZGXUNO-2,,,1,2,2,Passive,,,,,,,,,,2
C:\Users\nvt10241\Downloads\Sheet1.SchDoc,NET_MEMBER,NET_MEMBER@NetK135_PC1_Sense_S1_2@PIN@LQYWEXLE@$$$\LQYWEXLE-2,NetK135_PC1_Sense_S1_2,PIN,K135_PC1_Sense_S1.2,K135_PC1_Sense_S1,LQYWEXLE,$$$\LQYWEXLE-2,,,1,2,2,Passive,,,,,,,,,,2
C:\Users\nvt10241\Downloads\Sheet1.SchDoc,NET_MEMBER,NET_MEMBER@NetK135_PC1_Sense_S1_7@PIN@NLKLLRAU@$$$\NLKLLRAU-7,NetK135_PC1_Sense_S1_7,PIN,K135_PC1_Sense_S1.7,K135_PC1_Sense_S1,NLKLLRAU,$$$\NLKLLRAU-7,,,2,7,7,Passive,,,,,,,,,,7
C:\Users\nvt10241\Downloads\Sheet1.SchDoc,NET_MEMBER,NET_MEMBER@NetK138_QVML_BUS0_S1_1@PORT@S8_QVM_CH0-@I/O,NetK138_QVML_BUS0_S1_1,PORT,S8_QVM_CH0-,,,,,,,,,I/O,,,,,,,,,CONNECTED,S8_QVM_CH0-
C:\Users\nvt10241\Downloads\Sheet1.SchDoc,NET_MEMBER,NET_MEMBER@NetK138_QVML_BUS0_S1_1@PIN@QTLGDKAF@$$$\QTLGDKAF-1,NetK138_QVML_BUS0_S1_1,PIN,K138_QVML_BUS0_S1.1,K138_QVML_BUS0_S1,QTLGDKAF,$$$\QTLGDKAF-1,,,1,1,COMMON,Passive,,,,,,,,,,1
C:\Users\nvt10241\Downloads\Sheet1.SchDoc,NET_MEMBER,NET_MEMBER@NetK138_QVML_BUS0_S1_1@PIN@WSCWIZEY@$$$\WSCWIZEY-1,NetK138_QVML_BUS0_S1_1,PIN,K139_QVML_BUS1_S1.1,K139_QVML_BUS1_S1,WSCWIZEY,$$$\WSCWIZEY-1,,,1,1,COMMON,Passive,,,,,,,,,,1
C:\Users\nvt10241\Downloads\Sheet1.SchDoc,NET_MEMBER,NET_MEMBER@NetK138_QVML_BUS0_S1_1@PIN@OEYPMDBR@$$$\OEYPMDBR-1,NetK138_QVML_BUS0_S1_1,PIN,K140_QVML_AGND_S1.1,K140_QVML_AGND_S1,OEYPMDBR,$$$\OEYPMDBR-1,,,1,1,COMMON,Passive,,,,,,,,,,1
C:\Users\nvt10241\Downloads\Sheet1.SchDoc,NET_MEMBER,NET_MEMBER@NetK66_TMU_nQON_S1_2@PORT@S10_CH0_A@I/O,NetK66_TMU_nQON_S1_2,PORT,S10_CH0_A,,,,,,,,,I/O,,,,,,,,,CONNECTED,S10_CH0_A
C:\Users\nvt10241\Downloads\Sheet1.SchDoc,NET_MEMBER,NET_MEMBER@NetK66_TMU_nQON_S1_2@PIN@HKLBTEYN@$$$\HKLBTEYN-2,NetK66_TMU_nQON_S1_2,PIN,K66_TMU_nQON_S1.2,K66_TMU_nQON_S1,HKLBTEYN,$$$\HKLBTEYN-2,,,1,2,NO,Passive,,,,,,,,,,2
C:\Users\nvt10241\Downloads\Sheet1.SchDoc,NET_MEMBER,NET_MEMBER@NetK66_TMU_nQON_S1_2@PIN@WKWNTILQ@$$$\WKWNTILQ-3,NetK66_TMU_nQON_S1_2,PIN,K141_QTMU_BUSA_S1S2.3,K141_QTMU_BUSA_S1S2,WKWNTILQ,$$$\WKWNTILQ-3,,,1,3,3,Passive,,,,,,,,,,3
C:\Users\nvt10241\Downloads\Sheet1.SchDoc,NET_MEMBER,NET_MEMBER@NetK142_QTMU_BUSB_S1S2_3@PORT@S10_CH0_B@I/O,NetK142_QTMU_BUSB_S1S2_3,PORT,S10_CH0_B,,,,,,,,,I/O,,,,,,,,,CONNECTED,S10_CH0_B
C:\Users\nvt10241\Downloads\Sheet1.SchDoc,NET_MEMBER,NET_MEMBER@NetK142_QTMU_BUSB_S1S2_3@PIN@TBVQQLFF@$$$\TBVQQLFF-3,NetK142_QTMU_BUSB_S1S2_3,PIN,K142_QTMU_BUSB_S1S2.3,K142_QTMU_BUSB_S1S2,TBVQQLFF,$$$\TBVQQLFF-3,,,1,3,3,Passive,,,,,,,,,,3
C:\Users\nvt10241\Downloads\Sheet1.SchDoc,NET_MEMBER,NET_MEMBER@NetK142_QTMU_BUSB_S1S2_3@PIN@FUXFVIGF@$$$\FUXFVIGF-2,NetK142_QTMU_BUSB_S1S2_3,PIN,K152_VDM_TMU_S1.2,K152_VDM_TMU_S1,FUXFVIGF,$$$\FUXFVIGF-2,,,1,2,NO,Passive,,,,,,,,,,2
C:\Users\nvt10241\Downloads\Sheet1.SchDoc,NET_MEMBER,NET_MEMBER@NetK143_DCM_BUS0_H_S1_1@PORT@S24_P5@I/O,NetK143_DCM_BUS0_H_S1_1,PORT,S24_P5,,,,,,,,,I/O,,,,,,,,,CONNECTED,S24_P5
C:\Users\nvt10241\Downloads\Sheet1.SchDoc,NET_MEMBER,NET_MEMBER@NetK143_DCM_BUS0_H_S1_1@PIN@UPGLQUWY@$$$\UPGLQUWY-1,NetK143_DCM_BUS0_H_S1_1,PIN,K143_DCM_BUS0_H_S1.1,K143_DCM_BUS0_H_S1,UPGLQUWY,$$$\UPGLQUWY-1,,,1,1,COMMON,Passive,,,,,,,,,,1
C:\Users\nvt10241\Downloads\Sheet1.SchDoc,NET_MEMBER,NET_MEMBER@NetK143_DCM_BUS0_H_S1_1@PIN@GGHANVNH@$$$\GGHANVNH-1,NetK143_DCM_BUS0_H_S1_1,PIN,K144_DCM_BUS1_H_S1.1,K144_DCM_BUS1_H_S1,GGHANVNH,$$$\GGHANVNH-1,,,1,1,COMMON,Passive,,,,,,,,,,1
C:\Users\nvt10241\Downloads\Sheet1.SchDoc,NET_MEMBER,NET_MEMBER@NetK145_DCM_BUS0_L_S1_1@PORT@S24_P4@I/O,NetK145_DCM_BUS0_L_S1_1,PORT,S24_P4,,,,,,,,,I/O,,,,,,,,,CONNECTED,S24_P4
C:\Users\nvt10241\Downloads\Sheet1.SchDoc,NET_MEMBER,NET_MEMBER@NetK145_DCM_BUS0_L_S1_1@PIN@EWJLHETV@$$$\EWJLHETV-1,NetK145_DCM_BUS0_L_S1_1,PIN,K145_DCM_BUS0_L_S1.1,K145_DCM_BUS0_L_S1,EWJLHETV,$$$\EWJLHETV-1,,,1,1,COMMON,Passive,,,,,,,,,,1
C:\Users\nvt10241\Downloads\Sheet1.SchDoc,NET_MEMBER,NET_MEMBER@NetK145_DCM_BUS0_L_S1_1@PIN@XACZUBPF@$$$\XACZUBPF-1,NetK145_DCM_BUS0_L_S1_1,PIN,K146_DCM_BUS1_L_S1.1,K146_DCM_BUS1_L_S1,XACZUBPF,$$$\XACZUBPF-1,,,1,1,COMMON,Passive,,,,,,,,,,1
C:\Users\nvt10241\Downloads\Sheet1.SchDoc,NET_MEMBER,NET_MEMBER@NetK110_BST_S1_7@PORT@PB0_F_S1@Output,NetK110_BST_S1_7,PORT,PB0_F_S1,,,,,,,,,Output,,,,,,,,,CONNECTED,PB0_F_S1
C:\Users\nvt10241\Downloads\Sheet1.SchDoc,NET_MEMBER,NET_MEMBER@NetK110_BST_S1_7@PORT@PWM1_F_S1@Output,NetK110_BST_S1_7,PORT,PWM1_F_S1,,,,,,,,,Output,,,,,,,,,CONNECTED,PWM1_F_S1
C:\Users\nvt10241\Downloads\Sheet1.SchDoc,NET_MEMBER,NET_MEMBER@NetK110_BST_S1_7@PORT@S24_P10@I/O,NetK110_BST_S1_7,PORT,S24_P10,,,,,,,,,I/O,,,,,,,,,CONNECTED,S24_P10
C:\Users\nvt10241\Downloads\Sheet1.SchDoc,NET_MEMBER,NET_MEMBER@NetK110_BST_S1_7@PIN@IGBMWBEB@$$$\IGBMWBEB-7,NetK110_BST_S1_7,PIN,K110_BST_S1.7,K110_BST_S1,IGBMWBEB,$$$\IGBMWBEB-7,,,2,7,7,Passive,,,,,,,,,,7
C:\Users\nvt10241\Downloads\Sheet1.SchDoc,NET_MEMBER,NET_MEMBER@NetK110_BST_S1_7@PIN@NYHAXEAI@$$$\NYHAXEAI-2,NetK110_BST_S1_7,PIN,K147_PB0_OSC_S1.2,K147_PB0_OSC_S1,NYHAXEAI,$$$\NYHAXEAI-2,,,1,2,NO,Passive,,,,,,,,,,2
C:\Users\nvt10241\Downloads\Sheet1.SchDoc,NET_MEMBER,NET_MEMBER@NetK110_BST_S1_7@PIN@NFNNDNCR@$$$\NFNNDNCR-1,NetK110_BST_S1_7,PIN,R_PB0_S1.1,R_PB0_S1,NFNNDNCR,$$$\NFNNDNCR-1,,,1,1,1,Passive,,,,,,,,,,1
C:\Users\nvt10241\Downloads\Sheet1.SchDoc,NET_MEMBER,NET_MEMBER@NetK110_BST_S1_7@PIN@DTZZGOLU@$$$\DTZZGOLU-1,NetK110_BST_S1_7,PIN,TP_PB0_F_S1.1,TP_PB0_F_S1,DTZZGOLU,$$$\DTZZGOLU-1,,,1,1,1,Passive,,,,,,,,,,1
C:\Users\nvt10241\Downloads\Sheet1.SchDoc,NET_MEMBER,NET_MEMBER@NetK110_BST_S1_7@PIN@GBBKCOJL@$$$\GBBKCOJL-1,NetK110_BST_S1_7,PIN,TP_PWM1_F_S1.1,TP_PWM1_F_S1,GBBKCOJL,$$$\GBBKCOJL-1,,,1,1,1,Passive,,,,,,,,,,1
C:\Users\nvt10241\Downloads\Sheet1.SchDoc,NET_MEMBER,NET_MEMBER@NetK107_PB1_S1_5@PORT@PB1_F_S1@Output,NetK107_PB1_S1_5,PORT,PB1_F_S1,,,,,,,,,Output,,,,,,,,,CONNECTED,PB1_F_S1
C:\Users\nvt10241\Downloads\Sheet1.SchDoc,NET_MEMBER,NET_MEMBER@NetK107_PB1_S1_5@PIN@OFWXOJYV@$$$\OFWXOJYV-5,NetK107_PB1_S1_5,PIN,K107_PB1_S1.5,K107_PB1_S1,OFWXOJYV,$$$\OFWXOJYV-5,,,2,5,5,Passive,,,,,,,,,,5
C:\Users\nvt10241\Downloads\Sheet1.SchDoc,NET_MEMBER,NET_MEMBER@NetK107_PB1_S1_5@PIN@ITJZJNCA@$$$\ITJZJNCA-2,NetK107_PB1_S1_5,PIN,K147_PB1_OSC_S1.2,K147_PB1_OSC_S1,ITJZJNCA,$$$\ITJZJNCA-2,,,1,2,NO,Passive,,,,,,,,,,2
C:\Users\nvt10241\Downloads\Sheet1.SchDoc,NET_MEMBER,NET_MEMBER@NetK107_PB1_S1_5@PIN@CEHKBWTO@$$$\CEHKBWTO-1,NetK107_PB1_S1_5,PIN,R_PB1_S1.1,R_PB1_S1,CEHKBWTO,$$$\CEHKBWTO-1,,,1,1,1,Passive,,,,,,,,,,1
C:\Users\nvt10241\Downloads\Sheet1.SchDoc,NET_MEMBER,NET_MEMBER@NetK107_PB1_S1_5@PIN@FNKQCAPI@$$$\FNKQCAPI-1,NetK107_PB1_S1_5,PIN,TP_PB1_F_S1.1,TP_PB1_F_S1,FNKQCAPI,$$$\FNKQCAPI-1,,,1,1,1,Passive,,,,,,,,,,1
C:\Users\nvt10241\Downloads\Sheet1.SchDoc,NET_MEMBER,NET_MEMBER@NetK148_PC4_PD_S1_1@PIN@QNXHDRJJ@$$$\QNXHDRJJ-1,NetK148_PC4_PD_S1_1,PIN,K148_PC4_PD_S1.1,K148_PC4_PD_S1,QNXHDRJJ,$$$\QNXHDRJJ-1,,,1,1,COMMON,Passive,,,,,,,,,,1
C:\Users\nvt10241\Downloads\Sheet1.SchDoc,NET_MEMBER,NET_MEMBER@NetK148_PC4_PD_S1_1@PIN@UDESFHBD@$$$\UDESFHBD-2,NetK148_PC4_PD_S1_1,PIN,R_PC4_PD_S1.2,R_PC4_PD_S1,UDESFHBD,$$$\UDESFHBD-2,,,1,2,2,Passive,,,,,,,,,,2
C:\Users\nvt10241\Downloads\Sheet1.SchDoc,NET_MEMBER,NET_MEMBER@NetK149_PA1_PD_S1_1@PIN@MABIZNQR@$$$\MABIZNQR-1,NetK149_PA1_PD_S1_1,PIN,K149_PA1_PD_S1.1,K149_PA1_PD_S1,MABIZNQR,$$$\MABIZNQR-1,,,1,1,COMMON,Passive,,,,,,,,,,1
C:\Users\nvt10241\Downloads\Sheet1.SchDoc,NET_MEMBER,NET_MEMBER@NetK149_PA1_PD_S1_1@PIN@CVFVJELC@$$$\CVFVJELC-2,NetK149_PA1_PD_S1_1,PIN,R_PA1_PD_S1.2,R_PA1_PD_S1,CVFVJELC,$$$\CVFVJELC-2,,,1,2,2,Passive,,,,,,,,,,2
C:\Users\nvt10241\Downloads\Sheet1.SchDoc,NET_MEMBER,NET_MEMBER@NetK150_PA4_PD_S1_1@PIN@FZVQHHDF@$$$\FZVQHHDF-1,NetK150_PA4_PD_S1_1,PIN,K150_PA4_PD_S1.1,K150_PA4_PD_S1,FZVQHHDF,$$$\FZVQHHDF-1,,,1,1,COMMON,Passive,,,,,,,,,,1
C:\Users\nvt10241\Downloads\Sheet1.SchDoc,NET_MEMBER,NET_MEMBER@NetK150_PA4_PD_S1_1@PIN@NCYKWLNK@$$$\NCYKWLNK-2,NetK150_PA4_PD_S1_1,PIN,R_PA4_PD_S1.2,R_PA4_PD_S1,NCYKWLNK,$$$\NCYKWLNK-2,,,1,2,2,Passive,,,,,,,,,,2
C:\Users\nvt10241\Downloads\Sheet1.SchDoc,NET_MEMBER,NET_MEMBER@NetK151_NC_GND_S1S2_2@PORT@NC_S1@Output,NetK151_NC_GND_S1S2_2,PORT,NC_S1,,,,,,,,,Output,,,,,,,,,CONNECTED,NC_S1
C:\Users\nvt10241\Downloads\Sheet1.SchDoc,NET_MEMBER,NET_MEMBER@NetK151_NC_GND_S1S2_2@PIN@NEZGYWAF@$$$\NEZGYWAF-2,NetK151_NC_GND_S1S2_2,PIN,K151_NC_GND_S1S2.2,K151_NC_GND_S1S2,NEZGYWAF,$$$\NEZGYWAF-2,,,1,2,2,Passive,,,,,,,,,,2
C:\Users\nvt10241\Downloads\Sheet1.SchDoc,NET_MEMBER,NET_MEMBER@NetK151_NC_GND_S1S2_4@PIN@NEZGYWAF@$$$\NEZGYWAF-4,NetK151_NC_GND_S1S2_4,PIN,K151_NC_GND_S1S2.4,K151_NC_GND_S1S2,NEZGYWAF,$$$\NEZGYWAF-4,,,1,4,4,Passive,,,,,,,,,,4
C:\Users\nvt10241\Downloads\Sheet1.SchDoc,NET_MEMBER,NET_MEMBER@NetK154_BUSH_AMUX_S1_2@PIN@CYLEOHNE@$$$\CYLEOHNE-2,NetK154_BUSH_AMUX_S1_2,PIN,K154_BUSH_AMUX_S1.2,K154_BUSH_AMUX_S1,CYLEOHNE,$$$\CYLEOHNE-2,,,1,2,2,Passive,,,,,,,,,,2
C:\Users\nvt10241\Downloads\Sheet1.SchDoc,NET_MEMBER,NET_MEMBER@NetK154_BUSH_AMUX_S1_4@PORT@S3_FXVIe_PLUS_FH3@I/O,NetK154_BUSH_AMUX_S1_4,PORT,S3_FXVIe_PLUS_FH3,,,,,,,,,I/O,,,,,,,,,CONNECTED,S3_FXVIe_PLUS_FH3
C:\Users\nvt10241\Downloads\Sheet1.SchDoc,NET_MEMBER,NET_MEMBER@NetK154_BUSH_AMUX_S1_4@PIN@CYLEOHNE@$$$\CYLEOHNE-4,NetK154_BUSH_AMUX_S1_4,PIN,K154_BUSH_AMUX_S1.4,K154_BUSH_AMUX_S1,CYLEOHNE,$$$\CYLEOHNE-4,,,1,4,4,Passive,,,,,,,,,,4
C:\Users\nvt10241\Downloads\Sheet1.SchDoc,NET_MEMBER,NET_MEMBER@NetK154_BUSH_AMUX_S1_4@PIN@JBMLSPTE@$$$\JBMLSPTE-3,NetK154_BUSH_AMUX_S1_4,PIN,K155_FOVI_PGND_S1.3,K155_FOVI_PGND_S1,JBMLSPTE,$$$\JBMLSPTE-3,,,1,3,3,Passive,,,,,,,,,,3
C:\Users\nvt10241\Downloads\Sheet1.SchDoc,NET_MEMBER,NET_MEMBER@NetK154_BUSH_AMUX_S1_5@PORT@S3_FXVIe_PLUS_SH3@I/O,NetK154_BUSH_AMUX_S1_5,PORT,S3_FXVIe_PLUS_SH3,,,,,,,,,I/O,,,,,,,,,CONNECTED,S3_FXVIe_PLUS_SH3
C:\Users\nvt10241\Downloads\Sheet1.SchDoc,NET_MEMBER,NET_MEMBER@NetK154_BUSH_AMUX_S1_5@PIN@VGERNSZE@$$$\VGERNSZE-5,NetK154_BUSH_AMUX_S1_5,PIN,K154_BUSH_AMUX_S1.5,K154_BUSH_AMUX_S1,VGERNSZE,$$$\VGERNSZE-5,,,2,5,5,Passive,,,,,,,,,,5
C:\Users\nvt10241\Downloads\Sheet1.SchDoc,NET_MEMBER,NET_MEMBER@NetK154_BUSH_AMUX_S1_5@PIN@ZKSKPUGH@$$$\ZKSKPUGH-6,NetK154_BUSH_AMUX_S1_5,PIN,K155_FOVI_PGND_S1.6,K155_FOVI_PGND_S1,ZKSKPUGH,$$$\ZKSKPUGH-6,,,2,6,6,Passive,,,,,,,,,,6
C:\Users\nvt10241\Downloads\Sheet1.SchDoc,NET_MEMBER,NET_MEMBER@NetK154_BUSH_AMUX_S1_7@PIN@VGERNSZE@$$$\VGERNSZE-7,NetK154_BUSH_AMUX_S1_7,PIN,K154_BUSH_AMUX_S1.7,K154_BUSH_AMUX_S1,VGERNSZE,$$$\VGERNSZE-7,,,2,7,7,Passive,,,,,,,,,,7
C:\Users\nvt10241\Downloads\Sheet1.SchDoc,NET_MEMBER,NET_MEMBER@NetK20_AMUX_S1_4@PORT@AMUX_F_S1@Output,NetK20_AMUX_S1_4,PORT,AMUX_F_S1,,,,,,,,,Output,,,,,,,,,CONNECTED,AMUX_F_S1
C:\Users\nvt10241\Downloads\Sheet1.SchDoc,NET_MEMBER,NET_MEMBER@NetK20_AMUX_S1_4@PIN@KJMWIKUX@$$$\KJMWIKUX-4,NetK20_AMUX_S1_4,PIN,K20_AMUX_S1.4,K20_AMUX_S1,KJMWIKUX,$$$\KJMWIKUX-4,,,1,4,4,Passive,,,,,,,,,,4
C:\Users\nvt10241\Downloads\Sheet1.SchDoc,NET_MEMBER,NET_MEMBER@NetK20_AMUX_S1_4@PIN@JBMLSPTE@$$$\JBMLSPTE-2,NetK20_AMUX_S1_4,PIN,K155_FOVI_PGND_S1.2,K155_FOVI_PGND_S1,JBMLSPTE,$$$\JBMLSPTE-2,,,1,2,2,Passive,,,,,,,,,,2
C:\Users\nvt10241\Downloads\Sheet1.SchDoc,NET_MEMBER,NET_MEMBER@NetK20_AMUX_S1_4@PIN@FLBZTHSZ@$$$\FLBZTHSZ-1,NetK20_AMUX_S1_4,PIN,TP_AMUX_F_S1.1,TP_AMUX_F_S1,FLBZTHSZ,$$$\FLBZTHSZ-1,,,1,1,1,Passive,,,,,,,,,,1
C:\Users\nvt10241\Downloads\Sheet1.SchDoc,NET_MEMBER,NET_MEMBER@NetK20_AMUX_S1_5@PORT@AMUX_S_S1@Output,NetK20_AMUX_S1_5,PORT,AMUX_S_S1,,,,,,,,,Output,,,,,,,,,CONNECTED,AMUX_S_S1
C:\Users\nvt10241\Downloads\Sheet1.SchDoc,NET_MEMBER,NET_MEMBER@NetK20_AMUX_S1_5@PIN@UQTROUXR@$$$\UQTROUXR-5,NetK20_AMUX_S1_5,PIN,K20_AMUX_S1.5,K20_AMUX_S1,UQTROUXR,$$$\UQTROUXR-5,,,2,5,5,Passive,,,,,,,,,,5
C:\Users\nvt10241\Downloads\Sheet1.SchDoc,NET_MEMBER,NET_MEMBER@NetK20_AMUX_S1_5@PIN@ZKSKPUGH@$$$\ZKSKPUGH-7,NetK20_AMUX_S1_5,PIN,K155_FOVI_PGND_S1.7,K155_FOVI_PGND_S1,ZKSKPUGH,$$$\ZKSKPUGH-7,,,2,7,7,Passive,,,,,,,,,,7
C:\Users\nvt10241\Downloads\Sheet1.SchDoc,NET_MEMBER,NET_MEMBER@NetK20_AMUX_S1_5@PIN@VVWDXIHG@$$$\VVWDXIHG-2,NetK20_AMUX_S1_5,PIN,R_AMUX_S1.2,R_AMUX_S1,VVWDXIHG,$$$\VVWDXIHG-2,,,1,2,2,Passive,,,,,,,,,,2
C:\Users\nvt10241\Downloads\Sheet1.SchDoc,NET_MEMBER,NET_MEMBER@NetK20_AMUX_S1_5@PIN@QPCQIMTH@$$$\QPCQIMTH-1,NetK20_AMUX_S1_5,PIN,TP_AMUX_S_S1.1,TP_AMUX_S_S1,QPCQIMTH,$$$\QPCQIMTH-1,,,1,1,1,Passive,,,,,,,,,,1
C:\Users\nvt10241\Downloads\Sheet1.SchDoc,NET_MEMBER,NET_MEMBER@NetK156_BUS_FH_VCN_S1_2@PORT@S5_ACM200_FH11@I/O,NetK156_BUS_FH_VCN_S1_2,PORT,S5_ACM200_FH11,,,,,,,,,I/O,,,,,,,,,CONNECTED,S5_ACM200_FH11
C:\Users\nvt10241\Downloads\Sheet1.SchDoc,NET_MEMBER,NET_MEMBER@NetK156_BUS_FH_VCN_S1_2@PIN@PSHGFUYS@$$$\PSHGFUYS-2,NetK156_BUS_FH_VCN_S1_2,PIN,K156_BUS_FH_VCN_S1.2,K156_BUS_FH_VCN_S1,PSHGFUYS,$$$\PSHGFUYS-2,,,1,2,NO,Passive,,,,,,,,,,2
C:\Users\nvt10241\Downloads\Sheet1.SchDoc,NET_MEMBER,NET_MEMBER@NetK156_BUS_FH_VCN_S1_2@PIN@GGHCTHYD@$$$\GGHCTHYD-6,NetK156_BUS_FH_VCN_S1_2,PIN,K157_COMP_S1.6,K157_COMP_S1,GGHCTHYD,$$$\GGHCTHYD-6,,,2,6,6,Passive,,,,,,,,,,6
C:\Users\nvt10241\Downloads\Sheet1.SchDoc,NET_MEMBER,NET_MEMBER@NetK156_BUS_SH_VCN_S1_2@PORT@S5_ACM200_SH11@I/O,NetK156_BUS_SH_VCN_S1_2,PORT,S5_ACM200_SH11,,,,,,,,,I/O,,,,,,,,,CONNECTED,S5_ACM200_SH11
C:\Users\nvt10241\Downloads\Sheet1.SchDoc,NET_MEMBER,NET_MEMBER@NetK156_BUS_SH_VCN_S1_2@PIN@FHFHTHZG@$$$\FHFHTHZG-2,NetK156_BUS_SH_VCN_S1_2,PIN,K156_BUS_SH_VCN_S1.2,K156_BUS_SH_VCN_S1,FHFHTHZG,$$$\FHFHTHZG-2,,,1,2,NO,Passive,,,,,,,,,,2
C:\Users\nvt10241\Downloads\Sheet1.SchDoc,NET_MEMBER,NET_MEMBER@NetK156_BUS_SH_VCN_S1_2@PIN@IXNUNQBU@$$$\IXNUNQBU-3,NetK156_BUS_SH_VCN_S1_2,PIN,K157_COMP_S1.3,K157_COMP_S1,IXNUNQBU,$$$\IXNUNQBU-3,,,1,3,3,Passive,,,,,,,,,,3
C:\Users\nvt10241\Downloads\Sheet1.SchDoc,NET_MEMBER,NET_MEMBER@NetK157_COMP_S1_2@PORT@VCN_S_S1@Output,NetK157_COMP_S1_2,PORT,VCN_S_S1,,,,,,,,,Output,,,,,,,,,CONNECTED,VCN_S_S1
C:\Users\nvt10241\Downloads\Sheet1.SchDoc,NET_MEMBER,NET_MEMBER@NetK157_COMP_S1_2@PIN@IXNUNQBU@$$$\IXNUNQBU-2,NetK157_COMP_S1_2,PIN,K157_COMP_S1.2,K157_COMP_S1,IXNUNQBU,$$$\IXNUNQBU-2,,,1,2,2,Passive,,,,,,,,,,2
C:\Users\nvt10241\Downloads\Sheet1.SchDoc,NET_MEMBER,NET_MEMBER@NetK157_COMP_S1_2@PIN@UBHFOGQP@$$$\UBHFOGQP-2,NetK157_COMP_S1_2,PIN,R_VCN_S1.2,R_VCN_S1,UBHFOGQP,$$$\UBHFOGQP-2,,,1,2,2,Passive,,,,,,,,,,2
C:\Users\nvt10241\Downloads\Sheet1.SchDoc,NET_MEMBER,NET_MEMBER@NetK157_COMP_S1_2@PIN@NGPAEYTL@$$$\NGPAEYTL-1,NetK157_COMP_S1_2,PIN,TP_VCN_S_S1.1,TP_VCN_S_S1,NGPAEYTL,$$$\NGPAEYTL-1,,,1,1,1,Passive,,,,,,,,,,1
C:\Users\nvt10241\Downloads\Sheet1.SchDoc,NET_MEMBER,NET_MEMBER@NetK157_COMP_S1_4@PORT@COMP_S_S1@Output,NetK157_COMP_S1_4,PORT,COMP_S_S1,,,,,,,,,Output,,,,,,,,,CONNECTED,COMP_S_S1
C:\Users\nvt10241\Downloads\Sheet1.SchDoc,NET_MEMBER,NET_MEMBER@NetK157_COMP_S1_4@PIN@IXNUNQBU@$$$\IXNUNQBU-4,NetK157_COMP_S1_4,PIN,K157_COMP_S1.4,K157_COMP_S1,IXNUNQBU,$$$\IXNUNQBU-4,,,1,4,4,Passive,,,,,,,,,,4
C:\Users\nvt10241\Downloads\Sheet1.SchDoc,NET_MEMBER,NET_MEMBER@NetK157_COMP_S1_4@PIN@ZRYRKYAG@$$$\ZRYRKYAG-2,NetK157_COMP_S1_4,PIN,R_COMP_S1.2,R_COMP_S1,ZRYRKYAG,$$$\ZRYRKYAG-2,,,1,2,2,Passive,,,,,,,,,,2
C:\Users\nvt10241\Downloads\Sheet1.SchDoc,NET_MEMBER,NET_MEMBER@NetK157_COMP_S1_4@PIN@QLTTDEMW@$$$\QLTTDEMW-1,NetK157_COMP_S1_4,PIN,TP_COMP_S_S1.1,TP_COMP_S_S1,QLTTDEMW,$$$\QLTTDEMW-1,,,1,1,1,Passive,,,,,,,,,,1
C:\Users\nvt10241\Downloads\Sheet1.SchDoc,NET_MEMBER,NET_MEMBER@NetK157_COMP_S1_7@PORT@VCN_F_S1@Output,NetK157_COMP_S1_7,PORT,VCN_F_S1,,,,,,,,,Output,,,,,,,,,CONNECTED,VCN_F_S1
C:\Users\nvt10241\Downloads\Sheet1.SchDoc,NET_MEMBER,NET_MEMBER@NetK157_COMP_S1_7@PIN@GGHCTHYD@$$$\GGHCTHYD-7,NetK157_COMP_S1_7,PIN,K157_COMP_S1.7,K157_COMP_S1,GGHCTHYD,$$$\GGHCTHYD-7,,,2,7,7,Passive,,,,,,,,,,7
C:\Users\nvt10241\Downloads\Sheet1.SchDoc,NET_MEMBER,NET_MEMBER@NetK157_COMP_S1_7@PIN@QFWIYHSV@$$$\QFWIYHSV-2,NetK157_COMP_S1_7,PIN,R_VCN_FOS_S1.2,R_VCN_FOS_S1,QFWIYHSV,$$$\QFWIYHSV-2,,,1,2,2,Passive,,,,,,,,,,2
C:\Users\nvt10241\Downloads\Sheet1.SchDoc,NET_MEMBER,NET_MEMBER@NetK157_COMP_S1_7@PIN@UBHFOGQP@$$$\UBHFOGQP-1,NetK157_COMP_S1_7,PIN,R_VCN_S1.1,R_VCN_S1,UBHFOGQP,$$$\UBHFOGQP-1,,,1,1,1,Passive,,,,,,,,,,1
C:\Users\nvt10241\Downloads\Sheet1.SchDoc,NET_MEMBER,NET_MEMBER@NetK157_COMP_S1_7@PIN@SVHUCZQB@$$$\SVHUCZQB-1,NetK157_COMP_S1_7,PIN,TP_VCN_F_S1.1,TP_VCN_F_S1,SVHUCZQB,$$$\SVHUCZQB-1,,,1,1,1,Passive,,,,,,,,,,1
C:\Users\nvt10241\Downloads\Sheet1.SchDoc,NET_MEMBER,NET_MEMBER@NetEEPROM_8@PORT@S34_J+5V@I/O,NetEEPROM_8,PORT,S34_J+5V,,,,,,,,,I/O,,,,,,,,,CONNECTED,S34_J+5V
C:\Users\nvt10241\Downloads\Sheet1.SchDoc,NET_MEMBER,NET_MEMBER@NetEEPROM_8@PIN@UGOLPSRX@$$$\UGOLPSRX-8,NetEEPROM_8,PIN,EEPROM.8,EEPROM,UGOLPSRX,$$$\UGOLPSRX-8,,,1,8,VCC,Passive,,,,,,,,,,8
C:\Users\nvt10241\Downloads\Sheet1.SchDoc,NET_MEMBER,NET_MEMBER@NetEEPROM_8@PIN@TOJXMBIH@$$$\TOJXMBIH-1,NetEEPROM_8,PIN,R1E.1,R1E,TOJXMBIH,$$$\TOJXMBIH-1,,,1,1,1,Passive,,,,,,,,,,1
C:\Users\nvt10241\Downloads\Sheet1.SchDoc,NET_MEMBER,NET_MEMBER@NetEEPROM_8@PIN@RCJILLFD@$$$\RCJILLFD-1,NetEEPROM_8,PIN,R2E.1,R2E,RCJILLFD,$$$\RCJILLFD-1,,,1,1,1,Passive,,,,,,,,,,1
C:\Users\nvt10241\Downloads\Sheet1.SchDoc,NET_MEMBER,NET_MEMBER@NetR2_S1_2@PIN@SYHVODML@$$$\SYHVODML-2,NetR2_S1_2,PIN,R2_S1.2,R2_S1,SYHVODML,$$$\SYHVODML-2,,,1,2,2,Passive,,,,,,,,,,2
C:\Users\nvt10241\Downloads\Sheet1.SchDoc,NET_MEMBER,NET_MEMBER@NetR2_S1_2@PIN@JUHPKNMN@$$$\JUHPKNMN-1,NetR2_S1_2,PIN,R3_S1.1,R3_S1,JUHPKNMN,$$$\JUHPKNMN-1,,,1,1,1,Passive,,,,,,,,,,1
C:\Users\nvt10241\Downloads\Sheet1.SchDoc,NET_MEMBER,NET_MEMBER@NetR2_S1_2@PIN@KUNTSGNL@$$$\KUNTSGNL-OUT,NetR2_S1_2,PIN,U4_S1.OUT,U4_S1,KUNTSGNL,$$$\KUNTSGNL-OUT,,,1,OUT,1,Passive,,,,,,,,,,OUT
C:\Users\nvt10241\Downloads\Sheet1.SchDoc,NET_MEMBER,NET_MEMBER@NetR4_S1_1@PIN@REWEXYRE@$$$\REWEXYRE-1,NetR4_S1_1,PIN,R4_S1.1,R4_S1,REWEXYRE,$$$\REWEXYRE-1,,,1,1,1,Passive,,,,,,,,,,1
C:\Users\nvt10241\Downloads\Sheet1.SchDoc,NET_MEMBER,NET_MEMBER@NetR4_S1_1@PIN@VHAKFKWZ@$$$\VHAKFKWZ-1,NetR4_S1_1,PIN,R5_S1.1,R5_S1,VHAKFKWZ,$$$\VHAKFKWZ-1,,,1,1,1,Passive,,,,,,,,,,1
C:\Users\nvt10241\Downloads\Sheet1.SchDoc,NET_MEMBER,NET_MEMBER@NetR4_S1_1@PIN@SGSMLWIQ@$$$\SGSMLWIQ--IN,NetR4_S1_1,PIN,U2_S1.-IN,U2_S1,SGSMLWIQ,$$$\SGSMLWIQ--IN,,,1,#NAME?,4,Passive,,,,,,,,,,#NAME?
C:\Users\nvt10241\Downloads\Sheet1.SchDoc,NET_MEMBER,NET_MEMBER@NetR5_S1_2@PIN@VHAKFKWZ@$$$\VHAKFKWZ-2,NetR5_S1_2,PIN,R5_S1.2,R5_S1,VHAKFKWZ,$$$\VHAKFKWZ-2,,,1,2,2,Passive,,,,,,,,,,2
C:\Users\nvt10241\Downloads\Sheet1.SchDoc,NET_MEMBER,NET_MEMBER@NetR5_S1_2@PIN@TMRFODOD@$$$\TMRFODOD-1,NetR5_S1_2,PIN,R6_S1.1,R6_S1,TMRFODOD,$$$\TMRFODOD-1,,,1,1,1,Passive,,,,,,,,,,1
C:\Users\nvt10241\Downloads\Sheet1.SchDoc,NET_MEMBER,NET_MEMBER@NetR5_S1_2@PIN@SGSMLWIQ@$$$\SGSMLWIQ-OUT,NetR5_S1_2,PIN,U2_S1.OUT,U2_S1,SGSMLWIQ,$$$\SGSMLWIQ-OUT,,,1,OUT,1,Passive,,,,,,,,,,OUT
C:\Users\nvt10241\Downloads\Sheet1.SchDoc,NET_MEMBER,NET_MEMBER@NetTP_HG1_S_S1_1@PIN@WQOERUNE@$$$\WQOERUNE-1,NetTP_HG1_S_S1_1,PIN,TP_HG1_S_S1.1,TP_HG1_S_S1,WQOERUNE,$$$\WQOERUNE-1,,,1,1,1,Passive,,,,,,,,,,1
C:\Users\nvt10241\Downloads\Sheet1.SchDoc,NET_MEMBER,NET_MEMBER@NetU1_S1_NC@PIN@XYXAFCIB@$$$\XYXAFCIB-NC,NetU1_S1_NC,PIN,U1_S1.NC,U1_S1,XYXAFCIB,$$$\XYXAFCIB-NC,,,1,NC,3,Passive,,,,,,,,,,NC
C:\Users\nvt10241\Downloads\Sheet1.SchDoc,NET_MEMBER,NET_MEMBER@PA5_FORCE_S1@NET_LABEL@PA5_FORCE_S1@PA5_FORCE_S1,PA5_FORCE_S1,NET_LABEL,PA5_FORCE_S1,,,,,,,,,Passive,,,,,,,,,,PA5_FORCE_S1
C:\Users\nvt10241\Downloads\Sheet1.SchDoc,NET_MEMBER,NET_MEMBER@PA5_FORCE_S1@PIN@JCSDECAJ@$$$\JCSDECAJ-2,PA5_FORCE_S1,PIN,K72_PA5_F_S1.2,K72_PA5_F_S1,JCSDECAJ,$$$\JCSDECAJ-2,,,1,2,NO,Passive,,,,,,,,,,2
C:\Users\nvt10241\Downloads\Sheet1.SchDoc,NET_MEMBER,NET_MEMBER@PA5_FORCE_S1@PIN@AQBMJNLN@$$$\AQBMJNLN-2,PA5_FORCE_S1,PIN,R_PA5_F_S1.2,R_PA5_F_S1,AQBMJNLN,$$$\AQBMJNLN-2,,,1,2,2,Passive,,,,,,,,,,2
C:\Users\nvt10241\Downloads\Sheet1.SchDoc,NET_MEMBER,NET_MEMBER@PA5_SENSE_S1@NET_LABEL@PA5_SENSE_S1@PA5_SENSE_S1,PA5_SENSE_S1,NET_LABEL,PA5_SENSE_S1,,,,,,,,,Passive,,,,,,,,,,PA5_SENSE_S1
C:\Users\nvt10241\Downloads\Sheet1.SchDoc,NET_MEMBER,NET_MEMBER@PA5_SENSE_S1@PIN@OLZPSRIU@$$$\OLZPSRIU-2,PA5_SENSE_S1,PIN,K80_PA5_S_S1.2,K80_PA5_S_S1,OLZPSRIU,$$$\OLZPSRIU-2,,,1,2,NO,Passive,,,,,,,,,,2
C:\Users\nvt10241\Downloads\Sheet1.SchDoc,NET_MEMBER,NET_MEMBER@PA5_SENSE_S1@PIN@HKMEHJZF@$$$\HKMEHJZF-2,PA5_SENSE_S1,PIN,R_PA5_S_S1.2,R_PA5_S_S1,HKMEHJZF,$$$\HKMEHJZF-2,,,1,2,2,Passive,,,,,,,,,,2
C:\Users\nvt10241\Downloads\Sheet1.SchDoc,NET_MEMBER,NET_MEMBER@PB5_FORCE_S1@NET_LABEL@PB5_FORCE_S1@PB5_FORCE_S1,PB5_FORCE_S1,NET_LABEL,PB5_FORCE_S1,,,,,,,,,Passive,,,,,,,,,,PB5_FORCE_S1
C:\Users\nvt10241\Downloads\Sheet1.SchDoc,NET_MEMBER,NET_MEMBER@PB5_FORCE_S1@PIN@OQMDYRAQ@$$$\OQMDYRAQ-2,PB5_FORCE_S1,PIN,K69_PB5_F_S1.2,K69_PB5_F_S1,OQMDYRAQ,$$$\OQMDYRAQ-2,,,1,2,NO,Passive,,,,,,,,,,2
C:\Users\nvt10241\Downloads\Sheet1.SchDoc,NET_MEMBER,NET_MEMBER@PB5_FORCE_S1@PIN@TGTGWUVE@$$$\TGTGWUVE-2,PB5_FORCE_S1,PIN,K169_PB5_F_S1.2,K169_PB5_F_S1,TGTGWUVE,$$$\TGTGWUVE-2,,,1,2,NO,Passive,,,,,,,,,,2
C:\Users\nvt10241\Downloads\Sheet1.SchDoc,NET_MEMBER,NET_MEMBER@PB5_FORCE_S1@PIN@ORFGJMDF@$$$\ORFGJMDF-2,PB5_FORCE_S1,PIN,R_PB5_FOS_S1.2,R_PB5_FOS_S1,ORFGJMDF,$$$\ORFGJMDF-2,,,1,2,2,Passive,,,,,,,,,,2
C:\Users\nvt10241\Downloads\Sheet1.SchDoc,NET_MEMBER,NET_MEMBER@PB5_SENSE_S1@NET_LABEL@PB5_SENSE_S1@PB5_SENSE_S1,PB5_SENSE_S1,NET_LABEL,PB5_SENSE_S1,,,,,,,,,Passive,,,,,,,,,,PB5_SENSE_S1
C:\Users\nvt10241\Downloads\Sheet1.SchDoc,NET_MEMBER,NET_MEMBER@PB5_SENSE_S1@PIN@MOQFHENL@$$$\MOQFHENL-2,PB5_SENSE_S1,PIN,K78_PB5_S_S1.2,K78_PB5_S_S1,MOQFHENL,$$$\MOQFHENL-2,,,1,2,NO,Passive,,,,,,,,,,2
C:\Users\nvt10241\Downloads\Sheet1.SchDoc,NET_MEMBER,NET_MEMBER@PB5_SENSE_S1@PIN@REQLVFVL@$$$\REQLVFVL-2,PB5_SENSE_S1,PIN,R_PB5_SNS_S1.2,R_PB5_SNS_S1,REQLVFVL,$$$\REQLVFVL-2,,,1,2,2,Passive,,,,,,,,,,2
C:\Users\nvt10241\Downloads\Sheet1.SchDoc,NET_MEMBER,NET_MEMBER@PU_PS_S1@NET_LABEL@PU_PS_S1@PU_PS_S1,PU_PS_S1,NET_LABEL,PU_PS_S1,,,,,,,,,Passive,,,,,,,,,,PU_PS_S1
C:\Users\nvt10241\Downloads\Sheet1.SchDoc,NET_MEMBER,NET_MEMBER@PU_PS_S1@PIN@LFJPFRVT@$$$\LFJPFRVT-2,PU_PS_S1,PIN,K103_PA0_PU_S1.2,K103_PA0_PU_S1,LFJPFRVT,$$$\LFJPFRVT-2,,,1,2,NO,Passive,,,,,,,,,,2
C:\Users\nvt10241\Downloads\Sheet1.SchDoc,NET_MEMBER,NET_MEMBER@PU_PS_S1@PIN@UDETFUNE@$$$\UDETFUNE-2,PU_PS_S1,PIN,K108_PA1_PU_S1.2,K108_PA1_PU_S1,UDETFUNE,$$$\UDETFUNE-2,,,1,2,NO,Passive,,,,,,,,,,2
C:\Users\nvt10241\Downloads\Sheet1.SchDoc,NET_MEMBER,NET_MEMBER@PU_PS_S1@PIN@ICEDYFRD@$$$\ICEDYFRD-2,PU_PS_S1,PIN,K113_PA6_PU_S1.2,K113_PA6_PU_S1,ICEDYFRD,$$$\ICEDYFRD-2,,,1,2,NO,Passive,,,,,,,,,,2
C:\Users\nvt10241\Downloads\Sheet1.SchDoc,NET_MEMBER,NET_MEMBER@PU_PS_S1@PIN@YIEQMFYH@$$$\YIEQMFYH-2,PU_PS_S1,PIN,K122_PA7_PU_S1.2,K122_PA7_PU_S1,YIEQMFYH,$$$\YIEQMFYH-2,,,1,2,NO,Passive,,,,,,,,,,2
C:\Users\nvt10241\Downloads\Sheet1.SchDoc,NET_MEMBER,NET_MEMBER@PU_PS_S1@PIN@FSTKCWQK@$$$\FSTKCWQK-2,PU_PS_S1,PIN,K128_PU_PS_S1.2,K128_PU_PS_S1,FSTKCWQK,$$$\FSTKCWQK-2,,,1,2,NO,Passive,,,,,,,,,,2
C:\Users\nvt10241\Downloads\Sheet1.SchDoc,NET_MEMBER,NET_MEMBER@PU_PS_S1@PIN@CXUHAZNK@$$$\CXUHAZNK-1,PU_PS_S1,PIN,TP_PU_PS_S1.1,TP_PU_PS_S1,CXUHAZNK,$$$\CXUHAZNK-1,,,1,1,1,Passive,,,,,,,,,,1
C:\Users\nvt10241\Downloads\Sheet1.SchDoc,NET_MEMBER,NET_MEMBER@Qpoint_S1@NET_LABEL@Qpoint_S1@Qpoint_S1,Qpoint_S1,NET_LABEL,Qpoint_S1,,,,,,,,,Passive,,,,,,,,,,Qpoint_S1
C:\Users\nvt10241\Downloads\Sheet1.SchDoc,NET_MEMBER,NET_MEMBER@Qpoint_S1@PIN@YBLYWCRZ@$$$\YBLYWCRZ-4,Qpoint_S1,PIN,K97_Qpoint_S1.4,K97_Qpoint_S1,YBLYWCRZ,$$$\YBLYWCRZ-4,,,1,4,4,Passive,,,,,,,,,,4
C:\Users\nvt10241\Downloads\Sheet1.SchDoc,NET_MEMBER,NET_MEMBER@Qpoint_S1@PIN@OBZMJEPR@$$$\OBZMJEPR-5,Qpoint_S1,PIN,K97_Qpoint_S1.5,K97_Qpoint_S1,OBZMJEPR,$$$\OBZMJEPR-5,,,2,5,5,Passive,,,,,,,,,,5
C:\Users\nvt10241\Downloads\Sheet1.SchDoc,NET_MEMBER,NET_MEMBER@Qpoint_S1@PIN@REWEXYRE@$$$\REWEXYRE-2,Qpoint_S1,PIN,R4_S1.2,R4_S1,REWEXYRE,$$$\REWEXYRE-2,,,1,2,2,Passive,,,,,,,,,,2
C:\Users\nvt10241\Downloads\Sheet1.SchDoc,NET_MEMBER,NET_MEMBER@Qpoint_S1@PIN@KUNTSGNL@$$$\KUNTSGNL-+IN,Qpoint_S1,PIN,U4_S1.+IN,U4_S1,KUNTSGNL,$$$\KUNTSGNL-+IN,,,1,#NAME?,3,Passive,,,,,,,,,,#NAME?
C:\Users\nvt10241\Downloads\Sheet1.SchDoc,NET_MEMBER,NET_MEMBER@S34_J+5V@POWER_PORT@S34_J+5V@S34_J+5V,S34_J+5V,POWER_PORT,S34_J+5V,,,,,,,,,Power,,,,,,,,,,S34_J+5V
C:\Users\nvt10241\Downloads\Sheet1.SchDoc,NET_MEMBER,NET_MEMBER@S34_J+5V@PIN@HBBWNCKG@$$$\HBBWNCKG-2,S34_J+5V,PIN,K34_SCL_PU_S1.2,K34_SCL_PU_S1,HBBWNCKG,$$$\HBBWNCKG-2,,,1,2,NO,Passive,,,,,,,,,,2
C:\Users\nvt10241\Downloads\Sheet1.SchDoc,NET_MEMBER,NET_MEMBER@S34_J+5V@PIN@ZBXMABJY@$$$\ZBXMABJY-2,S34_J+5V,PIN,K63_SDA_PU_S1.2,K63_SDA_PU_S1,ZBXMABJY,$$$\ZBXMABJY-2,,,1,2,NO,Passive,,,,,,,,,,2
C:\Users\nvt10241\Downloads\Sheet1.SchDoc,NET_MEMBER,NET_MEMBER@S34_J+5V@PIN@OGAHTFYE@$$$\OGAHTFYE-1,S34_J+5V,PIN,R_nQON_PU_S1.1,R_nQON_PU_S1,OGAHTFYE,$$$\OGAHTFYE-1,,,1,1,1,Passive,,,,,,,,,,1
C:\Users\nvt10241\Downloads\Sheet1.SchDoc,NET_MEMBER,NET_MEMBER@U1_AMP_PS_S1@NET_LABEL@U1_AMP_PS_S1@U1_AMP_PS_S1,U1_AMP_PS_S1,NET_LABEL,U1_AMP_PS_S1,,,,,,,,,Passive,,,,,,,,,,U1_AMP_PS_S1
C:\Users\nvt10241\Downloads\Sheet1.SchDoc,NET_MEMBER,NET_MEMBER@U1_AMP_PS_S1@PIN@JJOOQHSR@$$$\JJOOQHSR-1,U1_AMP_PS_S1,PIN,CL_S1.1,CL_S1,JJOOQHSR,$$$\JJOOQHSR-1,,,1,1,1,Passive,,,,,,,,,,1
C:\Users\nvt10241\Downloads\Sheet1.SchDoc,NET_MEMBER,NET_MEMBER@U1_AMP_PS_S1@PIN@ECXTZGGS@$$$\ECXTZGGS-1,U1_AMP_PS_S1,PIN,CS_S1.1,CS_S1,ECXTZGGS,$$$\ECXTZGGS-1,,,1,1,1,Passive,,,,,,,,,,1
C:\Users\nvt10241\Downloads\Sheet1.SchDoc,NET_MEMBER,NET_MEMBER@U1_AMP_PS_S1@PIN@RWJGBOWT@$$$\RWJGBOWT-4,U1_AMP_PS_S1,PIN,K42_AMP_PS_S1.4,K42_AMP_PS_S1,RWJGBOWT,$$$\RWJGBOWT-4,,,1,4,4,Passive,,,,,,,,,,4
C:\Users\nvt10241\Downloads\Sheet1.SchDoc,NET_MEMBER,NET_MEMBER@U1_AMP_PS_S1@PIN@DIWXDQES@$$$\DIWXDQES-5,U1_AMP_PS_S1,PIN,K42_AMP_PS_S1.5,K42_AMP_PS_S1,DIWXDQES,$$$\DIWXDQES-5,,,2,5,5,Passive,,,,,,,,,,5
C:\Users\nvt10241\Downloads\Sheet1.SchDoc,NET_MEMBER,NET_MEMBER@U1_AMP_PS_S1@PIN@JRXRWEZE@$$$\JRXRWEZE-4,U1_AMP_PS_S1,PIN,K74_GAIN1_SEL_S1S2.4,K74_GAIN1_SEL_S1S2,JRXRWEZE,$$$\JRXRWEZE-4,,,1,4,4,Passive,,,,,,,,,,4
C:\Users\nvt10241\Downloads\Sheet1.SchDoc,NET_MEMBER,NET_MEMBER@U1_AMP_PS_S1@PIN@NFHUZEWI@$$$\NFHUZEWI-4,U1_AMP_PS_S1,PIN,K75_GAIN2_SEL_S1S2.4,K75_GAIN2_SEL_S1S2,NFHUZEWI,$$$\NFHUZEWI-4,,,1,4,4,Passive,,,,,,,,,,4
C:\Users\nvt10241\Downloads\Sheet1.SchDoc,NET_MEMBER,NET_MEMBER@U1_AMP_PS_S1@PIN@XYXAFCIB@$$$\XYXAFCIB-VDD,U1_AMP_PS_S1,PIN,U1_S1.VDD,U1_S1,XYXAFCIB,$$$\XYXAFCIB-VDD,,,1,VDD,6,Passive,,,,,,,,,,VDD
C:\Users\nvt10241\Downloads\Sheet1.SchDoc,NET_MEMBER,NET_MEMBER@U1_AMP_REF_S1@NET_LABEL@U1_AMP_REF_S1@U1_AMP_REF_S1,U1_AMP_REF_S1,NET_LABEL,U1_AMP_REF_S1,,,,,,,,,Passive,,,,,,,,,,U1_AMP_REF_S1
C:\Users\nvt10241\Downloads\Sheet1.SchDoc,NET_MEMBER,NET_MEMBER@U1_AMP_REF_S1@PIN@SAUABOUZ@$$$\SAUABOUZ-2,U1_AMP_REF_S1,PIN,K76_ACM_BST_S1.2,K76_ACM_BST_S1,SAUABOUZ,$$$\SAUABOUZ-2,,,1,2,2,Passive,,,,,,,,,,2
C:\Users\nvt10241\Downloads\Sheet1.SchDoc,NET_MEMBER,NET_MEMBER@U1_AMP_REF_S1@PIN@CNKFWDEK@$$$\CNKFWDEK-7,U1_AMP_REF_S1,PIN,K76_ACM_BST_S1.7,K76_ACM_BST_S1,CNKFWDEK,$$$\CNKFWDEK-7,,,2,7,7,Passive,,,,,,,,,,7
C:\Users\nvt10241\Downloads\Sheet1.SchDoc,NET_MEMBER,NET_MEMBER@U1_AMP_REF_S1@PIN@XYXAFCIB@$$$\XYXAFCIB-REF1,U1_AMP_REF_S1,PIN,U1_S1.REF1,U1_S1,XYXAFCIB,$$$\XYXAFCIB-REF1,,,1,REF1,8,Passive,,,,,,,,,,REF1
C:\Users\nvt10241\Downloads\Sheet1.SchDoc,NET_MEMBER,NET_MEMBER@U1_AMP_REF_S1@PIN@XYXAFCIB@$$$\XYXAFCIB-REF2,U1_AMP_REF_S1,PIN,U1_S1.REF2,U1_S1,XYXAFCIB,$$$\XYXAFCIB-REF2,,,1,REF2,7,Passive,,,,,,,,,,REF2
C:\Users\nvt10241\Downloads\Sheet1.SchDoc,NET_MEMBER,NET_MEMBER@U2_PS_S1@NET_LABEL@U2_PS_S1@U2_PS_S1,U2_PS_S1,NET_LABEL,U2_PS_S1,,,,,,,,,Passive,,,,,,,,,,U2_PS_S1
C:\Users\nvt10241\Downloads\Sheet1.SchDoc,NET_MEMBER,NET_MEMBER@U2_PS_S1@PIN@GMHXWFFE@$$$\GMHXWFFE-2,U2_PS_S1,PIN,C8_PWR_S1.2,C8_PWR_S1,GMHXWFFE,$$$\GMHXWFFE-2,,,1,2,2,Passive,,,,,,,,,,2
C:\Users\nvt10241\Downloads\Sheet1.SchDoc,NET_MEMBER,NET_MEMBER@U2_PS_S1@PIN@VVUEZULG@$$$\VVUEZULG-2,U2_PS_S1,PIN,K127_U2_PS_S1.2,K127_U2_PS_S1,VVUEZULG,$$$\VVUEZULG-2,,,1,2,NO,Passive,,,,,,,,,,2
C:\Users\nvt10241\Downloads\Sheet1.SchDoc,NET_MEMBER,NET_MEMBER@U2_PS_S1@PIN@DZUBLTNR@$$$\DZUBLTNR-1,U2_PS_S1,PIN,TP_U2_PS_S1.1,TP_U2_PS_S1,DZUBLTNR,$$$\DZUBLTNR-1,,,1,1,1,Passive,,,,,,,,,,1
C:\Users\nvt10241\Downloads\Sheet1.SchDoc,NET_MEMBER,NET_MEMBER@U2_PS_S1@PIN@SGSMLWIQ@$$$\SGSMLWIQ-V+,U2_PS_S1,PIN,U2_S1.V+,U2_S1,SGSMLWIQ,$$$\SGSMLWIQ-V+,,,1,V+,5,Passive,,,,,,,,,,V+
C:\Users\nvt10241\Downloads\Sheet1.SchDoc,NET_MEMBER,NET_MEMBER@U34_PS_S1@NET_LABEL@U34_PS_S1@U34_PS_S1,U34_PS_S1,NET_LABEL,U34_PS_S1,,,,,,,,,Passive,,,,,,,,,,U34_PS_S1
C:\Users\nvt10241\Downloads\Sheet1.SchDoc,NET_MEMBER,NET_MEMBER@U34_PS_S1@PIN@ZIININHL@$$$\ZIININHL-2,U34_PS_S1,PIN,C3_PWR_S1.2,C3_PWR_S1,ZIININHL,$$$\ZIININHL-2,,,1,2,2,Passive,,,,,,,,,,2
C:\Users\nvt10241\Downloads\Sheet1.SchDoc,NET_MEMBER,NET_MEMBER@U34_PS_S1@PIN@AHQCBTSE@$$$\AHQCBTSE-2,U34_PS_S1,PIN,C6_PWR_S1.2,C6_PWR_S1,AHQCBTSE,$$$\AHQCBTSE-2,,,1,2,2,Passive,,,,,,,,,,2
C:\Users\nvt10241\Downloads\Sheet1.SchDoc,NET_MEMBER,NET_MEMBER@U34_PS_S1@PIN@RZVGOEDT@$$$\RZVGOEDT-4,U34_PS_S1,PIN,K125_U34_PS_S1.4,K125_U34_PS_S1,RZVGOEDT,$$$\RZVGOEDT-4,,,1,4,4,Passive,,,,,,,,,,4
C:\Users\nvt10241\Downloads\Sheet1.SchDoc,NET_MEMBER,NET_MEMBER@U34_PS_S1@PIN@LJPHCEDL@$$$\LJPHCEDL-5,U34_PS_S1,PIN,K125_U34_PS_S1.5,K125_U34_PS_S1,LJPHCEDL,$$$\LJPHCEDL-5,,,2,5,5,Passive,,,,,,,,,,5
C:\Users\nvt10241\Downloads\Sheet1.SchDoc,NET_MEMBER,NET_MEMBER@U34_PS_S1@PIN@YDTAVYWD@$$$\YDTAVYWD-1,U34_PS_S1,PIN,TP_U34_PS_S1.1,TP_U34_PS_S1,YDTAVYWD,$$$\YDTAVYWD-1,,,1,1,1,Passive,,,,,,,,,,1
C:\Users\nvt10241\Downloads\Sheet1.SchDoc,NET_MEMBER,NET_MEMBER@U34_PS_S1@PIN@DJUKEAEC@$$$\DJUKEAEC-V+,U34_PS_S1,PIN,U3_S1.V+,U3_S1,DJUKEAEC,$$$\DJUKEAEC-V+,,,1,V+,5,Passive,,,,,,,,,,V+
C:\Users\nvt10241\Downloads\Sheet1.SchDoc,NET_MEMBER,NET_MEMBER@U34_PS_S1@PIN@KUNTSGNL@$$$\KUNTSGNL-V+,U34_PS_S1,PIN,U4_S1.V+,U4_S1,KUNTSGNL,$$$\KUNTSGNL-V+,,,1,V+,5,Passive,,,,,,,,,,V+
C:\Users\nvt10241\Downloads\Sheet1.SchDoc,NET_MEMBER,NET_MEMBER@VAC_FORCE_S1@NET_LABEL@VAC_FORCE_S1@VAC_FORCE_S1,VAC_FORCE_S1,NET_LABEL,VAC_FORCE_S1,,,,,,,,,Passive,,,,,,,,,,VAC_FORCE_S1
C:\Users\nvt10241\Downloads\Sheet1.SchDoc,NET_MEMBER,NET_MEMBER@VAC_FORCE_S1@PIN@ZSOVGGFH@$$$\ZSOVGGFH-2,VAC_FORCE_S1,PIN,K70_VAC_F_S1.2,K70_VAC_F_S1,ZSOVGGFH,$$$\ZSOVGGFH-2,,,1,2,NO,Passive,,,,,,,,,,2
C:\Users\nvt10241\Downloads\Sheet1.SchDoc,NET_MEMBER,NET_MEMBER@VAC_FORCE_S1@PIN@BSSEFUUB@$$$\BSSEFUUB-2,VAC_FORCE_S1,PIN,K170_VAC_F_S1.2,K170_VAC_F_S1,BSSEFUUB,$$$\BSSEFUUB-2,,,1,2,NO,Passive,,,,,,,,,,2
C:\Users\nvt10241\Downloads\Sheet1.SchDoc,NET_MEMBER,NET_MEMBER@VAC_FORCE_S1@PIN@YNEDMCJI@$$$\YNEDMCJI-1,VAC_FORCE_S1,PIN,R_VAC_FOS_S1.1,R_VAC_FOS_S1,YNEDMCJI,$$$\YNEDMCJI-1,,,1,1,1,Passive,,,,,,,,,,1
C:\Users\nvt10241\Downloads\Sheet1.SchDoc,NET_MEMBER,NET_MEMBER@VAC_SENSE_S1@NET_LABEL@VAC_SENSE_S1@VAC_SENSE_S1,VAC_SENSE_S1,NET_LABEL,VAC_SENSE_S1,,,,,,,,,Passive,,,,,,,,,,VAC_SENSE_S1
C:\Users\nvt10241\Downloads\Sheet1.SchDoc,NET_MEMBER,NET_MEMBER@VAC_SENSE_S1@PIN@VNLTPSYU@$$$\VNLTPSYU-2,VAC_SENSE_S1,PIN,K77_VAC_S_S1.2,K77_VAC_S_S1,VNLTPSYU,$$$\VNLTPSYU-2,,,1,2,NO,Passive,,,,,,,,,,2
C:\Users\nvt10241\Downloads\Sheet1.SchDoc,NET_MEMBER,NET_MEMBER@VAC_SENSE_S1@PIN@IMUSGFQL@$$$\IMUSGFQL-1,VAC_SENSE_S1,PIN,R_VAC_SNS_S1.1,R_VAC_SNS_S1,IMUSGFQL,$$$\IMUSGFQL-1,,,1,1,1,Passive,,,,,,,,,,1
C:\Users\nvt10241\Downloads\Sheet1.SchDoc,NET_MEMBER,NET_MEMBER@VCN_FORCE_S1@NET_LABEL@VCN_FORCE_S1@VCN_FORCE_S1,VCN_FORCE_S1,NET_LABEL,VCN_FORCE_S1,,,,,,,,,Passive,,,,,,,,,,VCN_FORCE_S1
C:\Users\nvt10241\Downloads\Sheet1.SchDoc,NET_MEMBER,NET_MEMBER@VCN_FORCE_S1@PIN@RLZSRFMA@$$$\RLZSRFMA-2,VCN_FORCE_S1,PIN,K71_KLV_F_S1.2,K71_KLV_F_S1,RLZSRFMA,$$$\RLZSRFMA-2,,,1,2,NO,Passive,,,,,,,,,,2
C:\Users\nvt10241\Downloads\Sheet1.SchDoc,NET_MEMBER,NET_MEMBER@VCN_FORCE_S1@PIN@QFWIYHSV@$$$\QFWIYHSV-1,VCN_FORCE_S1,PIN,R_VCN_FOS_S1.1,R_VCN_FOS_S1,QFWIYHSV,$$$\QFWIYHSV-1,,,1,1,1,Passive,,,,,,,,,,1
C:\Users\nvt10241\Downloads\Sheet1.SchDoc,NET_MEMBER,NET_MEMBER@VCP_FORCE_S1@NET_LABEL@VCP_FORCE_S1@VCP_FORCE_S1,VCP_FORCE_S1,NET_LABEL,VCP_FORCE_S1,,,,,,,,,Passive,,,,,,,,,,VCP_FORCE_S1
C:\Users\nvt10241\Downloads\Sheet1.SchDoc,NET_MEMBER,NET_MEMBER@VCP_FORCE_S1@PIN@HWEHNEZP@$$$\HWEHNEZP-2,VCP_FORCE_S1,PIN,K68_VCP_F_S1.2,K68_VCP_F_S1,HWEHNEZP,$$$\HWEHNEZP-2,,,1,2,NO,Passive,,,,,,,,,,2
C:\Users\nvt10241\Downloads\Sheet1.SchDoc,NET_MEMBER,NET_MEMBER@VCP_FORCE_S1@PIN@DNJRSWTD@$$$\DNJRSWTD-2,VCP_FORCE_S1,PIN,K168_VCP_F_S1.2,K168_VCP_F_S1,DNJRSWTD,$$$\DNJRSWTD-2,,,1,2,NO,Passive,,,,,,,,,,2
C:\Users\nvt10241\Downloads\Sheet1.SchDoc,NET_MEMBER,NET_MEMBER@VCP_FORCE_S1@PIN@RGADXFGS@$$$\RGADXFGS-1,VCP_FORCE_S1,PIN,R_VCP_FOS_S1.1,R_VCP_FOS_S1,RGADXFGS,$$$\RGADXFGS-1,,,1,1,1,Passive,,,,,,,,,,1
