SheetPath,RecordType,RecordKey,NetName,MemberType,MemberName,Designator,ComponentUniqueID,MemberUniqueID,ComponentKind,LibraryReference,PartID,PinNumber,PinName,Electrical,Relation,EndpointStatus,ObservedNetCount,ObservedNets,EffectiveShortNetCount,EffectiveShortNets,DanglingEndpointCount,DanglingNets,Status,RawID
"C:\Users\shiwei.yang\Desktop\dali\PCB_Project\Sheet2.SchDoc","NET_MEMBER","NET_MEMBER@AGND@POWER_PORT@AGND@AGND","AGND","POWER_PORT","AGND","","","","","","","","","Power","","","","","","","","","","AGND"
"C:\Users\shiwei.yang\Desktop\dali\PCB_Project\Sheet2.SchDoc","NET_MEMBER","NET_MEMBER@AGND@PIN@TPDULUDT@$$$\TPDULUDT-1","AGND","PIN","R_DGND_S1.1","R_DGND_S1","TPDULUDT","$$$\TPDULUDT-1","","","1","1","1","Passive","","","","","","","","","","1"
"C:\Users\shiwei.yang\Desktop\dali\PCB_Project\Sheet2.SchDoc","NET_MEMBER","NET_MEMBER@AGND@PIN@JPNZCVRT@$$$\JPNZCVRT-1","AGND","PIN","R_GND_S1.1","R_GND_S1","JPNZCVRT","$$$\JPNZCVRT-1","","","1","1","1","Passive","","","","","","","","","","1"
"C:\Users\shiwei.yang\Desktop\dali\PCB_Project\Sheet2.SchDoc","NET_MEMBER","NET_MEMBER@AGND@PIN@DUHQNDIY@$$$\DUHQNDIY-1","AGND","PIN","R_JGND_S1.1","R_JGND_S1","DUHQNDIY","$$$\DUHQNDIY-1","","","1","1","1","Passive","","","","","","","","","","1"
"C:\Users\shiwei.yang\Desktop\dali\PCB_Project\Sheet2.SchDoc","NET_MEMBER","NET_MEMBER@AGND_F_S1@PORT@AGND_F_S1@I/O","AGND_F_S1","PORT","AGND_F_S1","","","","","","","","","I/O","","","","","","","","","CONNECTED","AGND_F_S1"
"C:\Users\shiwei.yang\Desktop\dali\PCB_Project\Sheet2.SchDoc","NET_MEMBER","NET_MEMBER@AGND_F_S1@PORT@S3_FOVIe_FL(0-3)@I/O","AGND_F_S1","PORT","S3_FOVIe_FL(0-3)","","","","","","","","","I/O","","","","","","","","","CONNECTED","S3_FOVIe_FL(0-3)"
"C:\Users\shiwei.yang\Desktop\dali\PCB_Project\Sheet2.SchDoc","NET_MEMBER","NET_MEMBER@AGND_F_S1@PORT@S3_FOVIe_FL(4-7)@I/O","AGND_F_S1","PORT","S3_FOVIe_FL(4-7)","","","","","","","","","I/O","","","","","","","","","CONNECTED","S3_FOVIe_FL(4-7)"
"C:\Users\shiwei.yang\Desktop\dali\PCB_Project\Sheet2.SchDoc","NET_MEMBER","NET_MEMBER@AGND_F_S1@PORT@S5_ACM200_FL(0-11)@I/O","AGND_F_S1","PORT","S5_ACM200_FL(0-11)","","","","","","","","","I/O","","","","","","","","","CONNECTED","S5_ACM200_FL(0-11)"
"C:\Users\shiwei.yang\Desktop\dali\PCB_Project\Sheet2.SchDoc","NET_MEMBER","NET_MEMBER@AGND_F_S1@PORT@S5_ACM200_FL(12-23)@I/O","AGND_F_S1","PORT","S5_ACM200_FL(12-23)","","","","","","","","","I/O","","","","","","","","","CONNECTED","S5_ACM200_FL(12-23)"
"C:\Users\shiwei.yang\Desktop\dali\PCB_Project\Sheet2.SchDoc","NET_MEMBER","NET_MEMBER@AGND_F_S1@NET_LABEL@AGND_F_S1@AGND_F_S1","AGND_F_S1","NET_LABEL","AGND_F_S1","","","","","","","","","Passive","","","","","","","","","","AGND_F_S1"
"C:\Users\shiwei.yang\Desktop\dali\PCB_Project\Sheet2.SchDoc","NET_MEMBER","NET_MEMBER@AGND_F_S1@POWER_PORT@AGND_F_S1@AGND_F_S1","AGND_F_S1","POWER_PORT","AGND_F_S1","","","","","","","","","Power","","","","","","","","","","AGND_F_S1"
"C:\Users\shiwei.yang\Desktop\dali\PCB_Project\Sheet2.SchDoc","NET_MEMBER","NET_MEMBER@AGND_F_S1@PIN@LLAXEYJW@$$$\LLAXEYJW-2","AGND_F_S1","PIN","C1_Stable_S1.2","C1_Stable_S1","LLAXEYJW","$$$\LLAXEYJW-2","","","1","2","2","Passive","","","","","","","","","","2"
"C:\Users\shiwei.yang\Desktop\dali\PCB_Project\Sheet2.SchDoc","NET_MEMBER","NET_MEMBER@AGND_F_S1@PIN@QLRYFAHW@$$$\QLRYFAHW-1","AGND_F_S1","PIN","C2_GND_S1.1","C2_GND_S1","QLRYFAHW","$$$\QLRYFAHW-1","","","1","1","1","Passive","","","","","","","","","","1"
"C:\Users\shiwei.yang\Desktop\dali\PCB_Project\Sheet2.SchDoc","NET_MEMBER","NET_MEMBER@AGND_F_S1@PIN@QLRYFAHW@$$$\QLRYFAHW-2","AGND_F_S1","PIN","C2_GND_S1.2","C2_GND_S1","QLRYFAHW","$$$\QLRYFAHW-2","","","1","2","2","Passive","","","","","","","","","","2"
"C:\Users\shiwei.yang\Desktop\dali\PCB_Project\Sheet2.SchDoc","NET_MEMBER","NET_MEMBER@AGND_F_S1@PIN@QPREXKKB@$$$\QPREXKKB-2","AGND_F_S1","PIN","C2_Stable_S1.2","C2_Stable_S1","QPREXKKB","$$$\QPREXKKB-2","","","1","2","2","Passive","","","","","","","","","","2"
"C:\Users\shiwei.yang\Desktop\dali\PCB_Project\Sheet2.SchDoc","NET_MEMBER","NET_MEMBER@AGND_F_S1@PIN@GIGMGHKN@$$$\GIGMGHKN-1","AGND_F_S1","PIN","C3_PWR_S1.1","C3_PWR_S1","GIGMGHKN","$$$\GIGMGHKN-1","","","1","1","1","Passive","","","","","","","","","","1"
"C:\Users\shiwei.yang\Desktop\dali\PCB_Project\Sheet2.SchDoc","NET_MEMBER","NET_MEMBER@AGND_F_S1@PIN@XOVVJVIT@$$$\XOVVJVIT-1","AGND_F_S1","PIN","C5_GND_S1.1","C5_GND_S1","XOVVJVIT","$$$\XOVVJVIT-1","","","1","1","1","Passive","","","","","","","","","","1"
"C:\Users\shiwei.yang\Desktop\dali\PCB_Project\Sheet2.SchDoc","NET_MEMBER","NET_MEMBER@AGND_F_S1@PIN@XOVVJVIT@$$$\XOVVJVIT-2","AGND_F_S1","PIN","C5_GND_S1.2","C5_GND_S1","XOVVJVIT","$$$\XOVVJVIT-2","","","1","2","2","Passive","","","","","","","","","","2"
"C:\Users\shiwei.yang\Desktop\dali\PCB_Project\Sheet2.SchDoc","NET_MEMBER","NET_MEMBER@AGND_F_S1@PIN@WRMPLRNL@$$$\WRMPLRNL-1","AGND_F_S1","PIN","C6_PWR_S1.1","C6_PWR_S1","WRMPLRNL","$$$\WRMPLRNL-1","","","1","1","1","Passive","","","","","","","","","","1"
"C:\Users\shiwei.yang\Desktop\dali\PCB_Project\Sheet2.SchDoc","NET_MEMBER","NET_MEMBER@AGND_F_S1@PIN@NSWXWGLD@$$$\NSWXWGLD-1","AGND_F_S1","PIN","C7_GND_S1.1","C7_GND_S1","NSWXWGLD","$$$\NSWXWGLD-1","","","1","1","1","Passive","","","","","","","","","","1"
"C:\Users\shiwei.yang\Desktop\dali\PCB_Project\Sheet2.SchDoc","NET_MEMBER","NET_MEMBER@AGND_F_S1@PIN@NSWXWGLD@$$$\NSWXWGLD-2","AGND_F_S1","PIN","C7_GND_S1.2","C7_GND_S1","NSWXWGLD","$$$\NSWXWGLD-2","","","1","2","2","Passive","","","","","","","","","","2"
"C:\Users\shiwei.yang\Desktop\dali\PCB_Project\Sheet2.SchDoc","NET_MEMBER","NET_MEMBER@AGND_F_S1@PIN@JJCEBQMD@$$$\JJCEBQMD-1","AGND_F_S1","PIN","C8_PWR_S1.1","C8_PWR_S1","JJCEBQMD","$$$\JJCEBQMD-1","","","1","1","1","Passive","","","","","","","","","","1"
"C:\Users\shiwei.yang\Desktop\dali\PCB_Project\Sheet2.SchDoc","NET_MEMBER","NET_MEMBER@AGND_F_S1@PIN@PHRXWSCN@$$$\PHRXWSCN-2","AGND_F_S1","PIN","Cap1_PMID_S1.2","Cap1_PMID_S1","PHRXWSCN","$$$\PHRXWSCN-2","","","1","2","2","Passive","","","","","","","","","","2"
"C:\Users\shiwei.yang\Desktop\dali\PCB_Project\Sheet2.SchDoc","NET_MEMBER","NET_MEMBER@AGND_F_S1@PIN@BRVAIQBK@$$$\BRVAIQBK-2","AGND_F_S1","PIN","Cap1_V1P5_S1.2","Cap1_V1P5_S1","BRVAIQBK","$$$\BRVAIQBK-2","","","1","2","2","Passive","","","","","","","","","","2"
"C:\Users\shiwei.yang\Desktop\dali\PCB_Project\Sheet2.SchDoc","NET_MEMBER","NET_MEMBER@AGND_F_S1@PIN@FJVXGUPU@$$$\FJVXGUPU-2","AGND_F_S1","PIN","Cap1_VAC1_S1.2","Cap1_VAC1_S1","FJVXGUPU","$$$\FJVXGUPU-2","","","1","2","2","Passive","","","","","","","","","","2"
"C:\Users\shiwei.yang\Desktop\dali\PCB_Project\Sheet2.SchDoc","NET_MEMBER","NET_MEMBER@AGND_F_S1@PIN@GLWYJWEV@$$$\GLWYJWEV-2","AGND_F_S1","PIN","Cap1_VAC2_S1.2","Cap1_VAC2_S1","GLWYJWEV","$$$\GLWYJWEV-2","","","1","2","2","Passive","","","","","","","","","","2"
"C:\Users\shiwei.yang\Desktop\dali\PCB_Project\Sheet2.SchDoc","NET_MEMBER","NET_MEMBER@AGND_F_S1@PIN@PCAQIMDV@$$$\PCAQIMDV-2","AGND_F_S1","PIN","Cap1_VAC3_S1.2","Cap1_VAC3_S1","PCAQIMDV","$$$\PCAQIMDV-2","","","1","2","2","Passive","","","","","","","","","","2"
"C:\Users\shiwei.yang\Desktop\dali\PCB_Project\Sheet2.SchDoc","NET_MEMBER","NET_MEMBER@AGND_F_S1@PIN@AVSBWDJP@$$$\AVSBWDJP-2","AGND_F_S1","PIN","Cap1_VBAT_S1.2","Cap1_VBAT_S1","AVSBWDJP","$$$\AVSBWDJP-2","","","1","2","2","Passive","","","","","","","","","","2"
"C:\Users\shiwei.yang\Desktop\dali\PCB_Project\Sheet2.SchDoc","NET_MEMBER","NET_MEMBER@AGND_F_S1@PIN@QBQHBFEK@$$$\QBQHBFEK-2","AGND_F_S1","PIN","Cap1_VBUS_S1.2","Cap1_VBUS_S1","QBQHBFEK","$$$\QBQHBFEK-2","","","1","2","2","Passive","","","","","","","","","","2"
"C:\Users\shiwei.yang\Desktop\dali\PCB_Project\Sheet2.SchDoc","NET_MEMBER","NET_MEMBER@AGND_F_S1@PIN@OGNUIIYZ@$$$\OGNUIIYZ-2","AGND_F_S1","PIN","Cap1_VCC_S1.2","Cap1_VCC_S1","OGNUIIYZ","$$$\OGNUIIYZ-2","","","1","2","2","Passive","","","","","","","","","","2"
"C:\Users\shiwei.yang\Desktop\dali\PCB_Project\Sheet2.SchDoc","NET_MEMBER","NET_MEMBER@AGND_F_S1@PIN@JRBMRFCX@$$$\JRBMRFCX-1","AGND_F_S1","PIN","Cap2_PMID_S1.1","Cap2_PMID_S1","JRBMRFCX","$$$\JRBMRFCX-1","","","1","1","1","Passive","","","","","","","","","","1"
"C:\Users\shiwei.yang\Desktop\dali\PCB_Project\Sheet2.SchDoc","NET_MEMBER","NET_MEMBER@AGND_F_S1@PIN@GBEKUVJP@$$$\GBEKUVJP-1","AGND_F_S1","PIN","Cap2_V1P5_S1.1","Cap2_V1P5_S1","GBEKUVJP","$$$\GBEKUVJP-1","","","1","1","1","Passive","","","","","","","","","","1"
"C:\Users\shiwei.yang\Desktop\dali\PCB_Project\Sheet2.SchDoc","NET_MEMBER","NET_MEMBER@AGND_F_S1@PIN@QMYPNVMR@$$$\QMYPNVMR-1","AGND_F_S1","PIN","Cap2_VAC_S1.1","Cap2_VAC_S1","QMYPNVMR","$$$\QMYPNVMR-1","","","1","1","1","Passive","","","","","","","","","","1"
"C:\Users\shiwei.yang\Desktop\dali\PCB_Project\Sheet2.SchDoc","NET_MEMBER","NET_MEMBER@AGND_F_S1@PIN@OCETDGGA@$$$\OCETDGGA-1","AGND_F_S1","PIN","Cap2_VBAT_S1.1","Cap2_VBAT_S1","OCETDGGA","$$$\OCETDGGA-1","","","1","1","1","Passive","","","","","","","","","","1"
"C:\Users\shiwei.yang\Desktop\dali\PCB_Project\Sheet2.SchDoc","NET_MEMBER","NET_MEMBER@AGND_F_S1@PIN@CSQGAPTX@$$$\CSQGAPTX-1","AGND_F_S1","PIN","Cap2_VBUS_S1.1","Cap2_VBUS_S1","CSQGAPTX","$$$\CSQGAPTX-1","","","1","1","1","Passive","","","","","","","","","","1"
"C:\Users\shiwei.yang\Desktop\dali\PCB_Project\Sheet2.SchDoc","NET_MEMBER","NET_MEMBER@AGND_F_S1@PIN@BJVJLJSY@$$$\BJVJLJSY-1","AGND_F_S1","PIN","Cap2_VCC_S1.1","Cap2_VCC_S1","BJVJLJSY","$$$\BJVJLJSY-1","","","1","1","1","Passive","","","","","","","","","","1"
"C:\Users\shiwei.yang\Desktop\dali\PCB_Project\Sheet2.SchDoc","NET_MEMBER","NET_MEMBER@AGND_F_S1@PIN@BDKWJVEG@$$$\BDKWJVEG-2","AGND_F_S1","PIN","Cap_nRST_S1.2","Cap_nRST_S1","BDKWJVEG","$$$\BDKWJVEG-2","","","1","2","2","Passive","","","","","","","","","","2"
"C:\Users\shiwei.yang\Desktop\dali\PCB_Project\Sheet2.SchDoc","NET_MEMBER","NET_MEMBER@AGND_F_S1@PIN@WWSCOLSH@$$$\WWSCOLSH-2","AGND_F_S1","PIN","CL_S1.2","CL_S1","WWSCOLSH","$$$\WWSCOLSH-2","","","1","2","2","Passive","","","","","","","","","","2"
"C:\Users\shiwei.yang\Desktop\dali\PCB_Project\Sheet2.SchDoc","NET_MEMBER","NET_MEMBER@AGND_F_S1@PIN@HLPOOVER@$$$\HLPOOVER-2","AGND_F_S1","PIN","CS_S1.2","CS_S1","HLPOOVER","$$$\HLPOOVER-2","","","1","2","2","Passive","","","","","","","","","","2"
"C:\Users\shiwei.yang\Desktop\dali\PCB_Project\Sheet2.SchDoc","NET_MEMBER","NET_MEMBER@AGND_F_S1@PIN@QVSXCUTT@$$$\QVSXCUTT-2","AGND_F_S1","PIN","K14_VAC1_P2P_S1.2","K14_VAC1_P2P_S1","QVSXCUTT","$$$\QVSXCUTT-2","","","1","2","NO","Passive","","","","","","","","","","2"
"C:\Users\shiwei.yang\Desktop\dali\PCB_Project\Sheet2.SchDoc","NET_MEMBER","NET_MEMBER@AGND_F_S1@PIN@GULHKFIW@$$$\GULHKFIW-2","AGND_F_S1","PIN","K15_VAC2_P2P_S1.2","K15_VAC2_P2P_S1","GULHKFIW","$$$\GULHKFIW-2","","","1","2","NO","Passive","","","","","","","","","","2"
"C:\Users\shiwei.yang\Desktop\dali\PCB_Project\Sheet2.SchDoc","NET_MEMBER","NET_MEMBER@AGND_F_S1@PIN@QKIZPUJW@$$$\QKIZPUJW-2","AGND_F_S1","PIN","K16_VAC3_P2P_S1.2","K16_VAC3_P2P_S1","QKIZPUJW","$$$\QKIZPUJW-2","","","1","2","NO","Passive","","","","","","","","","","2"
"C:\Users\shiwei.yang\Desktop\dali\PCB_Project\Sheet2.SchDoc","NET_MEMBER","NET_MEMBER@AGND_F_S1@PIN@VYQOSWZZ@$$$\VYQOSWZZ-2","AGND_F_S1","PIN","K26_ACDRV1_P2P_S1.2","K26_ACDRV1_P2P_S1","VYQOSWZZ","$$$\VYQOSWZZ-2","","","1","2","NO","Passive","","","","","","","","","","2"
"C:\Users\shiwei.yang\Desktop\dali\PCB_Project\Sheet2.SchDoc","NET_MEMBER","NET_MEMBER@AGND_F_S1@PIN@CWEAKVQO@$$$\CWEAKVQO-2","AGND_F_S1","PIN","K27_ACDRV2_P2P_S1.2","K27_ACDRV2_P2P_S1","CWEAKVQO","$$$\CWEAKVQO-2","","","1","2","NO","Passive","","","","","","","","","","2"
"C:\Users\shiwei.yang\Desktop\dali\PCB_Project\Sheet2.SchDoc","NET_MEMBER","NET_MEMBER@AGND_F_S1@PIN@FYLAFHBY@$$$\FYLAFHBY-2","AGND_F_S1","PIN","K28_ACDRV3_P2P_S1.2","K28_ACDRV3_P2P_S1","FYLAFHBY","$$$\FYLAFHBY-2","","","1","2","NO","Passive","","","","","","","","","","2"
"C:\Users\shiwei.yang\Desktop\dali\PCB_Project\Sheet2.SchDoc","NET_MEMBER","NET_MEMBER@AGND_F_S1@PIN@GKSRANLB@$$$\GKSRANLB-2","AGND_F_S1","PIN","K39_KLV1_P2P_S1.2","K39_KLV1_P2P_S1","GKSRANLB","$$$\GKSRANLB-2","","","1","2","NO","Passive","","","","","","","","","","2"
"C:\Users\shiwei.yang\Desktop\dali\PCB_Project\Sheet2.SchDoc","NET_MEMBER","NET_MEMBER@AGND_F_S1@PIN@INGZWISH@$$$\INGZWISH-2","AGND_F_S1","PIN","K40_KLV2_P2P_S1.2","K40_KLV2_P2P_S1","INGZWISH","$$$\INGZWISH-2","","","1","2","NO","Passive","","","","","","","","","","2"
"C:\Users\shiwei.yang\Desktop\dali\PCB_Project\Sheet2.SchDoc","NET_MEMBER","NET_MEMBER@AGND_F_S1@PIN@MMOITJTZ@$$$\MMOITJTZ-2","AGND_F_S1","PIN","K53_LG2_P2P_S1.2","K53_LG2_P2P_S1","MMOITJTZ","$$$\MMOITJTZ-2","","","1","2","NO","Passive","","","","","","","","","","2"
"C:\Users\shiwei.yang\Desktop\dali\PCB_Project\Sheet2.SchDoc","NET_MEMBER","NET_MEMBER@AGND_F_S1@PIN@EIQESIDL@$$$\EIQESIDL-2","AGND_F_S1","PIN","K54_LG1_P2P_S1.2","K54_LG1_P2P_S1","EIQESIDL","$$$\EIQESIDL-2","","","1","2","NO","Passive","","","","","","","","","","2"
"C:\Users\shiwei.yang\Desktop\dali\PCB_Project\Sheet2.SchDoc","NET_MEMBER","NET_MEMBER@AGND_F_S1@PIN@FIKFOCMG@$$$\FIKFOCMG-2","AGND_F_S1","PIN","K55_HG2_P2P_S1.2","K55_HG2_P2P_S1","FIKFOCMG","$$$\FIKFOCMG-2","","","1","2","NO","Passive","","","","","","","","","","2"
"C:\Users\shiwei.yang\Desktop\dali\PCB_Project\Sheet2.SchDoc","NET_MEMBER","NET_MEMBER@AGND_F_S1@PIN@SMCWJTCE@$$$\SMCWJTCE-2","AGND_F_S1","PIN","K56_HG1_P2P_S1.2","K56_HG1_P2P_S1","SMCWJTCE","$$$\SMCWJTCE-2","","","1","2","NO","Passive","","","","","","","","","","2"
"C:\Users\shiwei.yang\Desktop\dali\PCB_Project\Sheet2.SchDoc","NET_MEMBER","NET_MEMBER@AGND_F_S1@PIN@QKKYUPHS@$$$\QKKYUPHS-2","AGND_F_S1","PIN","K74_GAIN1_SEL_S1S2.2","K74_GAIN1_SEL_S1S2","QKKYUPHS","$$$\QKKYUPHS-2","","","1","2","2","Passive","","","","","","","","","","2"
"C:\Users\shiwei.yang\Desktop\dali\PCB_Project\Sheet2.SchDoc","NET_MEMBER","NET_MEMBER@AGND_F_S1@PIN@SUGXGJMJ@$$$\SUGXGJMJ-2","AGND_F_S1","PIN","K75_GAIN2_SEL_S1S2.2","K75_GAIN2_SEL_S1S2","SUGXGJMJ","$$$\SUGXGJMJ-2","","","1","2","2","Passive","","","","","","","","","","2"
"C:\Users\shiwei.yang\Desktop\dali\PCB_Project\Sheet2.SchDoc","NET_MEMBER","NET_MEMBER@AGND_F_S1@PIN@OXWRPCFQ@$$$\OXWRPCFQ-1","AGND_F_S1","PIN","K92_AGND_F2S_S1.1","K92_AGND_F2S_S1","OXWRPCFQ","$$$\OXWRPCFQ-1","","","1","1","COMMON","Passive","","","","","","","","","","1"
"C:\Users\shiwei.yang\Desktop\dali\PCB_Project\Sheet2.SchDoc","NET_MEMBER","NET_MEMBER@AGND_F_S1@PIN@SUFTKYKT@$$$\SUFTKYKT-3","AGND_F_S1","PIN","K93_AGND2PGND_S1.3","K93_AGND2PGND_S1","SUFTKYKT","$$$\SUFTKYKT-3","","","1","3","3","Passive","","","","","","","","","","3"
"C:\Users\shiwei.yang\Desktop\dali\PCB_Project\Sheet2.SchDoc","NET_MEMBER","NET_MEMBER@AGND_F_S1@PIN@GKMPXDLW@$$$\GKMPXDLW-2","AGND_F_S1","PIN","K148_PC4_PD_S1.2","K148_PC4_PD_S1","GKMPXDLW","$$$\GKMPXDLW-2","","","1","2","NO","Passive","","","","","","","","","","2"
"C:\Users\shiwei.yang\Desktop\dali\PCB_Project\Sheet2.SchDoc","NET_MEMBER","NET_MEMBER@AGND_F_S1@PIN@IDFZZHDP@$$$\IDFZZHDP-2","AGND_F_S1","PIN","K149_PA1_PD_S1.2","K149_PA1_PD_S1","IDFZZHDP","$$$\IDFZZHDP-2","","","1","2","NO","Passive","","","","","","","","","","2"
"C:\Users\shiwei.yang\Desktop\dali\PCB_Project\Sheet2.SchDoc","NET_MEMBER","NET_MEMBER@AGND_F_S1@PIN@FGJXVAYN@$$$\FGJXVAYN-2","AGND_F_S1","PIN","K150_PA4_PD_S1.2","K150_PA4_PD_S1","FGJXVAYN","$$$\FGJXVAYN-2","","","1","2","NO","Passive","","","","","","","","","","2"
"C:\Users\shiwei.yang\Desktop\dali\PCB_Project\Sheet2.SchDoc","NET_MEMBER","NET_MEMBER@AGND_F_S1@PIN@OLFICLVJ@$$$\OLFICLVJ-3","AGND_F_S1","PIN","K151_NC_GND_S1S2.3","K151_NC_GND_S1S2","OLFICLVJ","$$$\OLFICLVJ-3","","","1","3","3","Passive","","","","","","","","","","3"
"C:\Users\shiwei.yang\Desktop\dali\PCB_Project\Sheet2.SchDoc","NET_MEMBER","NET_MEMBER@AGND_F_S1@PIN@JPNZCVRT@$$$\JPNZCVRT-2","AGND_F_S1","PIN","R_GND_S1.2","R_GND_S1","JPNZCVRT","$$$\JPNZCVRT-2","","","1","2","2","Passive","","","","","","","","","","2"
"C:\Users\shiwei.yang\Desktop\dali\PCB_Project\Sheet2.SchDoc","NET_MEMBER","NET_MEMBER@AGND_F_S1@PIN@ECYSYZMD@$$$\ECYSYZMD-2","AGND_F_S1","PIN","R_PMID_S1.2","R_PMID_S1","ECYSYZMD","$$$\ECYSYZMD-2","","","1","2","2","Passive","","","","","","","","","","2"
"C:\Users\shiwei.yang\Desktop\dali\PCB_Project\Sheet2.SchDoc","NET_MEMBER","NET_MEMBER@AGND_F_S1@PIN@UKOKWXUD@$$$\UKOKWXUD-2","AGND_F_S1","PIN","R_V1P5_S1.2","R_V1P5_S1","UKOKWXUD","$$$\UKOKWXUD-2","","","1","2","2","Passive","","","","","","","","","","2"
"C:\Users\shiwei.yang\Desktop\dali\PCB_Project\Sheet2.SchDoc","NET_MEMBER","NET_MEMBER@AGND_F_S1@PIN@TUCTSCJZ@$$$\TUCTSCJZ-2","AGND_F_S1","PIN","R_VAC_S1.2","R_VAC_S1","TUCTSCJZ","$$$\TUCTSCJZ-2","","","1","2","2","Passive","","","","","","","","","","2"
"C:\Users\shiwei.yang\Desktop\dali\PCB_Project\Sheet2.SchDoc","NET_MEMBER","NET_MEMBER@AGND_F_S1@PIN@PJFVEZBC@$$$\PJFVEZBC-2","AGND_F_S1","PIN","R_VBAT_S1.2","R_VBAT_S1","PJFVEZBC","$$$\PJFVEZBC-2","","","1","2","2","Passive","","","","","","","","","","2"
"C:\Users\shiwei.yang\Desktop\dali\PCB_Project\Sheet2.SchDoc","NET_MEMBER","NET_MEMBER@AGND_F_S1@PIN@XAMYLITD@$$$\XAMYLITD-2","AGND_F_S1","PIN","R_VBUS_S1.2","R_VBUS_S1","XAMYLITD","$$$\XAMYLITD-2","","","1","2","2","Passive","","","","","","","","","","2"
"C:\Users\shiwei.yang\Desktop\dali\PCB_Project\Sheet2.SchDoc","NET_MEMBER","NET_MEMBER@AGND_F_S1@PIN@YXHLGYPW@$$$\YXHLGYPW-2","AGND_F_S1","PIN","R_VCC_S1.2","R_VCC_S1","YXHLGYPW","$$$\YXHLGYPW-2","","","1","2","2","Passive","","","","","","","","","","2"
"C:\Users\shiwei.yang\Desktop\dali\PCB_Project\Sheet2.SchDoc","NET_MEMBER","NET_MEMBER@AGND_F_S1@PIN@HMRSZTXB@$$$\HMRSZTXB-5","AGND_F_S1","PIN","U1_S1.5","U1_S1","HMRSZTXB","$$$\HMRSZTXB-5","","","1","5","GND","Passive","","","","","","","","","","5"
"C:\Users\shiwei.yang\Desktop\dali\PCB_Project\Sheet2.SchDoc","NET_MEMBER","NET_MEMBER@AGND_F_S1@PIN@YVMRURLU@$$$\YVMRURLU-2","AGND_F_S1","PIN","U2_S1.2","U2_S1","YVMRURLU","$$$\YVMRURLU-2","","","1","2","V-","Passive","","","","","","","","","","2"
"C:\Users\shiwei.yang\Desktop\dali\PCB_Project\Sheet2.SchDoc","NET_MEMBER","NET_MEMBER@AGND_F_S1@PIN@RNVDZYVO@$$$\RNVDZYVO-2","AGND_F_S1","PIN","U3_S1.2","U3_S1","RNVDZYVO","$$$\RNVDZYVO-2","","","1","2","V-","Passive","","","","","","","","","","2"
"C:\Users\shiwei.yang\Desktop\dali\PCB_Project\Sheet2.SchDoc","NET_MEMBER","NET_MEMBER@AGND_F_S1@PIN@CZTHNWPQ@$$$\CZTHNWPQ-2","AGND_F_S1","PIN","U4_S1.2","U4_S1","CZTHNWPQ","$$$\CZTHNWPQ-2","","","1","2","V-","Passive","","","","","","","","","","2"
"C:\Users\shiwei.yang\Desktop\dali\PCB_Project\Sheet2.SchDoc","NET_MEMBER","NET_MEMBER@AMPOUT_S1@NET_LABEL@AMPOUT_S1@AMPOUT_S1","AMPOUT_S1","NET_LABEL","AMPOUT_S1","","","","","","","","","Passive","","","","","","","","","","AMPOUT_S1"
"C:\Users\shiwei.yang\Desktop\dali\PCB_Project\Sheet2.SchDoc","NET_MEMBER","NET_MEMBER@AMPOUT_S1@PIN@FSVVFNOP@$$$\FSVVFNOP-1","AMPOUT_S1","PIN","K81_AMPOUT_QVM_S1.1","K81_AMPOUT_QVM_S1","FSVVFNOP","$$$\FSVVFNOP-1","","","1","1","COMMON","Passive","","","","","","","","","","1"
"C:\Users\shiwei.yang\Desktop\dali\PCB_Project\Sheet2.SchDoc","NET_MEMBER","NET_MEMBER@AMPOUT_S1@PIN@IHFNACZJ@$$$\IHFNACZJ-2","AMPOUT_S1","PIN","K158_AMPOUT_S1.2","K158_AMPOUT_S1","IHFNACZJ","$$$\IHFNACZJ-2","","","1","2","NO","Passive","","","","","","","","","","2"
"C:\Users\shiwei.yang\Desktop\dali\PCB_Project\Sheet2.SchDoc","NET_MEMBER","NET_MEMBER@AMPOUT_S1@PIN@LWJMJNQN@$$$\LWJMJNQN-1","AMPOUT_S1","PIN","TP_AMPOUT_S1.1","TP_AMPOUT_S1","LWJMJNQN","$$$\LWJMJNQN-1","","","1","1","1","Passive","","","","","","","","","","1"
"C:\Users\shiwei.yang\Desktop\dali\PCB_Project\Sheet2.SchDoc","NET_MEMBER","NET_MEMBER@AMPOUT_S1@PIN@HMRSZTXB@$$$\HMRSZTXB-4","AMPOUT_S1","PIN","U1_S1.4","U1_S1","HMRSZTXB","$$$\HMRSZTXB-4","","","1","4","VOUT","Passive","","","","","","","","","","4"
"C:\Users\shiwei.yang\Desktop\dali\PCB_Project\Sheet2.SchDoc","NET_MEMBER","NET_MEMBER@Backup_S1@NET_LABEL@Backup_S1@Backup_S1","Backup_S1","NET_LABEL","Backup_S1","","","","","","","","","Passive","","","","","","","","","","Backup_S1"
"C:\Users\shiwei.yang\Desktop\dali\PCB_Project\Sheet2.SchDoc","NET_MEMBER","NET_MEMBER@Backup_S1@PIN@CIHGIWJX@$$$\CIHGIWJX-2","Backup_S1","PIN","K129_Backup_S1.2","K129_Backup_S1","CIHGIWJX","$$$\CIHGIWJX-2","","","1","2","NO","Passive","","","","","","","","","","2"
"C:\Users\shiwei.yang\Desktop\dali\PCB_Project\Sheet2.SchDoc","NET_MEMBER","NET_MEMBER@Backup_S1@PIN@NPKYAUZD@$$$\NPKYAUZD-1","Backup_S1","PIN","TP_backup_S1.1","TP_backup_S1","NPKYAUZD","$$$\NPKYAUZD-1","","","1","1","1","Passive","","","","","","","","","","1"
"C:\Users\shiwei.yang\Desktop\dali\PCB_Project\Sheet2.SchDoc","NET_MEMBER","NET_MEMBER@DGND@POWER_PORT@DGND@DGND","DGND","POWER_PORT","DGND","","","","","","","","","Power","","","","","","","","","","DGND"
"C:\Users\shiwei.yang\Desktop\dali\PCB_Project\Sheet2.SchDoc","NET_MEMBER","NET_MEMBER@DGND@PIN@TPDULUDT@$$$\TPDULUDT-2","DGND","PIN","R_DGND_S1.2","R_DGND_S1","TPDULUDT","$$$\TPDULUDT-2","","","1","2","2","Passive","","","","","","","","","","2"
"C:\Users\shiwei.yang\Desktop\dali\PCB_Project\Sheet2.SchDoc","NET_MEMBER","NET_MEMBER@FPVIe0_FH_BUS_S1@NET_LABEL@FPVIe0_FH_BUS_S1@FPVIe0_FH_BUS_S1","FPVIe0_FH_BUS_S1","NET_LABEL","FPVIe0_FH_BUS_S1","","","","","","","","","Passive","","","","","","","","","","FPVIe0_FH_BUS_S1"
"C:\Users\shiwei.yang\Desktop\dali\PCB_Project\Sheet2.SchDoc","NET_MEMBER","NET_MEMBER@FPVIe0_FH_BUS_S1@PIN@YOEMJETE@$$$\YOEMJETE-3","FPVIe0_FH_BUS_S1","PIN","K30_BUSH_ACDRV_S1.3","K30_BUSH_ACDRV_S1","YOEMJETE","$$$\YOEMJETE-3","","","1","3","3","Passive","","","","","","","","","","3"
"C:\Users\shiwei.yang\Desktop\dali\PCB_Project\Sheet2.SchDoc","NET_MEMBER","NET_MEMBER@FPVIe0_FH_BUS_S1@PIN@QJRTEQZV@$$$\QJRTEQZV-3","FPVIe0_FH_BUS_S1","PIN","K35_BUSH_KLV_S1.3","K35_BUSH_KLV_S1","QJRTEQZV","$$$\QJRTEQZV-3","","","1","3","3","Passive","","","","","","","","","","3"
"C:\Users\shiwei.yang\Desktop\dali\PCB_Project\Sheet2.SchDoc","NET_MEMBER","NET_MEMBER@FPVIe0_FH_BUS_S1@PIN@JBMVQVJN@$$$\JBMVQVJN-1","FPVIe0_FH_BUS_S1","PIN","K46_BUS_FH_SW1_S1.1","K46_BUS_FH_SW1_S1","JBMVQVJN","$$$\JBMVQVJN-1","","","1","1","COMMON","Passive","","","","","","","","","","1"
"C:\Users\shiwei.yang\Desktop\dali\PCB_Project\Sheet2.SchDoc","NET_MEMBER","NET_MEMBER@FPVIe0_FH_BUS_S1@PIN@MYTSJDTD@$$$\MYTSJDTD-3","FPVIe0_FH_BUS_S1","PIN","K58_BUSH_VDM_S1.3","K58_BUSH_VDM_S1","MYTSJDTD","$$$\MYTSJDTD-3","","","1","3","3","Passive","","","","","","","","","","3"
"C:\Users\shiwei.yang\Desktop\dali\PCB_Project\Sheet2.SchDoc","NET_MEMBER","NET_MEMBER@FPVIe0_FH_BUS_S1@PIN@MHHANLDE@$$$\MHHANLDE-1","FPVIe0_FH_BUS_S1","PIN","K62_BUS_FH_QON_S1.1","K62_BUS_FH_QON_S1","MHHANLDE","$$$\MHHANLDE-1","","","1","1","COMMON","Passive","","","","","","","","","","1"
"C:\Users\shiwei.yang\Desktop\dali\PCB_Project\Sheet2.SchDoc","NET_MEMBER","NET_MEMBER@FPVIe0_FH_BUS_S1@PIN@RZEAPGLN@$$$\RZEAPGLN-3","FPVIe0_FH_BUS_S1","PIN","K83_BUSH_PMID_S1.3","K83_BUSH_PMID_S1","RZEAPGLN","$$$\RZEAPGLN-3","","","1","3","3","Passive","","","","","","","","","","3"
"C:\Users\shiwei.yang\Desktop\dali\PCB_Project\Sheet2.SchDoc","NET_MEMBER","NET_MEMBER@FPVIe0_FH_BUS_S1@PIN@HWCXOZEY@$$$\HWCXOZEY-2","FPVIe0_FH_BUS_S1","PIN","K87_KELVIN0_S1S2.2","K87_KELVIN0_S1S2","HWCXOZEY","$$$\HWCXOZEY-2","","","1","2","2","Passive","","","","","","","","","","2"
"C:\Users\shiwei.yang\Desktop\dali\PCB_Project\Sheet2.SchDoc","NET_MEMBER","NET_MEMBER@FPVIe0_FH_BUS_S1@PIN@KTVTIPQF@$$$\KTVTIPQF-4","FPVIe0_FH_BUS_S1","PIN","K141_QTMU_BUSA_S1S2.4","K141_QTMU_BUSA_S1S2","KTVTIPQF","$$$\KTVTIPQF-4","","","1","4","4","Passive","","","","","","","","","","4"
"C:\Users\shiwei.yang\Desktop\dali\PCB_Project\Sheet2.SchDoc","NET_MEMBER","NET_MEMBER@FPVIe0_FH_BUS_S1@PIN@QLBWWBDD@$$$\QLBWWBDD-2","FPVIe0_FH_BUS_S1","PIN","K143_DCM_BUS0_H_S1.2","K143_DCM_BUS0_H_S1","QLBWWBDD","$$$\QLBWWBDD-2","","","1","2","NO","Passive","","","","","","","","","","2"
"C:\Users\shiwei.yang\Desktop\dali\PCB_Project\Sheet2.SchDoc","NET_MEMBER","NET_MEMBER@FPVIe0_FH_BUS_S1@PIN@YIFBQRMH@$$$\YIFBQRMH-3","FPVIe0_FH_BUS_S1","PIN","K154_BUSH_AMUX_S1.3","K154_BUSH_AMUX_S1","YIFBQRMH","$$$\YIFBQRMH-3","","","1","3","3","Passive","","","","","","","","","","3"
"C:\Users\shiwei.yang\Desktop\dali\PCB_Project\Sheet2.SchDoc","NET_MEMBER","NET_MEMBER@FPVIe0_FH_BUS_S1@PIN@EVXEXSGM@$$$\EVXEXSGM-1","FPVIe0_FH_BUS_S1","PIN","K156_BUS_FH_VCN_S1.1","K156_BUS_FH_VCN_S1","EVXEXSGM","$$$\EVXEXSGM-1","","","1","1","COMMON","Passive","","","","","","","","","","1"
"C:\Users\shiwei.yang\Desktop\dali\PCB_Project\Sheet2.SchDoc","NET_MEMBER","NET_MEMBER@FPVIe0_FH_PC_S1@NET_LABEL@FPVIe0_FH_PC_S1@FPVIe0_FH_PC_S1","FPVIe0_FH_PC_S1","NET_LABEL","FPVIe0_FH_PC_S1","","","","","","","","","Passive","","","","","","","","","","FPVIe0_FH_PC_S1"
"C:\Users\shiwei.yang\Desktop\dali\PCB_Project\Sheet2.SchDoc","NET_MEMBER","NET_MEMBER@FPVIe0_FH_PC_S1@PIN@VEYMFEHZ@$$$\VEYMFEHZ-4","FPVIe0_FH_PC_S1","PIN","K90_PC0_Force_S1.4","K90_PC0_Force_S1","VEYMFEHZ","$$$\VEYMFEHZ-4","","","1","4","4","Passive","","","","","","","","","","4"
"C:\Users\shiwei.yang\Desktop\dali\PCB_Project\Sheet2.SchDoc","NET_TIE_ENDPOINT","NET_TIE_ENDPOINT@FPVIe0_FH_PC_S1@REXTUFSA@$$$\REXTUFSA-2","FPVIe0_FH_PC_S1","NET_TIE_PIN","NT1.2","NT1","REXTUFSA","$$$\REXTUFSA-2","NET_TIE","","1","2","net2","Passive","INTENTIONAL_SHORT_MEMBER","SHORT_GROUP_MEMBER","","","","","","","","2"
"C:\Users\shiwei.yang\Desktop\dali\PCB_Project\Sheet2.SchDoc","NET_MEMBER","NET_MEMBER@FPVIe0_FL_BUS_S1@NET_LABEL@FPVIe0_FL_BUS_S1@FPVIe0_FL_BUS_S1","FPVIe0_FL_BUS_S1","NET_LABEL","FPVIe0_FL_BUS_S1","","","","","","","","","Passive","","","","","","","","","","FPVIe0_FL_BUS_S1"
"C:\Users\shiwei.yang\Desktop\dali\PCB_Project\Sheet2.SchDoc","NET_MEMBER","NET_MEMBER@FPVIe0_FL_BUS_S1@PIN@HSKYUZYT@$$$\HSKYUZYT-3","FPVIe0_FL_BUS_S1","PIN","K3_BUSL_VBUS_S1.3","K3_BUSL_VBUS_S1","HSKYUZYT","$$$\HSKYUZYT-3","","","1","3","3","Passive","","","","","","","","","","3"
"C:\Users\shiwei.yang\Desktop\dali\PCB_Project\Sheet2.SchDoc","NET_MEMBER","NET_MEMBER@FPVIe0_FL_BUS_S1@PIN@XQOGVEQP@$$$\XQOGVEQP-3","FPVIe0_FL_BUS_S1","PIN","K17_BUSL_VAC_S1.3","K17_BUSL_VAC_S1","XQOGVEQP","$$$\XQOGVEQP-3","","","1","3","3","Passive","","","","","","","","","","3"
"C:\Users\shiwei.yang\Desktop\dali\PCB_Project\Sheet2.SchDoc","NET_MEMBER","NET_MEMBER@FPVIe0_FL_BUS_S1@PIN@OCCEZWLA@$$$\OCCEZWLA-3","FPVIe0_FL_BUS_S1","PIN","K29_BUSL_VCC_S1.3","K29_BUSL_VCC_S1","OCCEZWLA","$$$\OCCEZWLA-3","","","1","3","3","Passive","","","","","","","","","","3"
"C:\Users\shiwei.yang\Desktop\dali\PCB_Project\Sheet2.SchDoc","NET_MEMBER","NET_MEMBER@FPVIe0_FL_BUS_S1@PIN@DCUEWDNN@$$$\DCUEWDNN-3","FPVIe0_FL_BUS_S1","PIN","K32_BUSL_SCL_S1.3","K32_BUSL_SCL_S1","DCUEWDNN","$$$\DCUEWDNN-3","","","1","3","3","Passive","","","","","","","","","","3"
"C:\Users\shiwei.yang\Desktop\dali\PCB_Project\Sheet2.SchDoc","NET_MEMBER","NET_MEMBER@FPVIe0_FL_BUS_S1@PIN@RBLRCCHF@$$$\RBLRCCHF-1","FPVIe0_FL_BUS_S1","PIN","K41_BUS_FL_BST_S1.1","K41_BUS_FL_BST_S1","RBLRCCHF","$$$\RBLRCCHF-1","","","1","1","COMMON","Passive","","","","","","","","","","1"
"C:\Users\shiwei.yang\Desktop\dali\PCB_Project\Sheet2.SchDoc","NET_MEMBER","NET_MEMBER@FPVIe0_FL_BUS_S1@PIN@RMRGQDBH@$$$\RMRGQDBH-1","FPVIe0_FL_BUS_S1","PIN","K47_BUS_FL_SW1_S1.1","K47_BUS_FL_SW1_S1","RMRGQDBH","$$$\RMRGQDBH-1","","","1","1","COMMON","Passive","","","","","","","","","","1"
"C:\Users\shiwei.yang\Desktop\dali\PCB_Project\Sheet2.SchDoc","NET_MEMBER","NET_MEMBER@FPVIe0_FL_BUS_S1@PIN@DQMOZEGU@$$$\DQMOZEGU-3","FPVIe0_FL_BUS_S1","PIN","K51_BUSL_LG_S1.3","K51_BUSL_LG_S1","DQMOZEGU","$$$\DQMOZEGU-3","","","1","3","3","Passive","","","","","","","","","","3"
"C:\Users\shiwei.yang\Desktop\dali\PCB_Project\Sheet2.SchDoc","NET_MEMBER","NET_MEMBER@FPVIe0_FL_BUS_S1@PIN@ELPABVXF@$$$\ELPABVXF-3","FPVIe0_FL_BUS_S1","PIN","K60_BUSL_VCP_S1.3","K60_BUSL_VCP_S1","ELPABVXF","$$$\ELPABVXF-3","","","1","3","3","Passive","","","","","","","","","","3"
"C:\Users\shiwei.yang\Desktop\dali\PCB_Project\Sheet2.SchDoc","NET_MEMBER","NET_MEMBER@FPVIe0_FL_BUS_S1@PIN@AVROULZK@$$$\AVROULZK-2","FPVIe0_FL_BUS_S1","PIN","K89_KELVIN0_S1S2.2","K89_KELVIN0_S1S2","AVROULZK","$$$\AVROULZK-2","","","1","2","2","Passive","","","","","","","","","","2"
"C:\Users\shiwei.yang\Desktop\dali\PCB_Project\Sheet2.SchDoc","NET_MEMBER","NET_MEMBER@FPVIe0_FL_BUS_S1@PIN@MCLDSEFS@$$$\MCLDSEFS-4","FPVIe0_FL_BUS_S1","PIN","K142_QTMU_BUSB_S1S2.4","K142_QTMU_BUSB_S1S2","MCLDSEFS","$$$\MCLDSEFS-4","","","1","4","4","Passive","","","","","","","","","","4"
"C:\Users\shiwei.yang\Desktop\dali\PCB_Project\Sheet2.SchDoc","NET_MEMBER","NET_MEMBER@FPVIe0_FL_BUS_S1@PIN@QZIREKOF@$$$\QZIREKOF-2","FPVIe0_FL_BUS_S1","PIN","K145_DCM_BUS0_L_S1.2","K145_DCM_BUS0_L_S1","QZIREKOF","$$$\QZIREKOF-2","","","1","2","NO","Passive","","","","","","","","","","2"
"C:\Users\shiwei.yang\Desktop\dali\PCB_Project\Sheet2.SchDoc","NET_MEMBER","NET_MEMBER@FPVIe0_FL_PC_S1@NET_LABEL@FPVIe0_FL_PC_S1@FPVIe0_FL_PC_S1","FPVIe0_FL_PC_S1","NET_LABEL","FPVIe0_FL_PC_S1","","","","","","","","","Passive","","","","","","","","","","FPVIe0_FL_PC_S1"
"C:\Users\shiwei.yang\Desktop\dali\PCB_Project\Sheet2.SchDoc","NET_MEMBER","NET_MEMBER@FPVIe0_FL_PC_S1@PIN@SPPLLCUF@$$$\SPPLLCUF-5","FPVIe0_FL_PC_S1","PIN","K90_PC0_Force_S1.5","K90_PC0_Force_S1","SPPLLCUF","$$$\SPPLLCUF-5","","","2","5","5","Passive","","","","","","","","","","5"
"C:\Users\shiwei.yang\Desktop\dali\PCB_Project\Sheet2.SchDoc","NET_TIE_ENDPOINT","NET_TIE_ENDPOINT@FPVIe0_FL_PC_S1@MGCCQPVB@$$$\MGCCQPVB-3","FPVIe0_FL_PC_S1","NET_TIE_PIN","NT2.3","NT2","MGCCQPVB","$$$\MGCCQPVB-3","NET_TIE","","1","3","net3","Passive","INTENTIONAL_SHORT_MEMBER","SHORT_GROUP_MEMBER","","","","","","","","3"
"C:\Users\shiwei.yang\Desktop\dali\PCB_Project\Sheet2.SchDoc","NET_MEMBER","NET_MEMBER@FPVIe0_SH_BUS_S1@NET_LABEL@FPVIe0_SH_BUS_S1@FPVIe0_SH_BUS_S1","FPVIe0_SH_BUS_S1","NET_LABEL","FPVIe0_SH_BUS_S1","","","","","","","","","Passive","","","","","","","","","","FPVIe0_SH_BUS_S1"
"C:\Users\shiwei.yang\Desktop\dali\PCB_Project\Sheet2.SchDoc","NET_MEMBER","NET_MEMBER@FPVIe0_SH_BUS_S1@PIN@MEPTULGE@$$$\MEPTULGE-6","FPVIe0_SH_BUS_S1","PIN","K30_BUSH_ACDRV_S1.6","K30_BUSH_ACDRV_S1","MEPTULGE","$$$\MEPTULGE-6","","","2","6","6","Passive","","","","","","","","","","6"
"C:\Users\shiwei.yang\Desktop\dali\PCB_Project\Sheet2.SchDoc","NET_MEMBER","NET_MEMBER@FPVIe0_SH_BUS_S1@PIN@GBHIASOU@$$$\GBHIASOU-6","FPVIe0_SH_BUS_S1","PIN","K35_BUSH_KLV_S1.6","K35_BUSH_KLV_S1","GBHIASOU","$$$\GBHIASOU-6","","","2","6","6","Passive","","","","","","","","","","6"
"C:\Users\shiwei.yang\Desktop\dali\PCB_Project\Sheet2.SchDoc","NET_MEMBER","NET_MEMBER@FPVIe0_SH_BUS_S1@PIN@IMGIBZGQ@$$$\IMGIBZGQ-1","FPVIe0_SH_BUS_S1","PIN","K46_BUS_SH_SW1_S1.1","K46_BUS_SH_SW1_S1","IMGIBZGQ","$$$\IMGIBZGQ-1","","","1","1","COMMON","Passive","","","","","","","","","","1"
"C:\Users\shiwei.yang\Desktop\dali\PCB_Project\Sheet2.SchDoc","NET_MEMBER","NET_MEMBER@FPVIe0_SH_BUS_S1@PIN@DPJHTTBK@$$$\DPJHTTBK-6","FPVIe0_SH_BUS_S1","PIN","K58_BUSH_VDM_S1.6","K58_BUSH_VDM_S1","DPJHTTBK","$$$\DPJHTTBK-6","","","2","6","6","Passive","","","","","","","","","","6"
"C:\Users\shiwei.yang\Desktop\dali\PCB_Project\Sheet2.SchDoc","NET_MEMBER","NET_MEMBER@FPVIe0_SH_BUS_S1@PIN@XTLUVTZR@$$$\XTLUVTZR-1","FPVIe0_SH_BUS_S1","PIN","K62_BUS_SH_QON_S1.1","K62_BUS_SH_QON_S1","XTLUVTZR","$$$\XTLUVTZR-1","","","1","1","COMMON","Passive","","","","","","","","","","1"
"C:\Users\shiwei.yang\Desktop\dali\PCB_Project\Sheet2.SchDoc","NET_MEMBER","NET_MEMBER@FPVIe0_SH_BUS_S1@PIN@HMLCELOX@$$$\HMLCELOX-6","FPVIe0_SH_BUS_S1","PIN","K83_BUSH_PMID_S1.6","K83_BUSH_PMID_S1","HMLCELOX","$$$\HMLCELOX-6","","","2","6","6","Passive","","","","","","","","","","6"
"C:\Users\shiwei.yang\Desktop\dali\PCB_Project\Sheet2.SchDoc","NET_MEMBER","NET_MEMBER@FPVIe0_SH_BUS_S1@PIN@DTCTDUKQ@$$$\DTCTDUKQ-2","FPVIe0_SH_BUS_S1","PIN","K88_KELVIN0_S1.2","K88_KELVIN0_S1","DTCTDUKQ","$$$\DTCTDUKQ-2","","","1","2","2","Passive","","","","","","","","","","2"
"C:\Users\shiwei.yang\Desktop\dali\PCB_Project\Sheet2.SchDoc","NET_MEMBER","NET_MEMBER@FPVIe0_SH_BUS_S1@PIN@SPPLLCUF@$$$\SPPLLCUF-7","FPVIe0_SH_BUS_S1","PIN","K90_PC0_Force_S1.7","K90_PC0_Force_S1","SPPLLCUF","$$$\SPPLLCUF-7","","","2","7","7","Passive","","","","","","","","","","7"
"C:\Users\shiwei.yang\Desktop\dali\PCB_Project\Sheet2.SchDoc","NET_MEMBER","NET_MEMBER@FPVIe0_SH_BUS_S1@PIN@IEXLXSIS@$$$\IEXLXSIS-2","FPVIe0_SH_BUS_S1","PIN","K137_QVMH_BUS1_S1.2","K137_QVMH_BUS1_S1","IEXLXSIS","$$$\IEXLXSIS-2","","","1","2","NO","Passive","","","","","","","","","","2"
"C:\Users\shiwei.yang\Desktop\dali\PCB_Project\Sheet2.SchDoc","NET_MEMBER","NET_MEMBER@FPVIe0_SH_BUS_S1@PIN@LSWFHECM@$$$\LSWFHECM-6","FPVIe0_SH_BUS_S1","PIN","K154_BUSH_AMUX_S1.6","K154_BUSH_AMUX_S1","LSWFHECM","$$$\LSWFHECM-6","","","2","6","6","Passive","","","","","","","","","","6"
"C:\Users\shiwei.yang\Desktop\dali\PCB_Project\Sheet2.SchDoc","NET_MEMBER","NET_MEMBER@FPVIe0_SH_BUS_S1@PIN@YSCWDQQI@$$$\YSCWDQQI-1","FPVIe0_SH_BUS_S1","PIN","K156_BUS_SH_VCN_S1.1","K156_BUS_SH_VCN_S1","YSCWDQQI","$$$\YSCWDQQI-1","","","1","1","COMMON","Passive","","","","","","","","","","1"
"C:\Users\shiwei.yang\Desktop\dali\PCB_Project\Sheet2.SchDoc","NET_MEMBER","NET_MEMBER@FPVIe0_SH_PC_S1@NET_LABEL@FPVIe0_SH_PC_S1@FPVIe0_SH_PC_S1","FPVIe0_SH_PC_S1","NET_LABEL","FPVIe0_SH_PC_S1","","","","","","","","","Passive","","","","","","","","","","FPVIe0_SH_PC_S1"
"C:\Users\shiwei.yang\Desktop\dali\PCB_Project\Sheet2.SchDoc","NET_MEMBER","NET_MEMBER@FPVIe0_SH_PC_S1@PIN@IFZWVOZR@$$$\IFZWVOZR-4","FPVIe0_SH_PC_S1","PIN","K91_PC0_Sense_S1.4","K91_PC0_Sense_S1","IFZWVOZR","$$$\IFZWVOZR-4","","","1","4","4","Passive","","","","","","","","","","4"
"C:\Users\shiwei.yang\Desktop\dali\PCB_Project\Sheet2.SchDoc","NET_TIE_ENDPOINT","NET_TIE_ENDPOINT@FPVIe0_SH_PC_S1@REXTUFSA@$$$\REXTUFSA-3","FPVIe0_SH_PC_S1","NET_TIE_PIN","NT1.3","NT1","REXTUFSA","$$$\REXTUFSA-3","NET_TIE","","1","3","net3","Passive","INTENTIONAL_SHORT_MEMBER","SHORT_GROUP_MEMBER","","","","","","","","3"
"C:\Users\shiwei.yang\Desktop\dali\PCB_Project\Sheet2.SchDoc","NET_MEMBER","NET_MEMBER@FPVIe0_SL_BUS_S1@NET_LABEL@FPVIe0_SL_BUS_S1@FPVIe0_SL_BUS_S1","FPVIe0_SL_BUS_S1","NET_LABEL","FPVIe0_SL_BUS_S1","","","","","","","","","Passive","","","","","","","","","","FPVIe0_SL_BUS_S1"
"C:\Users\shiwei.yang\Desktop\dali\PCB_Project\Sheet2.SchDoc","NET_MEMBER","NET_MEMBER@FPVIe0_SL_BUS_S1@PIN@CQLNLROO@$$$\CQLNLROO-6","FPVIe0_SL_BUS_S1","PIN","K3_BUSL_VBUS_S1.6","K3_BUSL_VBUS_S1","CQLNLROO","$$$\CQLNLROO-6","","","2","6","6","Passive","","","","","","","","","","6"
"C:\Users\shiwei.yang\Desktop\dali\PCB_Project\Sheet2.SchDoc","NET_MEMBER","NET_MEMBER@FPVIe0_SL_BUS_S1@PIN@XFTXKENH@$$$\XFTXKENH-6","FPVIe0_SL_BUS_S1","PIN","K17_BUSL_VAC_S1.6","K17_BUSL_VAC_S1","XFTXKENH","$$$\XFTXKENH-6","","","2","6","6","Passive","","","","","","","","","","6"
"C:\Users\shiwei.yang\Desktop\dali\PCB_Project\Sheet2.SchDoc","NET_MEMBER","NET_MEMBER@FPVIe0_SL_BUS_S1@PIN@SGQWGZTE@$$$\SGQWGZTE-6","FPVIe0_SL_BUS_S1","PIN","K29_BUSL_VCC_S1.6","K29_BUSL_VCC_S1","SGQWGZTE","$$$\SGQWGZTE-6","","","2","6","6","Passive","","","","","","","","","","6"
"C:\Users\shiwei.yang\Desktop\dali\PCB_Project\Sheet2.SchDoc","NET_MEMBER","NET_MEMBER@FPVIe0_SL_BUS_S1@PIN@CPSJUKIN@$$$\CPSJUKIN-6","FPVIe0_SL_BUS_S1","PIN","K32_BUSL_SCL_S1.6","K32_BUSL_SCL_S1","CPSJUKIN","$$$\CPSJUKIN-6","","","2","6","6","Passive","","","","","","","","","","6"
"C:\Users\shiwei.yang\Desktop\dali\PCB_Project\Sheet2.SchDoc","NET_MEMBER","NET_MEMBER@FPVIe0_SL_BUS_S1@PIN@QOYIZLYT@$$$\QOYIZLYT-1","FPVIe0_SL_BUS_S1","PIN","K41_BUS_SL_BST_S1.1","K41_BUS_SL_BST_S1","QOYIZLYT","$$$\QOYIZLYT-1","","","1","1","COMMON","Passive","","","","","","","","","","1"
"C:\Users\shiwei.yang\Desktop\dali\PCB_Project\Sheet2.SchDoc","NET_MEMBER","NET_MEMBER@FPVIe0_SL_BUS_S1@PIN@GOHMVFOC@$$$\GOHMVFOC-1","FPVIe0_SL_BUS_S1","PIN","K47_BUS_SL_SW1_S1.1","K47_BUS_SL_SW1_S1","GOHMVFOC","$$$\GOHMVFOC-1","","","1","1","COMMON","Passive","","","","","","","","","","1"
"C:\Users\shiwei.yang\Desktop\dali\PCB_Project\Sheet2.SchDoc","NET_MEMBER","NET_MEMBER@FPVIe0_SL_BUS_S1@PIN@LCPAYSUF@$$$\LCPAYSUF-6","FPVIe0_SL_BUS_S1","PIN","K51_BUSL_LG_S1.6","K51_BUSL_LG_S1","LCPAYSUF","$$$\LCPAYSUF-6","","","2","6","6","Passive","","","","","","","","","","6"
"C:\Users\shiwei.yang\Desktop\dali\PCB_Project\Sheet2.SchDoc","NET_MEMBER","NET_MEMBER@FPVIe0_SL_BUS_S1@PIN@IIYPXUMS@$$$\IIYPXUMS-6","FPVIe0_SL_BUS_S1","PIN","K60_BUSL_VCP_S1.6","K60_BUSL_VCP_S1","IIYPXUMS","$$$\IIYPXUMS-6","","","2","6","6","Passive","","","","","","","","","","6"
"C:\Users\shiwei.yang\Desktop\dali\PCB_Project\Sheet2.SchDoc","NET_MEMBER","NET_MEMBER@FPVIe0_SL_BUS_S1@PIN@HYGXIGSG@$$$\HYGXIGSG-7","FPVIe0_SL_BUS_S1","PIN","K88_KELVIN0_S1.7","K88_KELVIN0_S1","HYGXIGSG","$$$\HYGXIGSG-7","","","2","7","7","Passive","","","","","","","","","","7"
"C:\Users\shiwei.yang\Desktop\dali\PCB_Project\Sheet2.SchDoc","NET_MEMBER","NET_MEMBER@FPVIe0_SL_BUS_S1@PIN@VEYMFEHZ@$$$\VEYMFEHZ-2","FPVIe0_SL_BUS_S1","PIN","K90_PC0_Force_S1.2","K90_PC0_Force_S1","VEYMFEHZ","$$$\VEYMFEHZ-2","","","1","2","2","Passive","","","","","","","","","","2"
"C:\Users\shiwei.yang\Desktop\dali\PCB_Project\Sheet2.SchDoc","NET_MEMBER","NET_MEMBER@FPVIe0_SL_BUS_S1@PIN@XBEYYGHR@$$$\XBEYYGHR-2","FPVIe0_SL_BUS_S1","PIN","K138_QVML_BUS0_S1.2","K138_QVML_BUS0_S1","XBEYYGHR","$$$\XBEYYGHR-2","","","1","2","NO","Passive","","","","","","","","","","2"
"C:\Users\shiwei.yang\Desktop\dali\PCB_Project\Sheet2.SchDoc","NET_MEMBER","NET_MEMBER@FPVIe0_SL_PC_S1@NET_LABEL@FPVIe0_SL_PC_S1@FPVIe0_SL_PC_S1","FPVIe0_SL_PC_S1","NET_LABEL","FPVIe0_SL_PC_S1","","","","","","","","","Passive","","","","","","","","","","FPVIe0_SL_PC_S1"
"C:\Users\shiwei.yang\Desktop\dali\PCB_Project\Sheet2.SchDoc","NET_MEMBER","NET_MEMBER@FPVIe0_SL_PC_S1@PIN@MXDSTKTR@$$$\MXDSTKTR-5","FPVIe0_SL_PC_S1","PIN","K91_PC0_Sense_S1.5","K91_PC0_Sense_S1","MXDSTKTR","$$$\MXDSTKTR-5","","","2","5","5","Passive","","","","","","","","","","5"
"C:\Users\shiwei.yang\Desktop\dali\PCB_Project\Sheet2.SchDoc","NET_TIE_ENDPOINT","NET_TIE_ENDPOINT@FPVIe0_SL_PC_S1@MGCCQPVB@$$$\MGCCQPVB-2","FPVIe0_SL_PC_S1","NET_TIE_PIN","NT2.2","NT2","MGCCQPVB","$$$\MGCCQPVB-2","NET_TIE","","1","2","net2","Passive","INTENTIONAL_SHORT_MEMBER","SHORT_GROUP_MEMBER","","","","","","","","2"
"C:\Users\shiwei.yang\Desktop\dali\PCB_Project\Sheet2.SchDoc","NET_MEMBER","NET_MEMBER@FPVIe1_FH_BUS_S1@NET_LABEL@FPVIe1_FH_BUS_S1@FPVIe1_FH_BUS_S1","FPVIe1_FH_BUS_S1","NET_LABEL","FPVIe1_FH_BUS_S1","","","","","","","","","Passive","","","","","","","","","","FPVIe1_FH_BUS_S1"
"C:\Users\shiwei.yang\Desktop\dali\PCB_Project\Sheet2.SchDoc","NET_MEMBER","NET_MEMBER@FPVIe1_FH_BUS_S1@PIN@WOBDRTNC@$$$\WOBDRTNC-3","FPVIe1_FH_BUS_S1","PIN","K7_BUSH_VBAT_S1.3","K7_BUSH_VBAT_S1","WOBDRTNC","$$$\WOBDRTNC-3","","","1","3","3","Passive","","","","","","","","","","3"
"C:\Users\shiwei.yang\Desktop\dali\PCB_Project\Sheet2.SchDoc","NET_MEMBER","NET_MEMBER@FPVIe1_FH_BUS_S1@PIN@WWRJXDBV@$$$\WWRJXDBV-1","FPVIe1_FH_BUS_S1","PIN","K96_BUS_FH_CC1_S1.1","K96_BUS_FH_CC1_S1","WWRJXDBV","$$$\WWRJXDBV-1","","","1","1","COMMON","Passive","","","","","","","","","","1"
"C:\Users\shiwei.yang\Desktop\dali\PCB_Project\Sheet2.SchDoc","NET_MEMBER","NET_MEMBER@FPVIe1_FH_BUS_S1@PIN@KMVPDWSV@$$$\KMVPDWSV-1","FPVIe1_FH_BUS_S1","PIN","K101_BUS_FH_PA0_S1.1","K101_BUS_FH_PA0_S1","KMVPDWSV","$$$\KMVPDWSV-1","","","1","1","COMMON","Passive","","","","","","","","","","1"
"C:\Users\shiwei.yang\Desktop\dali\PCB_Project\Sheet2.SchDoc","NET_MEMBER","NET_MEMBER@FPVIe1_FH_BUS_S1@PIN@DNMZFTGT@$$$\DNMZFTGT-1","FPVIe1_FH_BUS_S1","PIN","K106_BUS_FH_PA1_S1.1","K106_BUS_FH_PA1_S1","DNMZFTGT","$$$\DNMZFTGT-1","","","1","1","COMMON","Passive","","","","","","","","","","1"
"C:\Users\shiwei.yang\Desktop\dali\PCB_Project\Sheet2.SchDoc","NET_MEMBER","NET_MEMBER@FPVIe1_FH_BUS_S1@PIN@BUZYNIQL@$$$\BUZYNIQL-1","FPVIe1_FH_BUS_S1","PIN","K111_BUS_FH_PA6_S1.1","K111_BUS_FH_PA6_S1","BUZYNIQL","$$$\BUZYNIQL-1","","","1","1","COMMON","Passive","","","","","","","","","","1"
"C:\Users\shiwei.yang\Desktop\dali\PCB_Project\Sheet2.SchDoc","NET_MEMBER","NET_MEMBER@FPVIe1_FH_BUS_S1@PIN@MFWHUXHB@$$$\MFWHUXHB-1","FPVIe1_FH_BUS_S1","PIN","K116_BUS_FH_PB7_S1.1","K116_BUS_FH_PB7_S1","MFWHUXHB","$$$\MFWHUXHB-1","","","1","1","COMMON","Passive","","","","","","","","","","1"
"C:\Users\shiwei.yang\Desktop\dali\PCB_Project\Sheet2.SchDoc","NET_MEMBER","NET_MEMBER@FPVIe1_FH_BUS_S1@PIN@TKPAKHDB@$$$\TKPAKHDB-1","FPVIe1_FH_BUS_S1","PIN","K120_BUS_FH_PA7_S1.1","K120_BUS_FH_PA7_S1","TKPAKHDB","$$$\TKPAKHDB-1","","","1","1","COMMON","Passive","","","","","","","","","","1"
"C:\Users\shiwei.yang\Desktop\dali\PCB_Project\Sheet2.SchDoc","NET_MEMBER","NET_MEMBER@FPVIe1_FH_BUS_S1@PIN@MJSVNQMY@$$$\MJSVNQMY-3","FPVIe1_FH_BUS_S1","PIN","K123_BUSL_PB5_S1.3","K123_BUSL_PB5_S1","MJSVNQMY","$$$\MJSVNQMY-3","","","1","3","3","Passive","","","","","","","","","","3"
"C:\Users\shiwei.yang\Desktop\dali\PCB_Project\Sheet2.SchDoc","NET_MEMBER","NET_MEMBER@FPVIe1_FH_BUS_S1@PIN@CQDIYGBF@$$$\CQDIYGBF-2","FPVIe1_FH_BUS_S1","PIN","K131_KELVIN1_S1S2.2","K131_KELVIN1_S1S2","CQDIYGBF","$$$\CQDIYGBF-2","","","1","2","2","Passive","","","","","","","","","","2"
"C:\Users\shiwei.yang\Desktop\dali\PCB_Project\Sheet2.SchDoc","NET_MEMBER","NET_MEMBER@FPVIe1_FH_BUS_S1@PIN@KTVTIPQF@$$$\KTVTIPQF-2","FPVIe1_FH_BUS_S1","PIN","K141_QTMU_BUSA_S1S2.2","K141_QTMU_BUSA_S1S2","KTVTIPQF","$$$\KTVTIPQF-2","","","1","2","2","Passive","","","","","","","","","","2"
"C:\Users\shiwei.yang\Desktop\dali\PCB_Project\Sheet2.SchDoc","NET_MEMBER","NET_MEMBER@FPVIe1_FH_BUS_S1@PIN@SSXDNBES@$$$\SSXDNBES-2","FPVIe1_FH_BUS_S1","PIN","K144_DCM_BUS1_H_S1.2","K144_DCM_BUS1_H_S1","SSXDNBES","$$$\SSXDNBES-2","","","1","2","NO","Passive","","","","","","","","","","2"
"C:\Users\shiwei.yang\Desktop\dali\PCB_Project\Sheet2.SchDoc","NET_MEMBER","NET_MEMBER@FPVIe1_FH_PC_S1@PORT@BST_F_S1@Output","FPVIe1_FH_PC_S1","PORT","BST_F_S1","","","","","","","","","Output","","","","","","","","","CONNECTED","BST_F_S1"
"C:\Users\shiwei.yang\Desktop\dali\PCB_Project\Sheet2.SchDoc","NET_MEMBER","NET_MEMBER@FPVIe1_FH_PC_S1@NET_LABEL@FPVIe1_FH_PC_S1@FPVIe1_FH_PC_S1","FPVIe1_FH_PC_S1","NET_LABEL","FPVIe1_FH_PC_S1","","","","","","","","","Passive","","","","","","","","","","FPVIe1_FH_PC_S1"
"C:\Users\shiwei.yang\Desktop\dali\PCB_Project\Sheet2.SchDoc","NET_MEMBER","NET_MEMBER@FPVIe1_FH_PC_S1@PIN@IEZNXRCJ@$$$\IEZNXRCJ-3","FPVIe1_FH_PC_S1","PIN","K57_CAP_BST_SW_S1S2.3","K57_CAP_BST_SW_S1S2","IEZNXRCJ","$$$\IEZNXRCJ-3","","","1","3","3","Passive","","","","","","","","","","3"
"C:\Users\shiwei.yang\Desktop\dali\PCB_Project\Sheet2.SchDoc","NET_MEMBER","NET_MEMBER@FPVIe1_FH_PC_S1@PIN@BTRQTUDU@$$$\BTRQTUDU-5","FPVIe1_FH_PC_S1","PIN","K76_ACM_BST_S1.5","K76_ACM_BST_S1","BTRQTUDU","$$$\BTRQTUDU-5","","","2","5","5","Passive","","","","","","","","","","5"
"C:\Users\shiwei.yang\Desktop\dali\PCB_Project\Sheet2.SchDoc","NET_MEMBER","NET_MEMBER@FPVIe1_FH_PC_S1@PIN@XQNMUPPD@$$$\XQNMUPPD-5","FPVIe1_FH_PC_S1","PIN","K110_BST_S1.5","K110_BST_S1","XQNMUPPD","$$$\XQNMUPPD-5","","","2","5","5","Passive","","","","","","","","","","5"
"C:\Users\shiwei.yang\Desktop\dali\PCB_Project\Sheet2.SchDoc","NET_MEMBER","NET_MEMBER@FPVIe1_FH_PC_S1@PIN@TWTUADFL@$$$\TWTUADFL-4","FPVIe1_FH_PC_S1","PIN","K134_PC1_Force_S1.4","K134_PC1_Force_S1","TWTUADFL","$$$\TWTUADFL-4","","","1","4","4","Passive","","","","","","","","","","4"
"C:\Users\shiwei.yang\Desktop\dali\PCB_Project\Sheet2.SchDoc","NET_MEMBER","NET_MEMBER@FPVIe1_FH_PC_S1@PIN@ZQMYUREP@$$$\ZQMYUREP-1","FPVIe1_FH_PC_S1","PIN","R_BST_S1.1","R_BST_S1","ZQMYUREP","$$$\ZQMYUREP-1","","","1","1","1","Passive","","","","","","","","","","1"
"C:\Users\shiwei.yang\Desktop\dali\PCB_Project\Sheet2.SchDoc","NET_MEMBER","NET_MEMBER@FPVIe1_FH_PC_S1@PIN@GFMUHMKK@$$$\GFMUHMKK-1","FPVIe1_FH_PC_S1","PIN","TP_BST_F_S1.1","TP_BST_F_S1","GFMUHMKK","$$$\GFMUHMKK-1","","","1","1","1","Passive","","","","","","","","","","1"
"C:\Users\shiwei.yang\Desktop\dali\PCB_Project\Sheet2.SchDoc","NET_MEMBER","NET_MEMBER@FPVIe1_FL_BUS_S1@NET_LABEL@FPVIe1_FL_BUS_S1@FPVIe1_FL_BUS_S1","FPVIe1_FL_BUS_S1","NET_LABEL","FPVIe1_FL_BUS_S1","","","","","","","","","Passive","","","","","","","","","","FPVIe1_FL_BUS_S1"
"C:\Users\shiwei.yang\Desktop\dali\PCB_Project\Sheet2.SchDoc","NET_MEMBER","NET_MEMBER@FPVIe1_FL_BUS_S1@PIN@ECWLUSQT@$$$\ECWLUSQT-1","FPVIe1_FL_BUS_S1","PIN","K94_BUS_FL_PC8_S1.1","K94_BUS_FL_PC8_S1","ECWLUSQT","$$$\ECWLUSQT-1","","","1","1","COMMON","Passive","","","","","","","","","","1"
"C:\Users\shiwei.yang\Desktop\dali\PCB_Project\Sheet2.SchDoc","NET_MEMBER","NET_MEMBER@FPVIe1_FL_BUS_S1@PIN@JONLKEYL@$$$\JONLKEYL-3","FPVIe1_FL_BUS_S1","PIN","K99_BUSL_PB5_S1.3","K99_BUSL_PB5_S1","JONLKEYL","$$$\JONLKEYL-3","","","1","3","3","Passive","","","","","","","","","","3"
"C:\Users\shiwei.yang\Desktop\dali\PCB_Project\Sheet2.SchDoc","NET_MEMBER","NET_MEMBER@FPVIe1_FL_BUS_S1@PIN@OFRSLPIP@$$$\OFRSLPIP-1","FPVIe1_FL_BUS_S1","PIN","K104_BUS_FL_PD5_S1.1","K104_BUS_FL_PD5_S1","OFRSLPIP","$$$\OFRSLPIP-1","","","1","1","COMMON","Passive","","","","","","","","","","1"
"C:\Users\shiwei.yang\Desktop\dali\PCB_Project\Sheet2.SchDoc","NET_MEMBER","NET_MEMBER@FPVIe1_FL_BUS_S1@PIN@AIIQGUCK@$$$\AIIQGUCK-3","FPVIe1_FL_BUS_S1","PIN","K109_BUSL_PB0_S1.3","K109_BUSL_PB0_S1","AIIQGUCK","$$$\AIIQGUCK-3","","","1","3","3","Passive","","","","","","","","","","3"
"C:\Users\shiwei.yang\Desktop\dali\PCB_Project\Sheet2.SchDoc","NET_MEMBER","NET_MEMBER@FPVIe1_FL_BUS_S1@PIN@GDYLJDQU@$$$\GDYLJDQU-3","FPVIe1_FL_BUS_S1","PIN","K114_BUSL_PA5_S1.3","K114_BUSL_PA5_S1","GDYLJDQU","$$$\GDYLJDQU-3","","","1","3","3","Passive","","","","","","","","","","3"
"C:\Users\shiwei.yang\Desktop\dali\PCB_Project\Sheet2.SchDoc","NET_MEMBER","NET_MEMBER@FPVIe1_FL_BUS_S1@PIN@JHODAGYI@$$$\JHODAGYI-1","FPVIe1_FL_BUS_S1","PIN","K118_BUS_FL_PA4_S1.1","K118_BUS_FL_PA4_S1","JHODAGYI","$$$\JHODAGYI-1","","","1","1","COMMON","Passive","","","","","","","","","","1"
"C:\Users\shiwei.yang\Desktop\dali\PCB_Project\Sheet2.SchDoc","NET_MEMBER","NET_MEMBER@FPVIe1_FL_BUS_S1@PIN@ZJKQOISP@$$$\ZJKQOISP-2","FPVIe1_FL_BUS_S1","PIN","K133_KELVIN1_S1S2.2","K133_KELVIN1_S1S2","ZJKQOISP","$$$\ZJKQOISP-2","","","1","2","2","Passive","","","","","","","","","","2"
"C:\Users\shiwei.yang\Desktop\dali\PCB_Project\Sheet2.SchDoc","NET_MEMBER","NET_MEMBER@FPVIe1_FL_BUS_S1@PIN@MCLDSEFS@$$$\MCLDSEFS-2","FPVIe1_FL_BUS_S1","PIN","K142_QTMU_BUSB_S1S2.2","K142_QTMU_BUSB_S1S2","MCLDSEFS","$$$\MCLDSEFS-2","","","1","2","2","Passive","","","","","","","","","","2"
"C:\Users\shiwei.yang\Desktop\dali\PCB_Project\Sheet2.SchDoc","NET_MEMBER","NET_MEMBER@FPVIe1_FL_BUS_S1@PIN@QXJZQMCN@$$$\QXJZQMCN-2","FPVIe1_FL_BUS_S1","PIN","K146_DCM_BUS1_L_S1.2","K146_DCM_BUS1_L_S1","QXJZQMCN","$$$\QXJZQMCN-2","","","1","2","NO","Passive","","","","","","","","","","2"
"C:\Users\shiwei.yang\Desktop\dali\PCB_Project\Sheet2.SchDoc","NET_MEMBER","NET_MEMBER@FPVIe1_FL_PC_S1@PORT@BST_S_S1@Output","FPVIe1_FL_PC_S1","PORT","BST_S_S1","","","","","","","","","Output","","","","","","","","","CONNECTED","BST_S_S1"
"C:\Users\shiwei.yang\Desktop\dali\PCB_Project\Sheet2.SchDoc","NET_MEMBER","NET_MEMBER@FPVIe1_FL_PC_S1@PORT@SW_F_S1@Output","FPVIe1_FL_PC_S1","PORT","SW_F_S1","","","","","","","","","Output","","","","","","","","","CONNECTED","SW_F_S1"
"C:\Users\shiwei.yang\Desktop\dali\PCB_Project\Sheet2.SchDoc","NET_MEMBER","NET_MEMBER@FPVIe1_FL_PC_S1@NET_LABEL@FPVIe1_FL_PC_S1@FPVIe1_FL_PC_S1","FPVIe1_FL_PC_S1","NET_LABEL","FPVIe1_FL_PC_S1","","","","","","","","","Passive","","","","","","","","","","FPVIe1_FL_PC_S1"
"C:\Users\shiwei.yang\Desktop\dali\PCB_Project\Sheet2.SchDoc","NET_MEMBER","NET_MEMBER@FPVIe1_FL_PC_S1@PIN@GRRVTZCK@$$$\GRRVTZCK-2","FPVIe1_FL_PC_S1","PIN","Cap_SW_BST_S1.2","Cap_SW_BST_S1","GRRVTZCK","$$$\GRRVTZCK-2","","","1","2","2","Passive","","","","","","","","","","2"
"C:\Users\shiwei.yang\Desktop\dali\PCB_Project\Sheet2.SchDoc","NET_MEMBER","NET_MEMBER@FPVIe1_FL_PC_S1@PIN@VXWHFVRT@$$$\VXWHFVRT-1","FPVIe1_FL_PC_S1","PIN","D_BST_SW_S1.1","D_BST_SW_S1","VXWHFVRT","$$$\VXWHFVRT-1","","","1","1","A","Passive","","","","","","","","","","1"
"C:\Users\shiwei.yang\Desktop\dali\PCB_Project\Sheet2.SchDoc","NET_MEMBER","NET_MEMBER@FPVIe1_FL_PC_S1@PIN@TWFOPUXZ@$$$\TWFOPUXZ-5","FPVIe1_FL_PC_S1","PIN","K61_SW_S1.5","K61_SW_S1","TWFOPUXZ","$$$\TWFOPUXZ-5","","","2","5","5","Passive","","","","","","","","","","5"
"C:\Users\shiwei.yang\Desktop\dali\PCB_Project\Sheet2.SchDoc","NET_MEMBER","NET_MEMBER@FPVIe1_FL_PC_S1@PIN@HXWSFPLJ@$$$\HXWSFPLJ-4","FPVIe1_FL_PC_S1","PIN","K76_ACM_BST_S1.4","K76_ACM_BST_S1","HXWSFPLJ","$$$\HXWSFPLJ-4","","","1","4","4","Passive","","","","","","","","","","4"
"C:\Users\shiwei.yang\Desktop\dali\PCB_Project\Sheet2.SchDoc","NET_MEMBER","NET_MEMBER@FPVIe1_FL_PC_S1@PIN@NOLPAYWM@$$$\NOLPAYWM-4","FPVIe1_FL_PC_S1","PIN","K110_BST_S1.4","K110_BST_S1","NOLPAYWM","$$$\NOLPAYWM-4","","","1","4","4","Passive","","","","","","","","","","4"
"C:\Users\shiwei.yang\Desktop\dali\PCB_Project\Sheet2.SchDoc","NET_MEMBER","NET_MEMBER@FPVIe1_FL_PC_S1@PIN@RBNRPIOM@$$$\RBNRPIOM-5","FPVIe1_FL_PC_S1","PIN","K134_PC1_Force_S1.5","K134_PC1_Force_S1","RBNRPIOM","$$$\RBNRPIOM-5","","","2","5","5","Passive","","","","","","","","","","5"
"C:\Users\shiwei.yang\Desktop\dali\PCB_Project\Sheet2.SchDoc","NET_MEMBER","NET_MEMBER@FPVIe1_FL_PC_S1@PIN@NCQHRKFS@$$$\NCQHRKFS-4","FPVIe1_FL_PC_S1","PIN","K135_PC1_Sense_S1.4","K135_PC1_Sense_S1","NCQHRKFS","$$$\NCQHRKFS-4","","","1","4","4","Passive","","","","","","","","","","4"
"C:\Users\shiwei.yang\Desktop\dali\PCB_Project\Sheet2.SchDoc","NET_MEMBER","NET_MEMBER@FPVIe1_FL_PC_S1@PIN@ZQMYUREP@$$$\ZQMYUREP-2","FPVIe1_FL_PC_S1","PIN","R_BST_S1.2","R_BST_S1","ZQMYUREP","$$$\ZQMYUREP-2","","","1","2","2","Passive","","","","","","","","","","2"
"C:\Users\shiwei.yang\Desktop\dali\PCB_Project\Sheet2.SchDoc","NET_MEMBER","NET_MEMBER@FPVIe1_FL_PC_S1@PIN@NFAPYAWI@$$$\NFAPYAWI-1","FPVIe1_FL_PC_S1","PIN","R_SW_S1.1","R_SW_S1","NFAPYAWI","$$$\NFAPYAWI-1","","","1","1","1","Passive","","","","","","","","","","1"
"C:\Users\shiwei.yang\Desktop\dali\PCB_Project\Sheet2.SchDoc","NET_MEMBER","NET_MEMBER@FPVIe1_FL_PC_S1@PIN@FOGTNWAP@$$$\FOGTNWAP-1","FPVIe1_FL_PC_S1","PIN","TP_BST_S_S1.1","TP_BST_S_S1","FOGTNWAP","$$$\FOGTNWAP-1","","","1","1","1","Passive","","","","","","","","","","1"
"C:\Users\shiwei.yang\Desktop\dali\PCB_Project\Sheet2.SchDoc","NET_MEMBER","NET_MEMBER@FPVIe1_FL_PC_S1@PIN@YZXNFBNQ@$$$\YZXNFBNQ-1","FPVIe1_FL_PC_S1","PIN","TP_SW_F_S1.1","TP_SW_F_S1","YZXNFBNQ","$$$\YZXNFBNQ-1","","","1","1","1","Passive","","","","","","","","","","1"
"C:\Users\shiwei.yang\Desktop\dali\PCB_Project\Sheet2.SchDoc","NET_MEMBER","NET_MEMBER@FPVIe1_SH_BUS_S1@NET_LABEL@FPVIe1_SH_BUS_S1@FPVIe1_SH_BUS_S1","FPVIe1_SH_BUS_S1","NET_LABEL","FPVIe1_SH_BUS_S1","","","","","","","","","Passive","","","","","","","","","","FPVIe1_SH_BUS_S1"
"C:\Users\shiwei.yang\Desktop\dali\PCB_Project\Sheet2.SchDoc","NET_MEMBER","NET_MEMBER@FPVIe1_SH_BUS_S1@PIN@WAPHKVAE@$$$\WAPHKVAE-6","FPVIe1_SH_BUS_S1","PIN","K7_BUSH_VBAT_S1.6","K7_BUSH_VBAT_S1","WAPHKVAE","$$$\WAPHKVAE-6","","","2","6","6","Passive","","","","","","","","","","6"
"C:\Users\shiwei.yang\Desktop\dali\PCB_Project\Sheet2.SchDoc","NET_MEMBER","NET_MEMBER@FPVIe1_SH_BUS_S1@PIN@TFDVBSCK@$$$\TFDVBSCK-1","FPVIe1_SH_BUS_S1","PIN","K96_BUS_SH_CC1_S1.1","K96_BUS_SH_CC1_S1","TFDVBSCK","$$$\TFDVBSCK-1","","","1","1","COMMON","Passive","","","","","","","","","","1"
"C:\Users\shiwei.yang\Desktop\dali\PCB_Project\Sheet2.SchDoc","NET_MEMBER","NET_MEMBER@FPVIe1_SH_BUS_S1@PIN@TKKJVBJE@$$$\TKKJVBJE-1","FPVIe1_SH_BUS_S1","PIN","K101_BUS_SH_PA0_S1.1","K101_BUS_SH_PA0_S1","TKKJVBJE","$$$\TKKJVBJE-1","","","1","1","COMMON","Passive","","","","","","","","","","1"
"C:\Users\shiwei.yang\Desktop\dali\PCB_Project\Sheet2.SchDoc","NET_MEMBER","NET_MEMBER@FPVIe1_SH_BUS_S1@PIN@TWNJUSEF@$$$\TWNJUSEF-1","FPVIe1_SH_BUS_S1","PIN","K106_BUS_SH_PA1_S1.1","K106_BUS_SH_PA1_S1","TWNJUSEF","$$$\TWNJUSEF-1","","","1","1","COMMON","Passive","","","","","","","","","","1"
"C:\Users\shiwei.yang\Desktop\dali\PCB_Project\Sheet2.SchDoc","NET_MEMBER","NET_MEMBER@FPVIe1_SH_BUS_S1@PIN@EFNNTZCQ@$$$\EFNNTZCQ-1","FPVIe1_SH_BUS_S1","PIN","K111_BUS_SH_PA6_S1.1","K111_BUS_SH_PA6_S1","EFNNTZCQ","$$$\EFNNTZCQ-1","","","1","1","COMMON","Passive","","","","","","","","","","1"
"C:\Users\shiwei.yang\Desktop\dali\PCB_Project\Sheet2.SchDoc","NET_MEMBER","NET_MEMBER@FPVIe1_SH_BUS_S1@PIN@THOZWDLF@$$$\THOZWDLF-1","FPVIe1_SH_BUS_S1","PIN","K116_BUS_SH_PB7_S1.1","K116_BUS_SH_PB7_S1","THOZWDLF","$$$\THOZWDLF-1","","","1","1","COMMON","Passive","","","","","","","","","","1"
"C:\Users\shiwei.yang\Desktop\dali\PCB_Project\Sheet2.SchDoc","NET_MEMBER","NET_MEMBER@FPVIe1_SH_BUS_S1@PIN@XDMVSPWC@$$$\XDMVSPWC-1","FPVIe1_SH_BUS_S1","PIN","K120_BUS_SH_PA7_S1.1","K120_BUS_SH_PA7_S1","XDMVSPWC","$$$\XDMVSPWC-1","","","1","1","COMMON","Passive","","","","","","","","","","1"
"C:\Users\shiwei.yang\Desktop\dali\PCB_Project\Sheet2.SchDoc","NET_MEMBER","NET_MEMBER@FPVIe1_SH_BUS_S1@PIN@TWBGDWDJ@$$$\TWBGDWDJ-6","FPVIe1_SH_BUS_S1","PIN","K123_BUSL_PB5_S1.6","K123_BUSL_PB5_S1","TWBGDWDJ","$$$\TWBGDWDJ-6","","","2","6","6","Passive","","","","","","","","","","6"
"C:\Users\shiwei.yang\Desktop\dali\PCB_Project\Sheet2.SchDoc","NET_MEMBER","NET_MEMBER@FPVIe1_SH_BUS_S1@PIN@JWXNARPP@$$$\JWXNARPP-2","FPVIe1_SH_BUS_S1","PIN","K132_KELVIN1_S1.2","K132_KELVIN1_S1","JWXNARPP","$$$\JWXNARPP-2","","","1","2","2","Passive","","","","","","","","","","2"
"C:\Users\shiwei.yang\Desktop\dali\PCB_Project\Sheet2.SchDoc","NET_MEMBER","NET_MEMBER@FPVIe1_SH_BUS_S1@PIN@RBNRPIOM@$$$\RBNRPIOM-7","FPVIe1_SH_BUS_S1","PIN","K134_PC1_Force_S1.7","K134_PC1_Force_S1","RBNRPIOM","$$$\RBNRPIOM-7","","","2","7","7","Passive","","","","","","","","","","7"
"C:\Users\shiwei.yang\Desktop\dali\PCB_Project\Sheet2.SchDoc","NET_MEMBER","NET_MEMBER@FPVIe1_SH_BUS_S1@PIN@SFFZCWYU@$$$\SFFZCWYU-2","FPVIe1_SH_BUS_S1","PIN","K136_QVMH_BUS0_S1.2","K136_QVMH_BUS0_S1","SFFZCWYU","$$$\SFFZCWYU-2","","","1","2","NO","Passive","","","","","","","","","","2"
"C:\Users\shiwei.yang\Desktop\dali\PCB_Project\Sheet2.SchDoc","NET_MEMBER","NET_MEMBER@FPVIe1_SL_BUS_S1@NET_LABEL@FPVIe1_SL_BUS_S1@FPVIe1_SL_BUS_S1","FPVIe1_SL_BUS_S1","NET_LABEL","FPVIe1_SL_BUS_S1","","","","","","","","","Passive","","","","","","","","","","FPVIe1_SL_BUS_S1"
"C:\Users\shiwei.yang\Desktop\dali\PCB_Project\Sheet2.SchDoc","NET_MEMBER","NET_MEMBER@FPVIe1_SL_BUS_S1@PIN@XFGNZOJF@$$$\XFGNZOJF-1","FPVIe1_SL_BUS_S1","PIN","K94_BUS_SL_PC8_S1.1","K94_BUS_SL_PC8_S1","XFGNZOJF","$$$\XFGNZOJF-1","","","1","1","COMMON","Passive","","","","","","","","","","1"
"C:\Users\shiwei.yang\Desktop\dali\PCB_Project\Sheet2.SchDoc","NET_MEMBER","NET_MEMBER@FPVIe1_SL_BUS_S1@PIN@IRSMADGU@$$$\IRSMADGU-6","FPVIe1_SL_BUS_S1","PIN","K99_BUSL_PB5_S1.6","K99_BUSL_PB5_S1","IRSMADGU","$$$\IRSMADGU-6","","","2","6","6","Passive","","","","","","","","","","6"
"C:\Users\shiwei.yang\Desktop\dali\PCB_Project\Sheet2.SchDoc","NET_MEMBER","NET_MEMBER@FPVIe1_SL_BUS_S1@PIN@RWAFMLJX@$$$\RWAFMLJX-1","FPVIe1_SL_BUS_S1","PIN","K104_BUS_SL_PD5_S1.1","K104_BUS_SL_PD5_S1","RWAFMLJX","$$$\RWAFMLJX-1","","","1","1","COMMON","Passive","","","","","","","","","","1"
"C:\Users\shiwei.yang\Desktop\dali\PCB_Project\Sheet2.SchDoc","NET_MEMBER","NET_MEMBER@FPVIe1_SL_BUS_S1@PIN@REJTYYHD@$$$\REJTYYHD-6","FPVIe1_SL_BUS_S1","PIN","K109_BUSL_PB0_S1.6","K109_BUSL_PB0_S1","REJTYYHD","$$$\REJTYYHD-6","","","2","6","6","Passive","","","","","","","","","","6"
"C:\Users\shiwei.yang\Desktop\dali\PCB_Project\Sheet2.SchDoc","NET_MEMBER","NET_MEMBER@FPVIe1_SL_BUS_S1@PIN@RQDHACWR@$$$\RQDHACWR-6","FPVIe1_SL_BUS_S1","PIN","K114_BUSL_PA5_S1.6","K114_BUSL_PA5_S1","RQDHACWR","$$$\RQDHACWR-6","","","2","6","6","Passive","","","","","","","","","","6"
"C:\Users\shiwei.yang\Desktop\dali\PCB_Project\Sheet2.SchDoc","NET_MEMBER","NET_MEMBER@FPVIe1_SL_BUS_S1@PIN@UOPJJRGR@$$$\UOPJJRGR-1","FPVIe1_SL_BUS_S1","PIN","K118_BUS_SL_PA4_S1.1","K118_BUS_SL_PA4_S1","UOPJJRGR","$$$\UOPJJRGR-1","","","1","1","COMMON","Passive","","","","","","","","","","1"
"C:\Users\shiwei.yang\Desktop\dali\PCB_Project\Sheet2.SchDoc","NET_MEMBER","NET_MEMBER@FPVIe1_SL_BUS_S1@PIN@ZGIJMCOE@$$$\ZGIJMCOE-7","FPVIe1_SL_BUS_S1","PIN","K132_KELVIN1_S1.7","K132_KELVIN1_S1","ZGIJMCOE","$$$\ZGIJMCOE-7","","","2","7","7","Passive","","","","","","","","","","7"
"C:\Users\shiwei.yang\Desktop\dali\PCB_Project\Sheet2.SchDoc","NET_MEMBER","NET_MEMBER@FPVIe1_SL_BUS_S1@PIN@YORXTMKK@$$$\YORXTMKK-2","FPVIe1_SL_BUS_S1","PIN","K139_QVML_BUS1_S1.2","K139_QVML_BUS1_S1","YORXTMKK","$$$\YORXTMKK-2","","","1","2","NO","Passive","","","","","","","","","","2"
"C:\Users\shiwei.yang\Desktop\dali\PCB_Project\Sheet2.SchDoc","NET_MEMBER","NET_MEMBER@FPVIe1_SL_PC_S1@PORT@SW_S_S1@Output","FPVIe1_SL_PC_S1","PORT","SW_S_S1","","","","","","","","","Output","","","","","","","","","CONNECTED","SW_S_S1"
"C:\Users\shiwei.yang\Desktop\dali\PCB_Project\Sheet2.SchDoc","NET_MEMBER","NET_MEMBER@FPVIe1_SL_PC_S1@NET_LABEL@FPVIe1_SL_PC_S1@FPVIe1_SL_PC_S1","FPVIe1_SL_PC_S1","NET_LABEL","FPVIe1_SL_PC_S1","","","","","","","","","Passive","","","","","","","","","","FPVIe1_SL_PC_S1"
"C:\Users\shiwei.yang\Desktop\dali\PCB_Project\Sheet2.SchDoc","NET_MEMBER","NET_MEMBER@FPVIe1_SL_PC_S1@PIN@RJIWJJXF@$$$\RJIWJJXF-4","FPVIe1_SL_PC_S1","PIN","K61_SW_S1.4","K61_SW_S1","RJIWJJXF","$$$\RJIWJJXF-4","","","1","4","4","Passive","","","","","","","","","","4"
"C:\Users\shiwei.yang\Desktop\dali\PCB_Project\Sheet2.SchDoc","NET_MEMBER","NET_MEMBER@FPVIe1_SL_PC_S1@PIN@VBYJNKEM@$$$\VBYJNKEM-5","FPVIe1_SL_PC_S1","PIN","K135_PC1_Sense_S1.5","K135_PC1_Sense_S1","VBYJNKEM","$$$\VBYJNKEM-5","","","2","5","5","Passive","","","","","","","","","","5"
"C:\Users\shiwei.yang\Desktop\dali\PCB_Project\Sheet2.SchDoc","NET_MEMBER","NET_MEMBER@FPVIe1_SL_PC_S1@PIN@NFAPYAWI@$$$\NFAPYAWI-2","FPVIe1_SL_PC_S1","PIN","R_SW_S1.2","R_SW_S1","NFAPYAWI","$$$\NFAPYAWI-2","","","1","2","2","Passive","","","","","","","","","","2"
"C:\Users\shiwei.yang\Desktop\dali\PCB_Project\Sheet2.SchDoc","NET_MEMBER","NET_MEMBER@FPVIe1_SL_PC_S1@PIN@UKXECCCD@$$$\UKXECCCD-1","FPVIe1_SL_PC_S1","PIN","TP_SW_S_S1.1","TP_SW_S_S1","UKXECCCD","$$$\UKXECCCD-1","","","1","1","1","Passive","","","","","","","","","","1"
"C:\Users\shiwei.yang\Desktop\dali\PCB_Project\Sheet2.SchDoc","NET_MEMBER","NET_MEMBER@JGND@POWER_PORT@JGND@JGND","JGND","POWER_PORT","JGND","","","","","","","","","Power","","","","","","","","","","JGND"
"C:\Users\shiwei.yang\Desktop\dali\PCB_Project\Sheet2.SchDoc","NET_MEMBER","NET_MEMBER@JGND@PIN@IOSEFBPT@$$$\IOSEFBPT-1","JGND","PIN","EEPROM.1","EEPROM","IOSEFBPT","$$$\IOSEFBPT-1","","","1","1","NC","Passive","","","","","","","","","","1"
"C:\Users\shiwei.yang\Desktop\dali\PCB_Project\Sheet2.SchDoc","NET_MEMBER","NET_MEMBER@JGND@PIN@IOSEFBPT@$$$\IOSEFBPT-2","JGND","PIN","EEPROM.2","EEPROM","IOSEFBPT","$$$\IOSEFBPT-2","","","1","2","A1","Passive","","","","","","","","","","2"
"C:\Users\shiwei.yang\Desktop\dali\PCB_Project\Sheet2.SchDoc","NET_MEMBER","NET_MEMBER@JGND@PIN@IOSEFBPT@$$$\IOSEFBPT-3","JGND","PIN","EEPROM.3","EEPROM","IOSEFBPT","$$$\IOSEFBPT-3","","","1","3","A2","Passive","","","","","","","","","","3"
"C:\Users\shiwei.yang\Desktop\dali\PCB_Project\Sheet2.SchDoc","NET_MEMBER","NET_MEMBER@JGND@PIN@IOSEFBPT@$$$\IOSEFBPT-4","JGND","PIN","EEPROM.4","EEPROM","IOSEFBPT","$$$\IOSEFBPT-4","","","1","4","VSS","Passive","","","","","","","","","","4"
"C:\Users\shiwei.yang\Desktop\dali\PCB_Project\Sheet2.SchDoc","NET_MEMBER","NET_MEMBER@JGND@PIN@IOSEFBPT@$$$\IOSEFBPT-7","JGND","PIN","EEPROM.7","EEPROM","IOSEFBPT","$$$\IOSEFBPT-7","","","1","7","WP","Passive","","","","","","","","","","7"
"C:\Users\shiwei.yang\Desktop\dali\PCB_Project\Sheet2.SchDoc","NET_MEMBER","NET_MEMBER@JGND@PIN@DUHQNDIY@$$$\DUHQNDIY-2","JGND","PIN","R_JGND_S1.2","R_JGND_S1","DUHQNDIY","$$$\DUHQNDIY-2","","","1","2","2","Passive","","","","","","","","","","2"
"C:\Users\shiwei.yang\Desktop\dali\PCB_Project\Sheet2.SchDoc","NET_MEMBER","NET_MEMBER@KLV_FORCE_S1@PORT@S5_ACM200_FH3@I/O","KLV_FORCE_S1","PORT","S5_ACM200_FH3","","","","","","","","","I/O","","","","","","","","","CONNECTED","S5_ACM200_FH3"
"C:\Users\shiwei.yang\Desktop\dali\PCB_Project\Sheet2.SchDoc","NET_MEMBER","NET_MEMBER@KLV_FORCE_S1@NET_LABEL@KLV_FORCE_S1@KLV_FORCE_S1","KLV_FORCE_S1","NET_LABEL","KLV_FORCE_S1","","","","","","","","","Passive","","","","","","","","","","KLV_FORCE_S1"
"C:\Users\shiwei.yang\Desktop\dali\PCB_Project\Sheet2.SchDoc","NET_MEMBER","NET_MEMBER@KLV_FORCE_S1@PIN@QJRTEQZV@$$$\QJRTEQZV-4","KLV_FORCE_S1","PIN","K35_BUSH_KLV_S1.4","K35_BUSH_KLV_S1","QJRTEQZV","$$$\QJRTEQZV-4","","","1","4","4","Passive","","","","","","","","","","4"
"C:\Users\shiwei.yang\Desktop\dali\PCB_Project\Sheet2.SchDoc","NET_MEMBER","NET_MEMBER@KLV_FORCE_S1@PIN@PIAYWEPJ@$$$\PIAYWEPJ-3","KLV_FORCE_S1","PIN","K36_PGND_WL_S1.3","K36_PGND_WL_S1","PIAYWEPJ","$$$\PIAYWEPJ-3","","","1","3","3","Passive","","","","","","","","","","3"
"C:\Users\shiwei.yang\Desktop\dali\PCB_Project\Sheet2.SchDoc","NET_MEMBER","NET_MEMBER@KLV_FORCE_S1@PIN@UVJVWGXW@$$$\UVJVWGXW-2","KLV_FORCE_S1","PIN","K73_VCN_F_S1.2","K73_VCN_F_S1","UVJVWGXW","$$$\UVJVWGXW-2","","","1","2","NO","Passive","","","","","","","","","","2"
"C:\Users\shiwei.yang\Desktop\dali\PCB_Project\Sheet2.SchDoc","NET_MEMBER","NET_MEMBER@KLV_SENSE_S1@PORT@S5_ACM200_SH3@I/O","KLV_SENSE_S1","PORT","S5_ACM200_SH3","","","","","","","","","I/O","","","","","","","","","CONNECTED","S5_ACM200_SH3"
"C:\Users\shiwei.yang\Desktop\dali\PCB_Project\Sheet2.SchDoc","NET_MEMBER","NET_MEMBER@KLV_SENSE_S1@NET_LABEL@KLV_SENSE_S1@KLV_SENSE_S1","KLV_SENSE_S1","NET_LABEL","KLV_SENSE_S1","","","","","","","","","Passive","","","","","","","","","","KLV_SENSE_S1"
"C:\Users\shiwei.yang\Desktop\dali\PCB_Project\Sheet2.SchDoc","NET_MEMBER","NET_MEMBER@KLV_SENSE_S1@PIN@GBHIASOU@$$$\GBHIASOU-5","KLV_SENSE_S1","PIN","K35_BUSH_KLV_S1.5","K35_BUSH_KLV_S1","GBHIASOU","$$$\GBHIASOU-5","","","2","5","5","Passive","","","","","","","","","","5"
"C:\Users\shiwei.yang\Desktop\dali\PCB_Project\Sheet2.SchDoc","NET_MEMBER","NET_MEMBER@KLV_SENSE_S1@PIN@AXIBNBVH@$$$\AXIBNBVH-6","KLV_SENSE_S1","PIN","K36_PGND_WL_S1.6","K36_PGND_WL_S1","AXIBNBVH","$$$\AXIBNBVH-6","","","2","6","6","Passive","","","","","","","","","","6"
"C:\Users\shiwei.yang\Desktop\dali\PCB_Project\Sheet2.SchDoc","NET_MEMBER","NET_MEMBER@KLV_SENSE_S1@PIN@UZCRWROK@$$$\UZCRWROK-2","KLV_SENSE_S1","PIN","K79_KLV_S_S1.2","K79_KLV_S_S1","UZCRWROK","$$$\UZCRWROK-2","","","1","2","NO","Passive","","","","","","","","","","2"
"C:\Users\shiwei.yang\Desktop\dali\PCB_Project\Sheet2.SchDoc","NET_MEMBER","NET_MEMBER@NetK1_COMP_AMP_S1_1@PORT@COMP_F_S1@Output","NetK1_COMP_AMP_S1_1","PORT","COMP_F_S1","","","","","","","","","Output","","","","","","","","","CONNECTED","COMP_F_S1"
"C:\Users\shiwei.yang\Desktop\dali\PCB_Project\Sheet2.SchDoc","NET_MEMBER","NET_MEMBER@NetK1_COMP_AMP_S1_1@PIN@SENKQETP@$$$\SENKQETP-1","NetK1_COMP_AMP_S1_1","PIN","K1_COMP_AMP_S1.1","K1_COMP_AMP_S1","SENKQETP","$$$\SENKQETP-1","","","1","1","COMMON","Passive","","","","","","","","","","1"
"C:\Users\shiwei.yang\Desktop\dali\PCB_Project\Sheet2.SchDoc","NET_MEMBER","NET_MEMBER@NetK1_COMP_AMP_S1_1@PIN@GWJVUMTW@$$$\GWJVUMTW-2","NetK1_COMP_AMP_S1_1","PIN","K9_COMP_SVLP1_S1.2","K9_COMP_SVLP1_S1","GWJVUMTW","$$$\GWJVUMTW-2","","","1","2","NO","Passive","","","","","","","","","","2"
"C:\Users\shiwei.yang\Desktop\dali\PCB_Project\Sheet2.SchDoc","NET_MEMBER","NET_MEMBER@NetK1_COMP_AMP_S1_1@PIN@ZNTDQTTB@$$$\ZNTDQTTB-2","NetK1_COMP_AMP_S1_1","PIN","K10_COMP_SVLP2_S1.2","K10_COMP_SVLP2_S1","ZNTDQTTB","$$$\ZNTDQTTB-2","","","1","2","NO","Passive","","","","","","","","","","2"
"C:\Users\shiwei.yang\Desktop\dali\PCB_Project\Sheet2.SchDoc","NET_MEMBER","NET_MEMBER@NetK1_COMP_AMP_S1_1@PIN@ZIEZVALD@$$$\ZIEZVALD-5","NetK1_COMP_AMP_S1_1","PIN","K157_COMP_S1.5","K157_COMP_S1","ZIEZVALD","$$$\ZIEZVALD-5","","","2","5","5","Passive","","","","","","","","","","5"
"C:\Users\shiwei.yang\Desktop\dali\PCB_Project\Sheet2.SchDoc","NET_MEMBER","NET_MEMBER@NetK1_COMP_AMP_S1_1@PIN@ESRJRDNQ@$$$\ESRJRDNQ-1","NetK1_COMP_AMP_S1_1","PIN","R_COMP_S1.1","R_COMP_S1","ESRJRDNQ","$$$\ESRJRDNQ-1","","","1","1","1","Passive","","","","","","","","","","1"
"C:\Users\shiwei.yang\Desktop\dali\PCB_Project\Sheet2.SchDoc","NET_MEMBER","NET_MEMBER@NetK1_COMP_AMP_S1_1@PIN@VJTNEVSG@$$$\VJTNEVSG-1","NetK1_COMP_AMP_S1_1","PIN","TP_COMP_F_S1.1","TP_COMP_F_S1","VJTNEVSG","$$$\VJTNEVSG-1","","","1","1","1","Passive","","","","","","","","","","1"
"C:\Users\shiwei.yang\Desktop\dali\PCB_Project\Sheet2.SchDoc","NET_MEMBER","NET_MEMBER@NetK157_COMP_S1_4@PORT@COMP_S_S1@Output","NetK157_COMP_S1_4","PORT","COMP_S_S1","","","","","","","","","Output","","","","","","","","","CONNECTED","COMP_S_S1"
"C:\Users\shiwei.yang\Desktop\dali\PCB_Project\Sheet2.SchDoc","NET_MEMBER","NET_MEMBER@NetK157_COMP_S1_4@PIN@SESTIDCO@$$$\SESTIDCO-4","NetK157_COMP_S1_4","PIN","K157_COMP_S1.4","K157_COMP_S1","SESTIDCO","$$$\SESTIDCO-4","","","1","4","4","Passive","","","","","","","","","","4"
"C:\Users\shiwei.yang\Desktop\dali\PCB_Project\Sheet2.SchDoc","NET_MEMBER","NET_MEMBER@NetK157_COMP_S1_4@PIN@ESRJRDNQ@$$$\ESRJRDNQ-2","NetK157_COMP_S1_4","PIN","R_COMP_S1.2","R_COMP_S1","ESRJRDNQ","$$$\ESRJRDNQ-2","","","1","2","2","Passive","","","","","","","","","","2"
"C:\Users\shiwei.yang\Desktop\dali\PCB_Project\Sheet2.SchDoc","NET_MEMBER","NET_MEMBER@NetK157_COMP_S1_4@PIN@LGWCBHYU@$$$\LGWCBHYU-1","NetK157_COMP_S1_4","PIN","TP_COMP_S_S1.1","TP_COMP_S_S1","LGWCBHYU","$$$\LGWCBHYU-1","","","1","1","1","Passive","","","","","","","","","","1"
"C:\Users\shiwei.yang\Desktop\dali\PCB_Project\Sheet2.SchDoc","NET_MEMBER","NET_MEMBER@NetK155_FOVI_PGND_S1_2@PORT@AMUX_F_S1@Output","NetK155_FOVI_PGND_S1_2","PORT","AMUX_F_S1","","","","","","","","","Output","","","","","","","","","CONNECTED","AMUX_F_S1"
"C:\Users\shiwei.yang\Desktop\dali\PCB_Project\Sheet2.SchDoc","NET_MEMBER","NET_MEMBER@NetK155_FOVI_PGND_S1_2@PIN@GFFROEGO@$$$\GFFROEGO-2","NetK155_FOVI_PGND_S1_2","PIN","K155_FOVI_PGND_S1.2","K155_FOVI_PGND_S1","GFFROEGO","$$$\GFFROEGO-2","","","1","2","2","Passive","","","","","","","","","","2"
"C:\Users\shiwei.yang\Desktop\dali\PCB_Project\Sheet2.SchDoc","NET_MEMBER","NET_MEMBER@NetK155_FOVI_PGND_S1_2@PIN@XCSKHZZJ@$$$\XCSKHZZJ-1","NetK155_FOVI_PGND_S1_2","PIN","TP_AMUX_F_S1.1","TP_AMUX_F_S1","XCSKHZZJ","$$$\XCSKHZZJ-1","","","1","1","1","Passive","","","","","","","","","","1"
"C:\Users\shiwei.yang\Desktop\dali\PCB_Project\Sheet2.SchDoc","NET_MEMBER","NET_MEMBER@NetC1_CS_S1_1@PIN@CWNRFFSX@$$$\CWNRFFSX-1","NetC1_CS_S1_1","PIN","C1_CS_S1.1","C1_CS_S1","CWNRFFSX","$$$\CWNRFFSX-1","","","1","1","1","Passive","","","","","","","","","","1"
"C:\Users\shiwei.yang\Desktop\dali\PCB_Project\Sheet2.SchDoc","NET_MEMBER","NET_MEMBER@NetC1_CS_S1_1@PIN@VPHFJPCR@$$$\VPHFJPCR-1","NetC1_CS_S1_1","PIN","C2_CS_S1.1","C2_CS_S1","VPHFJPCR","$$$\VPHFJPCR-1","","","1","1","1","Passive","","","","","","","","","","1"
"C:\Users\shiwei.yang\Desktop\dali\PCB_Project\Sheet2.SchDoc","NET_MEMBER","NET_MEMBER@NetC1_CS_S1_1@PIN@BBKSFWDW@$$$\BBKSFWDW-1","NetC1_CS_S1_1","PIN","K71_KLV_F_S1.1","K71_KLV_F_S1","BBKSFWDW","$$$\BBKSFWDW-1","","","1","1","COMMON","Passive","","","","","","","","","","1"
"C:\Users\shiwei.yang\Desktop\dali\PCB_Project\Sheet2.SchDoc","NET_MEMBER","NET_MEMBER@NetC1_CS_S1_1@PIN@PLTTLDME@$$$\PLTTLDME-1","NetC1_CS_S1_1","PIN","K72_PA5_F_S1.1","K72_PA5_F_S1","PLTTLDME","$$$\PLTTLDME-1","","","1","1","COMMON","Passive","","","","","","","","","","1"
"C:\Users\shiwei.yang\Desktop\dali\PCB_Project\Sheet2.SchDoc","NET_MEMBER","NET_MEMBER@NetC1_CS_S1_1@PIN@UVJVWGXW@$$$\UVJVWGXW-1","NetC1_CS_S1_1","PIN","K73_VCN_F_S1.1","K73_VCN_F_S1","UVJVWGXW","$$$\UVJVWGXW-1","","","1","1","COMMON","Passive","","","","","","","","","","1"
"C:\Users\shiwei.yang\Desktop\dali\PCB_Project\Sheet2.SchDoc","NET_TIE_ENDPOINT","NET_TIE_ENDPOINT@NetC1_CS_S1_1@MGCCQPVB@$$$\MGCCQPVB-1","NetC1_CS_S1_1","NET_TIE_PIN","NT2.1","NT2","MGCCQPVB","$$$\MGCCQPVB-1","NET_TIE","","1","1","net1","Passive","INTENTIONAL_SHORT_MEMBER","SHORT_GROUP_MEMBER","","","","","","","","1"
"C:\Users\shiwei.yang\Desktop\dali\PCB_Project\Sheet2.SchDoc","NET_MEMBER","NET_MEMBER@NetC1_CS_S1_1@PIN@JJCJDHMS@$$$\JJCJDHMS-1","NetC1_CS_S1_1","PIN","R1_CS_S1.1","R1_CS_S1","JJCJDHMS","$$$\JJCJDHMS-1","","","1","1","1","Passive","","","","","","","","","","1"
"C:\Users\shiwei.yang\Desktop\dali\PCB_Project\Sheet2.SchDoc","NET_MEMBER","NET_MEMBER@NetC1_CS_S1_1@PIN@MDSRCRUL@$$$\MDSRCRUL-1","NetC1_CS_S1_1","PIN","R2_CS_S1.1","R2_CS_S1","MDSRCRUL","$$$\MDSRCRUL-1","","","1","1","1","Passive","","","","","","","","","","1"
"C:\Users\shiwei.yang\Desktop\dali\PCB_Project\Sheet2.SchDoc","NET_MEMBER","NET_MEMBER@NetC1_CS_S1_2@PIN@CWNRFFSX@$$$\CWNRFFSX-2","NetC1_CS_S1_2","PIN","C1_CS_S1.2","C1_CS_S1","CWNRFFSX","$$$\CWNRFFSX-2","","","1","2","2","Passive","","","","","","","","","","2"
"C:\Users\shiwei.yang\Desktop\dali\PCB_Project\Sheet2.SchDoc","NET_MEMBER","NET_MEMBER@NetC1_CS_S1_2@PIN@VRUDRUMO@$$$\VRUDRUMO-1","NetC1_CS_S1_2","PIN","K168_VCP_F_S1.1","K168_VCP_F_S1","VRUDRUMO","$$$\VRUDRUMO-1","","","1","1","COMMON","Passive","","","","","","","","","","1"
"C:\Users\shiwei.yang\Desktop\dali\PCB_Project\Sheet2.SchDoc","NET_MEMBER","NET_MEMBER@NetC1_CS_S1_2@PIN@UUMZIZLG@$$$\UUMZIZLG-1","NetC1_CS_S1_2","PIN","K169_PB5_F_S1.1","K169_PB5_F_S1","UUMZIZLG","$$$\UUMZIZLG-1","","","1","1","COMMON","Passive","","","","","","","","","","1"
"C:\Users\shiwei.yang\Desktop\dali\PCB_Project\Sheet2.SchDoc","NET_MEMBER","NET_MEMBER@NetC1_CS_S1_2@PIN@ZXWGWKUP@$$$\ZXWGWKUP-1","NetC1_CS_S1_2","PIN","K170_VAC_F_S1.1","K170_VAC_F_S1","ZXWGWKUP","$$$\ZXWGWKUP-1","","","1","1","COMMON","Passive","","","","","","","","","","1"
"C:\Users\shiwei.yang\Desktop\dali\PCB_Project\Sheet2.SchDoc","NET_MEMBER","NET_MEMBER@NetC1_CS_S1_2@PIN@JJCJDHMS@$$$\JJCJDHMS-2","NetC1_CS_S1_2","PIN","R1_CS_S1.2","R1_CS_S1","JJCJDHMS","$$$\JJCJDHMS-2","","","1","2","2","Passive","","","","","","","","","","2"
"C:\Users\shiwei.yang\Desktop\dali\PCB_Project\Sheet2.SchDoc","NET_MEMBER","NET_MEMBER@NetC1_Stable_S1_1@PIN@LLAXEYJW@$$$\LLAXEYJW-1","NetC1_Stable_S1_1","PIN","C1_Stable_S1.1","C1_Stable_S1","LLAXEYJW","$$$\LLAXEYJW-1","","","1","1","1","Passive","","","","","","","","","","1"
"C:\Users\shiwei.yang\Desktop\dali\PCB_Project\Sheet2.SchDoc","NET_MEMBER","NET_MEMBER@NetC1_Stable_S1_1@PIN@SENKQETP@$$$\SENKQETP-2","NetC1_Stable_S1_1","PIN","K1_COMP_AMP_S1.2","K1_COMP_AMP_S1","SENKQETP","$$$\SENKQETP-2","","","1","2","NO","Passive","","","","","","","","","","2"
"C:\Users\shiwei.yang\Desktop\dali\PCB_Project\Sheet2.SchDoc","NET_MEMBER","NET_MEMBER@NetC1_Stable_S1_1@PIN@YBUWBWJK@$$$\YBUWBWJK-2","NetC1_Stable_S1_1","PIN","K153_PA4_S1.2","K153_PA4_S1","YBUWBWJK","$$$\YBUWBWJK-2","","","1","2","NO","Passive","","","","","","","","","","2"
"C:\Users\shiwei.yang\Desktop\dali\PCB_Project\Sheet2.SchDoc","NET_MEMBER","NET_MEMBER@NetC1_Stable_S1_1@PIN@RNVDZYVO@$$$\RNVDZYVO-3","NetC1_Stable_S1_1","PIN","U3_S1.3","U3_S1","RNVDZYVO","$$$\RNVDZYVO-3","","","1","3","+IN","Passive","","","","","","","","","","3"
"C:\Users\shiwei.yang\Desktop\dali\PCB_Project\Sheet2.SchDoc","NET_MEMBER","NET_MEMBER@NetC2_CS_S1_2@PIN@VPHFJPCR@$$$\VPHFJPCR-2","NetC2_CS_S1_2","PIN","C2_CS_S1.2","C2_CS_S1","VPHFJPCR","$$$\VPHFJPCR-2","","","1","2","2","Passive","","","","","","","","","","2"
"C:\Users\shiwei.yang\Desktop\dali\PCB_Project\Sheet2.SchDoc","NET_MEMBER","NET_MEMBER@NetC2_CS_S1_2@PIN@XICWVABU@$$$\XICWVABU-2","NetC2_CS_S1_2","PIN","K82_R_CS_S1S2.2","K82_R_CS_S1S2","XICWVABU","$$$\XICWVABU-2","","","1","2","2","Passive","","","","","","","","","","2"
"C:\Users\shiwei.yang\Desktop\dali\PCB_Project\Sheet2.SchDoc","NET_MEMBER","NET_MEMBER@NetC2_CS_S1_2@PIN@MDSRCRUL@$$$\MDSRCRUL-2","NetC2_CS_S1_2","PIN","R2_CS_S1.2","R2_CS_S1","MDSRCRUL","$$$\MDSRCRUL-2","","","1","2","2","Passive","","","","","","","","","","2"
"C:\Users\shiwei.yang\Desktop\dali\PCB_Project\Sheet2.SchDoc","NET_MEMBER","NET_MEMBER@NetC2_Stable_S1_1@PIN@QPREXKKB@$$$\QPREXKKB-1","NetC2_Stable_S1_1","PIN","C2_Stable_S1.1","C2_Stable_S1","QPREXKKB","$$$\QPREXKKB-1","","","1","1","1","Passive","","","","","","","","","","1"
"C:\Users\shiwei.yang\Desktop\dali\PCB_Project\Sheet2.SchDoc","NET_MEMBER","NET_MEMBER@NetC2_Stable_S1_1@PIN@GWJVUMTW@$$$\GWJVUMTW-1","NetC2_Stable_S1_1","PIN","K9_COMP_SVLP1_S1.1","K9_COMP_SVLP1_S1","GWJVUMTW","$$$\GWJVUMTW-1","","","1","1","COMMON","Passive","","","","","","","","","","1"
"C:\Users\shiwei.yang\Desktop\dali\PCB_Project\Sheet2.SchDoc","NET_MEMBER","NET_MEMBER@NetC2_Stable_S1_1@PIN@ZNTDQTTB@$$$\ZNTDQTTB-1","NetC2_Stable_S1_1","PIN","K10_COMP_SVLP2_S1.1","K10_COMP_SVLP2_S1","ZNTDQTTB","$$$\ZNTDQTTB-1","","","1","1","COMMON","Passive","","","","","","","","","","1"
"C:\Users\shiwei.yang\Desktop\dali\PCB_Project\Sheet2.SchDoc","NET_MEMBER","NET_MEMBER@NetC2_Stable_S1_1@PIN@YVMRURLU@$$$\YVMRURLU-3","NetC2_Stable_S1_1","PIN","U2_S1.3","U2_S1","YVMRURLU","$$$\YVMRURLU-3","","","1","3","+IN","Passive","","","","","","","","","","3"
"C:\Users\shiwei.yang\Desktop\dali\PCB_Project\Sheet2.SchDoc","NET_MEMBER","NET_MEMBER@NetC4_SVLP_S1_1@PIN@MIWISDUN@$$$\MIWISDUN-1","NetC4_SVLP_S1_1","PIN","C4_SVLP_S1.1","C4_SVLP_S1","MIWISDUN","$$$\MIWISDUN-1","","","1","1","1","Passive","","","","","","","","","","1"
"C:\Users\shiwei.yang\Desktop\dali\PCB_Project\Sheet2.SchDoc","NET_MEMBER","NET_MEMBER@NetC4_SVLP_S1_1@PIN@CREZPDMZ@$$$\CREZPDMZ-2","NetC4_SVLP_S1_1","PIN","K2_BUF_S1S2.2","K2_BUF_S1S2","CREZPDMZ","$$$\CREZPDMZ-2","","","1","2","2","Passive","","","","","","","","","","2"
"C:\Users\shiwei.yang\Desktop\dali\PCB_Project\Sheet2.SchDoc","NET_MEMBER","NET_MEMBER@NetC4_SVLP_S1_1@PIN@ADOGQYMZ@$$$\ADOGQYMZ-2","NetC4_SVLP_S1_1","PIN","R1_S1.2","R1_S1","ADOGQYMZ","$$$\ADOGQYMZ-2","","","1","2","2","Passive","","","","","","","","","","2"
"C:\Users\shiwei.yang\Desktop\dali\PCB_Project\Sheet2.SchDoc","NET_MEMBER","NET_MEMBER@NetC4_SVLP_S1_2@PIN@MIWISDUN@$$$\MIWISDUN-2","NetC4_SVLP_S1_2","PIN","C4_SVLP_S1.2","C4_SVLP_S1","MIWISDUN","$$$\MIWISDUN-2","","","1","2","2","Passive","","","","","","","","","","2"
"C:\Users\shiwei.yang\Desktop\dali\PCB_Project\Sheet2.SchDoc","NET_MEMBER","NET_MEMBER@NetC4_SVLP_S1_2@PIN@ADOGQYMZ@$$$\ADOGQYMZ-1","NetC4_SVLP_S1_2","PIN","R1_S1.1","R1_S1","ADOGQYMZ","$$$\ADOGQYMZ-1","","","1","1","1","Passive","","","","","","","","","","1"
"C:\Users\shiwei.yang\Desktop\dali\PCB_Project\Sheet2.SchDoc","NET_MEMBER","NET_MEMBER@NetC4_SVLP_S1_2@PIN@TPZTYFUC@$$$\TPZTYFUC-1","NetC4_SVLP_S1_2","PIN","R2_S1.1","R2_S1","TPZTYFUC","$$$\TPZTYFUC-1","","","1","1","1","Passive","","","","","","","","","","1"
"C:\Users\shiwei.yang\Desktop\dali\PCB_Project\Sheet2.SchDoc","NET_MEMBER","NET_MEMBER@NetC4_SVLP_S1_2@PIN@CZTHNWPQ@$$$\CZTHNWPQ-4","NetC4_SVLP_S1_2","PIN","U4_S1.4","U4_S1","CZTHNWPQ","$$$\CZTHNWPQ-4","","","1","4","-IN","Passive","","","","","","","","","","4"
"C:\Users\shiwei.yang\Desktop\dali\PCB_Project\Sheet2.SchDoc","NET_MEMBER","NET_MEMBER@NetCap1_PMID_S1_1@PORT@PMID_F_S1@Output","NetCap1_PMID_S1_1","PORT","PMID_F_S1","","","","","","","","","Output","","","","","","","","","CONNECTED","PMID_F_S1"
"C:\Users\shiwei.yang\Desktop\dali\PCB_Project\Sheet2.SchDoc","NET_MEMBER","NET_MEMBER@NetCap1_PMID_S1_1@PIN@PHRXWSCN@$$$\PHRXWSCN-1","NetCap1_PMID_S1_1","PIN","Cap1_PMID_S1.1","Cap1_PMID_S1","PHRXWSCN","$$$\PHRXWSCN-1","","","1","1","1","Passive","","","","","","","","","","1"
"C:\Users\shiwei.yang\Desktop\dali\PCB_Project\Sheet2.SchDoc","NET_MEMBER","NET_MEMBER@NetCap1_PMID_S1_1@PIN@JVZOSWXQ@$$$\JVZOSWXQ-2","NetCap1_PMID_S1_1","PIN","K84_HG2_S1.2","K84_HG2_S1","JVZOSWXQ","$$$\JVZOSWXQ-2","","","1","2","2","Passive","","","","","","","","","","2"
"C:\Users\shiwei.yang\Desktop\dali\PCB_Project\Sheet2.SchDoc","NET_MEMBER","NET_MEMBER@NetCap1_PMID_S1_1@PIN@TCRWINTX@$$$\TCRWINTX-4","NetCap1_PMID_S1_1","PIN","K85_CAP_PMID_S1S2.4","K85_CAP_PMID_S1S2","TCRWINTX","$$$\TCRWINTX-4","","","1","4","4","Passive","","","","","","","","","","4"
"C:\Users\shiwei.yang\Desktop\dali\PCB_Project\Sheet2.SchDoc","NET_MEMBER","NET_MEMBER@NetCap1_PMID_S1_1@PIN@WMLTAADE@$$$\WMLTAADE-1","NetCap1_PMID_S1_1","PIN","R_PMID_KLV_S1.1","R_PMID_KLV_S1","WMLTAADE","$$$\WMLTAADE-1","","","1","1","1","Passive","","","","","","","","","","1"
"C:\Users\shiwei.yang\Desktop\dali\PCB_Project\Sheet2.SchDoc","NET_MEMBER","NET_MEMBER@NetCap1_PMID_S1_1@PIN@YJQKSRNE@$$$\YJQKSRNE-1","NetCap1_PMID_S1_1","PIN","TP_PMID_F_S1.1","TP_PMID_F_S1","YJQKSRNE","$$$\YJQKSRNE-1","","","1","1","1","Passive","","","","","","","","","","1"
"C:\Users\shiwei.yang\Desktop\dali\PCB_Project\Sheet2.SchDoc","NET_MEMBER","NET_MEMBER@NetCap1_V1P5_S1_1@PORT@V1P5_F_S1@Output","NetCap1_V1P5_S1_1","PORT","V1P5_F_S1","","","","","","","","","Output","","","","","","","","","CONNECTED","V1P5_F_S1"
"C:\Users\shiwei.yang\Desktop\dali\PCB_Project\Sheet2.SchDoc","NET_MEMBER","NET_MEMBER@NetCap1_V1P5_S1_1@PORT@VDRV_F_S1@Output","NetCap1_V1P5_S1_1","PORT","VDRV_F_S1","","","","","","","","","Output","","","","","","","","","CONNECTED","VDRV_F_S1"
"C:\Users\shiwei.yang\Desktop\dali\PCB_Project\Sheet2.SchDoc","NET_MEMBER","NET_MEMBER@NetCap1_V1P5_S1_1@PIN@BRVAIQBK@$$$\BRVAIQBK-1","NetCap1_V1P5_S1_1","PIN","Cap1_V1P5_S1.1","Cap1_V1P5_S1","BRVAIQBK","$$$\BRVAIQBK-1","","","1","1","1","Passive","","","","","","","","","","1"
"C:\Users\shiwei.yang\Desktop\dali\PCB_Project\Sheet2.SchDoc","NET_MEMBER","NET_MEMBER@NetCap1_V1P5_S1_1@PIN@FIUDKUWP@$$$\FIUDKUWP-2","NetCap1_V1P5_S1_1","PIN","K125_U34_PS_S1.2","K125_U34_PS_S1","FIUDKUWP","$$$\FIUDKUWP-2","","","1","2","2","Passive","","","","","","","","","","2"
"C:\Users\shiwei.yang\Desktop\dali\PCB_Project\Sheet2.SchDoc","NET_MEMBER","NET_MEMBER@NetCap1_V1P5_S1_1@PIN@TZAIJSNL@$$$\TZAIJSNL-4","NetCap1_V1P5_S1_1","PIN","K126_V1P5_CAP_S1.4","K126_V1P5_CAP_S1","TZAIJSNL","$$$\TZAIJSNL-4","","","1","4","4","Passive","","","","","","","","","","4"
"C:\Users\shiwei.yang\Desktop\dali\PCB_Project\Sheet2.SchDoc","NET_MEMBER","NET_MEMBER@NetCap1_V1P5_S1_1@PIN@HBYYQPXF@$$$\HBYYQPXF-1","NetCap1_V1P5_S1_1","PIN","R_V1P5_KLV_S1.1","R_V1P5_KLV_S1","HBYYQPXF","$$$\HBYYQPXF-1","","","1","1","1","Passive","","","","","","","","","","1"
"C:\Users\shiwei.yang\Desktop\dali\PCB_Project\Sheet2.SchDoc","NET_MEMBER","NET_MEMBER@NetCap1_V1P5_S1_1@PIN@JDYANXQE@$$$\JDYANXQE-1","NetCap1_V1P5_S1_1","PIN","V1P5_F_S1.1","V1P5_F_S1","JDYANXQE","$$$\JDYANXQE-1","","","1","1","1","Passive","","","","","","","","","","1"
"C:\Users\shiwei.yang\Desktop\dali\PCB_Project\Sheet2.SchDoc","NET_MEMBER","NET_MEMBER@NetCap1_VAC1_S1_1@PORT@VAC1_F_S1@Output","NetCap1_VAC1_S1_1","PORT","VAC1_F_S1","","","","","","","","","Output","","","","","","","","","CONNECTED","VAC1_F_S1"
"C:\Users\shiwei.yang\Desktop\dali\PCB_Project\Sheet2.SchDoc","NET_MEMBER","NET_MEMBER@NetCap1_VAC1_S1_1@PIN@FJVXGUPU@$$$\FJVXGUPU-1","NetCap1_VAC1_S1_1","PIN","Cap1_VAC1_S1.1","Cap1_VAC1_S1","FJVXGUPU","$$$\FJVXGUPU-1","","","1","1","1","Passive","","","","","","","","","","1"
"C:\Users\shiwei.yang\Desktop\dali\PCB_Project\Sheet2.SchDoc","NET_MEMBER","NET_MEMBER@NetCap1_VAC1_S1_1@PIN@QVSXCUTT@$$$\QVSXCUTT-1","NetCap1_VAC1_S1_1","PIN","K14_VAC1_P2P_S1.1","K14_VAC1_P2P_S1","QVSXCUTT","$$$\QVSXCUTT-1","","","1","1","COMMON","Passive","","","","","","","","","","1"
"C:\Users\shiwei.yang\Desktop\dali\PCB_Project\Sheet2.SchDoc","NET_MEMBER","NET_MEMBER@NetCap1_VAC1_S1_1@PIN@DOCXEWDB@$$$\DOCXEWDB-2","NetCap1_VAC1_S1_1","PIN","K19_VAC2_S1.2","K19_VAC2_S1","DOCXEWDB","$$$\DOCXEWDB-2","","","1","2","2","Passive","","","","","","","","","","2"
"C:\Users\shiwei.yang\Desktop\dali\PCB_Project\Sheet2.SchDoc","NET_MEMBER","NET_MEMBER@NetCap1_VAC1_S1_1@PIN@OANMHRXC@$$$\OANMHRXC-1","NetCap1_VAC1_S1_1","PIN","R_VAC1_S1.1","R_VAC1_S1","OANMHRXC","$$$\OANMHRXC-1","","","1","1","1","Passive","","","","","","","","","","1"
"C:\Users\shiwei.yang\Desktop\dali\PCB_Project\Sheet2.SchDoc","NET_MEMBER","NET_MEMBER@NetCap1_VAC1_S1_1@PIN@ZYLFNAXJ@$$$\ZYLFNAXJ-1","NetCap1_VAC1_S1_1","PIN","TP_VAC1_F_S1.1","TP_VAC1_F_S1","ZYLFNAXJ","$$$\ZYLFNAXJ-1","","","1","1","1","Passive","","","","","","","","","","1"
"C:\Users\shiwei.yang\Desktop\dali\PCB_Project\Sheet2.SchDoc","NET_MEMBER","NET_MEMBER@NetCap1_VAC2_S1_1@PORT@VAC2_F_S1@Output","NetCap1_VAC2_S1_1","PORT","VAC2_F_S1","","","","","","","","","Output","","","","","","","","","CONNECTED","VAC2_F_S1"
"C:\Users\shiwei.yang\Desktop\dali\PCB_Project\Sheet2.SchDoc","NET_MEMBER","NET_MEMBER@NetCap1_VAC2_S1_1@PIN@GLWYJWEV@$$$\GLWYJWEV-1","NetCap1_VAC2_S1_1","PIN","Cap1_VAC2_S1.1","Cap1_VAC2_S1","GLWYJWEV","$$$\GLWYJWEV-1","","","1","1","1","Passive","","","","","","","","","","1"
"C:\Users\shiwei.yang\Desktop\dali\PCB_Project\Sheet2.SchDoc","NET_MEMBER","NET_MEMBER@NetCap1_VAC2_S1_1@PIN@GULHKFIW@$$$\GULHKFIW-1","NetCap1_VAC2_S1_1","PIN","K15_VAC2_P2P_S1.1","K15_VAC2_P2P_S1","GULHKFIW","$$$\GULHKFIW-1","","","1","1","COMMON","Passive","","","","","","","","","","1"
"C:\Users\shiwei.yang\Desktop\dali\PCB_Project\Sheet2.SchDoc","NET_MEMBER","NET_MEMBER@NetCap1_VAC2_S1_1@PIN@DOCXEWDB@$$$\DOCXEWDB-4","NetCap1_VAC2_S1_1","PIN","K19_VAC2_S1.4","K19_VAC2_S1","DOCXEWDB","$$$\DOCXEWDB-4","","","1","4","4","Passive","","","","","","","","","","4"
"C:\Users\shiwei.yang\Desktop\dali\PCB_Project\Sheet2.SchDoc","NET_MEMBER","NET_MEMBER@NetCap1_VAC2_S1_1@PIN@CRDPMXXB@$$$\CRDPMXXB-1","NetCap1_VAC2_S1_1","PIN","R_VAC2_S1.1","R_VAC2_S1","CRDPMXXB","$$$\CRDPMXXB-1","","","1","1","1","Passive","","","","","","","","","","1"
"C:\Users\shiwei.yang\Desktop\dali\PCB_Project\Sheet2.SchDoc","NET_MEMBER","NET_MEMBER@NetCap1_VAC2_S1_1@PIN@LZOGQMDZ@$$$\LZOGQMDZ-1","NetCap1_VAC2_S1_1","PIN","TP_VAC2_F_S1.1","TP_VAC2_F_S1","LZOGQMDZ","$$$\LZOGQMDZ-1","","","1","1","1","Passive","","","","","","","","","","1"
"C:\Users\shiwei.yang\Desktop\dali\PCB_Project\Sheet2.SchDoc","NET_MEMBER","NET_MEMBER@NetCap1_VAC3_S1_1@PORT@VAC3_F_S1@Output","NetCap1_VAC3_S1_1","PORT","VAC3_F_S1","","","","","","","","","Output","","","","","","","","","CONNECTED","VAC3_F_S1"
"C:\Users\shiwei.yang\Desktop\dali\PCB_Project\Sheet2.SchDoc","NET_MEMBER","NET_MEMBER@NetCap1_VAC3_S1_1@PIN@PCAQIMDV@$$$\PCAQIMDV-1","NetCap1_VAC3_S1_1","PIN","Cap1_VAC3_S1.1","Cap1_VAC3_S1","PCAQIMDV","$$$\PCAQIMDV-1","","","1","1","1","Passive","","","","","","","","","","1"
"C:\Users\shiwei.yang\Desktop\dali\PCB_Project\Sheet2.SchDoc","NET_MEMBER","NET_MEMBER@NetCap1_VAC3_S1_1@PIN@QKIZPUJW@$$$\QKIZPUJW-1","NetCap1_VAC3_S1_1","PIN","K16_VAC3_P2P_S1.1","K16_VAC3_P2P_S1","QKIZPUJW","$$$\QKIZPUJW-1","","","1","1","COMMON","Passive","","","","","","","","","","1"
"C:\Users\shiwei.yang\Desktop\dali\PCB_Project\Sheet2.SchDoc","NET_MEMBER","NET_MEMBER@NetCap1_VAC3_S1_1@PIN@MMQHBTRD@$$$\MMQHBTRD-2","NetCap1_VAC3_S1_1","PIN","K20_AMUX_S1.2","K20_AMUX_S1","MMQHBTRD","$$$\MMQHBTRD-2","","","1","2","2","Passive","","","","","","","","","","2"
"C:\Users\shiwei.yang\Desktop\dali\PCB_Project\Sheet2.SchDoc","NET_MEMBER","NET_MEMBER@NetCap1_VAC3_S1_1@PIN@VNLYVGXE@$$$\VNLYVGXE-1","NetCap1_VAC3_S1_1","PIN","R_VAC3_S1.1","R_VAC3_S1","VNLYVGXE","$$$\VNLYVGXE-1","","","1","1","1","Passive","","","","","","","","","","1"
"C:\Users\shiwei.yang\Desktop\dali\PCB_Project\Sheet2.SchDoc","NET_MEMBER","NET_MEMBER@NetCap1_VAC3_S1_1@PIN@ANIBPXPZ@$$$\ANIBPXPZ-1","NetCap1_VAC3_S1_1","PIN","TP_VAC3_F_S1.1","TP_VAC3_F_S1","ANIBPXPZ","$$$\ANIBPXPZ-1","","","1","1","1","Passive","","","","","","","","","","1"
"C:\Users\shiwei.yang\Desktop\dali\PCB_Project\Sheet2.SchDoc","NET_MEMBER","NET_MEMBER@NetCap1_VBAT_S1_1@PORT@VBAT_F_S1@Output","NetCap1_VBAT_S1_1","PORT","VBAT_F_S1","","","","","","","","","Output","","","","","","","","","CONNECTED","VBAT_F_S1"
"C:\Users\shiwei.yang\Desktop\dali\PCB_Project\Sheet2.SchDoc","NET_MEMBER","NET_MEMBER@NetCap1_VBAT_S1_1@PIN@AVSBWDJP@$$$\AVSBWDJP-1","NetCap1_VBAT_S1_1","PIN","Cap1_VBAT_S1.1","Cap1_VBAT_S1","AVSBWDJP","$$$\AVSBWDJP-1","","","1","1","1","Passive","","","","","","","","","","1"
"C:\Users\shiwei.yang\Desktop\dali\PCB_Project\Sheet2.SchDoc","NET_MEMBER","NET_MEMBER@NetCap1_VBAT_S1_1@PIN@TPNHKRJB@$$$\TPNHKRJB-7","NetCap1_VBAT_S1_1","PIN","K8_PD3_S1.7","K8_PD3_S1","TPNHKRJB","$$$\TPNHKRJB-7","","","2","7","7","Passive","","","","","","","","","","7"
"C:\Users\shiwei.yang\Desktop\dali\PCB_Project\Sheet2.SchDoc","NET_MEMBER","NET_MEMBER@NetCap1_VBAT_S1_1@PIN@QEWVUWMA@$$$\QEWVUWMA-2","NetCap1_VBAT_S1_1","PIN","K12_VBAT_SVLP_S1.2","K12_VBAT_SVLP_S1","QEWVUWMA","$$$\QEWVUWMA-2","","","1","2","NO","Passive","","","","","","","","","","2"
"C:\Users\shiwei.yang\Desktop\dali\PCB_Project\Sheet2.SchDoc","NET_MEMBER","NET_MEMBER@NetCap1_VBAT_S1_1@PIN@ODACITIY@$$$\ODACITIY-4","NetCap1_VBAT_S1_1","PIN","K13_VBAT_Cap_S1S2.4","K13_VBAT_Cap_S1S2","ODACITIY","$$$\ODACITIY-4","","","1","4","4","Passive","","","","","","","","","","4"
"C:\Users\shiwei.yang\Desktop\dali\PCB_Project\Sheet2.SchDoc","NET_MEMBER","NET_MEMBER@NetCap1_VBAT_S1_1@PIN@WRSQNJMR@$$$\WRSQNJMR-1","NetCap1_VBAT_S1_1","PIN","R_VBAT_KLV_S1.1","R_VBAT_KLV_S1","WRSQNJMR","$$$\WRSQNJMR-1","","","1","1","1","Passive","","","","","","","","","","1"
"C:\Users\shiwei.yang\Desktop\dali\PCB_Project\Sheet2.SchDoc","NET_MEMBER","NET_MEMBER@NetCap1_VBAT_S1_1@PIN@NXIQLOQD@$$$\NXIQLOQD-1","NetCap1_VBAT_S1_1","PIN","TP_VBAT_F_S1.1","TP_VBAT_F_S1","NXIQLOQD","$$$\NXIQLOQD-1","","","1","1","1","Passive","","","","","","","","","","1"
"C:\Users\shiwei.yang\Desktop\dali\PCB_Project\Sheet2.SchDoc","NET_MEMBER","NET_MEMBER@NetCap1_VCC_S1_1@PORT@VCC_F_S1@Output","NetCap1_VCC_S1_1","PORT","VCC_F_S1","","","","","","","","","Output","","","","","","","","","CONNECTED","VCC_F_S1"
"C:\Users\shiwei.yang\Desktop\dali\PCB_Project\Sheet2.SchDoc","NET_MEMBER","NET_MEMBER@NetCap1_VCC_S1_1@PIN@OGNUIIYZ@$$$\OGNUIIYZ-1","NetCap1_VCC_S1_1","PIN","Cap1_VCC_S1.1","Cap1_VCC_S1","OGNUIIYZ","$$$\OGNUIIYZ-1","","","1","1","1","Passive","","","","","","","","","","1"
"C:\Users\shiwei.yang\Desktop\dali\PCB_Project\Sheet2.SchDoc","NET_MEMBER","NET_MEMBER@NetCap1_VCC_S1_1@PIN@LZAEOPUS@$$$\LZAEOPUS-4","NetCap1_VCC_S1_1","PIN","K0_VCC_Cap_S1S2.4","K0_VCC_Cap_S1S2","LZAEOPUS","$$$\LZAEOPUS-4","","","1","4","4","Passive","","","","","","","","","","4"
"C:\Users\shiwei.yang\Desktop\dali\PCB_Project\Sheet2.SchDoc","NET_MEMBER","NET_MEMBER@NetCap1_VCC_S1_1@PIN@ERMHFKCC@$$$\ERMHFKCC-2","NetCap1_VCC_S1_1","PIN","K25_VCC_F_S1.2","K25_VCC_F_S1","ERMHFKCC","$$$\ERMHFKCC-2","","","1","2","NO","Passive","","","","","","","","","","2"
"C:\Users\shiwei.yang\Desktop\dali\PCB_Project\Sheet2.SchDoc","NET_MEMBER","NET_MEMBER@NetCap1_VCC_S1_1@PIN@ZTDONQDF@$$$\ZTDONQDF-2","NetCap1_VCC_S1_1","PIN","K31_VMCU_S1.2","K31_VMCU_S1","ZTDONQDF","$$$\ZTDONQDF-2","","","1","2","2","Passive","","","","","","","","","","2"
"C:\Users\shiwei.yang\Desktop\dali\PCB_Project\Sheet2.SchDoc","NET_MEMBER","NET_MEMBER@NetCap1_VCC_S1_1@PIN@YBUJJRYR@$$$\YBUJJRYR-1","NetCap1_VCC_S1_1","PIN","R_VCC_Kelvin_S1.1","R_VCC_Kelvin_S1","YBUJJRYR","$$$\YBUJJRYR-1","","","1","1","1","Passive","","","","","","","","","","1"
"C:\Users\shiwei.yang\Desktop\dali\PCB_Project\Sheet2.SchDoc","NET_MEMBER","NET_MEMBER@NetCap1_VCC_S1_1@PIN@SCMUYJFE@$$$\SCMUYJFE-1","NetCap1_VCC_S1_1","PIN","TP_VCC_F_S1.1","TP_VCC_F_S1","SCMUYJFE","$$$\SCMUYJFE-1","","","1","1","1","Passive","","","","","","","","","","1"
"C:\Users\shiwei.yang\Desktop\dali\PCB_Project\Sheet2.SchDoc","NET_MEMBER","NET_MEMBER@NetCap2_PMID_S1_2@PIN@JRBMRFCX@$$$\JRBMRFCX-2","NetCap2_PMID_S1_2","PIN","Cap2_PMID_S1.2","Cap2_PMID_S1","JRBMRFCX","$$$\JRBMRFCX-2","","","1","2","2","Passive","","","","","","","","","","2"
"C:\Users\shiwei.yang\Desktop\dali\PCB_Project\Sheet2.SchDoc","NET_MEMBER","NET_MEMBER@NetCap2_PMID_S1_2@PIN@TCRWINTX@$$$\TCRWINTX-3","NetCap2_PMID_S1_2","PIN","K85_CAP_PMID_S1S2.3","K85_CAP_PMID_S1S2","TCRWINTX","$$$\TCRWINTX-3","","","1","3","3","Passive","","","","","","","","","","3"
"C:\Users\shiwei.yang\Desktop\dali\PCB_Project\Sheet2.SchDoc","NET_MEMBER","NET_MEMBER@NetCap2_V1P5_S1_2@PIN@GBEKUVJP@$$$\GBEKUVJP-2","NetCap2_V1P5_S1_2","PIN","Cap2_V1P5_S1.2","Cap2_V1P5_S1","GBEKUVJP","$$$\GBEKUVJP-2","","","1","2","2","Passive","","","","","","","","","","2"
"C:\Users\shiwei.yang\Desktop\dali\PCB_Project\Sheet2.SchDoc","NET_MEMBER","NET_MEMBER@NetCap2_V1P5_S1_2@PIN@TZAIJSNL@$$$\TZAIJSNL-3","NetCap2_V1P5_S1_2","PIN","K126_V1P5_CAP_S1.3","K126_V1P5_CAP_S1","TZAIJSNL","$$$\TZAIJSNL-3","","","1","3","3","Passive","","","","","","","","","","3"
"C:\Users\shiwei.yang\Desktop\dali\PCB_Project\Sheet2.SchDoc","NET_MEMBER","NET_MEMBER@NetCap2_VAC_S1_2@PIN@QMYPNVMR@$$$\QMYPNVMR-2","NetCap2_VAC_S1_2","PIN","Cap2_VAC_S1.2","Cap2_VAC_S1","QMYPNVMR","$$$\QMYPNVMR-2","","","1","2","2","Passive","","","","","","","","","","2"
"C:\Users\shiwei.yang\Desktop\dali\PCB_Project\Sheet2.SchDoc","NET_MEMBER","NET_MEMBER@NetCap2_VAC_S1_2@PIN@EBHFNJIH@$$$\EBHFNJIH-3","NetCap2_VAC_S1_2","PIN","K21_VAC_Cap_S1S2.3","K21_VAC_Cap_S1S2","EBHFNJIH","$$$\EBHFNJIH-3","","","1","3","3","Passive","","","","","","","","","","3"
"C:\Users\shiwei.yang\Desktop\dali\PCB_Project\Sheet2.SchDoc","NET_MEMBER","NET_MEMBER@NetCap2_VBAT_S1_2@PIN@OCETDGGA@$$$\OCETDGGA-2","NetCap2_VBAT_S1_2","PIN","Cap2_VBAT_S1.2","Cap2_VBAT_S1","OCETDGGA","$$$\OCETDGGA-2","","","1","2","2","Passive","","","","","","","","","","2"
"C:\Users\shiwei.yang\Desktop\dali\PCB_Project\Sheet2.SchDoc","NET_MEMBER","NET_MEMBER@NetCap2_VBAT_S1_2@PIN@ODACITIY@$$$\ODACITIY-3","NetCap2_VBAT_S1_2","PIN","K13_VBAT_Cap_S1S2.3","K13_VBAT_Cap_S1S2","ODACITIY","$$$\ODACITIY-3","","","1","3","3","Passive","","","","","","","","","","3"
"C:\Users\shiwei.yang\Desktop\dali\PCB_Project\Sheet2.SchDoc","NET_MEMBER","NET_MEMBER@NetCap2_VBUS_S1_2@PIN@CSQGAPTX@$$$\CSQGAPTX-2","NetCap2_VBUS_S1_2","PIN","Cap2_VBUS_S1.2","Cap2_VBUS_S1","CSQGAPTX","$$$\CSQGAPTX-2","","","1","2","2","Passive","","","","","","","","","","2"
"C:\Users\shiwei.yang\Desktop\dali\PCB_Project\Sheet2.SchDoc","NET_MEMBER","NET_MEMBER@NetCap2_VBUS_S1_2@PIN@VCZYXRLR@$$$\VCZYXRLR-3","NetCap2_VBUS_S1_2","PIN","K5_VBUS_Cap_S1S2.3","K5_VBUS_Cap_S1S2","VCZYXRLR","$$$\VCZYXRLR-3","","","1","3","3","Passive","","","","","","","","","","3"
"C:\Users\shiwei.yang\Desktop\dali\PCB_Project\Sheet2.SchDoc","NET_MEMBER","NET_MEMBER@NetCap2_VCC_S1_2@PIN@BJVJLJSY@$$$\BJVJLJSY-2","NetCap2_VCC_S1_2","PIN","Cap2_VCC_S1.2","Cap2_VCC_S1","BJVJLJSY","$$$\BJVJLJSY-2","","","1","2","2","Passive","","","","","","","","","","2"
"C:\Users\shiwei.yang\Desktop\dali\PCB_Project\Sheet2.SchDoc","NET_MEMBER","NET_MEMBER@NetCap2_VCC_S1_2@PIN@LZAEOPUS@$$$\LZAEOPUS-3","NetCap2_VCC_S1_2","PIN","K0_VCC_Cap_S1S2.3","K0_VCC_Cap_S1S2","LZAEOPUS","$$$\LZAEOPUS-3","","","1","3","3","Passive","","","","","","","","","","3"
"C:\Users\shiwei.yang\Desktop\dali\PCB_Project\Sheet2.SchDoc","NET_MEMBER","NET_MEMBER@NetCap_nRST_S1_1@PORT@nRST_S1@Output","NetCap_nRST_S1_1","PORT","nRST_S1","","","","","","","","","Output","","","","","","","","","CONNECTED","nRST_S1"
"C:\Users\shiwei.yang\Desktop\dali\PCB_Project\Sheet2.SchDoc","NET_MEMBER","NET_MEMBER@NetCap_nRST_S1_1@PIN@BDKWJVEG@$$$\BDKWJVEG-1","NetCap_nRST_S1_1","PIN","Cap_nRST_S1.1","Cap_nRST_S1","BDKWJVEG","$$$\BDKWJVEG-1","","","1","1","1","Passive","","","","","","","","","","1"
"C:\Users\shiwei.yang\Desktop\dali\PCB_Project\Sheet2.SchDoc","NET_MEMBER","NET_MEMBER@NetCap_nRST_S1_1@PIN@JIZBBUWQ@$$$\JIZBBUWQ-4","NetCap_nRST_S1_1","PIN","K124_nRST_S1.4","K124_nRST_S1","JIZBBUWQ","$$$\JIZBBUWQ-4","","","1","4","4","Passive","","","","","","","","","","4"
"C:\Users\shiwei.yang\Desktop\dali\PCB_Project\Sheet2.SchDoc","NET_MEMBER","NET_MEMBER@NetCap_nRST_S1_1@PIN@AYITLNVM@$$$\AYITLNVM-5","NetCap_nRST_S1_1","PIN","K124_nRST_S1.5","K124_nRST_S1","AYITLNVM","$$$\AYITLNVM-5","","","2","5","5","Passive","","","","","","","","","","5"
"C:\Users\shiwei.yang\Desktop\dali\PCB_Project\Sheet2.SchDoc","NET_MEMBER","NET_MEMBER@NetCap_nRST_S1_1@PIN@YNNIXMWP@$$$\YNNIXMWP-1","NetCap_nRST_S1_1","PIN","TP_nRST_S1.1","TP_nRST_S1","YNNIXMWP","$$$\YNNIXMWP-1","","","1","1","1","Passive","","","","","","","","","","1"
"C:\Users\shiwei.yang\Desktop\dali\PCB_Project\Sheet2.SchDoc","NET_MEMBER","NET_MEMBER@NetCap_SW1_BST1_S1_1@PIN@JWSPKDSL@$$$\JWSPKDSL-1","NetCap_SW1_BST1_S1_1","PIN","Cap_SW1_BST1_S1.1","Cap_SW1_BST1_S1","JWSPKDSL","$$$\JWSPKDSL-1","","","1","1","1","Passive","","","","","","","","","","1"
"C:\Users\shiwei.yang\Desktop\dali\PCB_Project\Sheet2.SchDoc","NET_MEMBER","NET_MEMBER@NetCap_SW1_BST1_S1_1@PIN@YMYZSCMG@$$$\YMYZSCMG-2","NetCap_SW1_BST1_S1_1","PIN","D_SW1_BST1.2","D_SW1_BST1","YMYZSCMG","$$$\YMYZSCMG-2","","","1","2","K","Passive","","","","","","","","","","2"
"C:\Users\shiwei.yang\Desktop\dali\PCB_Project\Sheet2.SchDoc","NET_MEMBER","NET_MEMBER@NetCap_SW1_BST1_S1_1@PIN@ZMKKRCOA@$$$\ZMKKRCOA-2","NetCap_SW1_BST1_S1_1","PIN","K45_Cap_SW1_BST1_S1S2.2","K45_Cap_SW1_BST1_S1S2","ZMKKRCOA","$$$\ZMKKRCOA-2","","","1","2","2","Passive","","","","","","","","","","2"
"C:\Users\shiwei.yang\Desktop\dali\PCB_Project\Sheet2.SchDoc","NET_MEMBER","NET_MEMBER@NetCap_SW1_BST1_S1_2@PORT@SW1_F_S1@Output","NetCap_SW1_BST1_S1_2","PORT","SW1_F_S1","","","","","","","","","Output","","","","","","","","","CONNECTED","SW1_F_S1"
"C:\Users\shiwei.yang\Desktop\dali\PCB_Project\Sheet2.SchDoc","NET_MEMBER","NET_MEMBER@NetCap_SW1_BST1_S1_2@PIN@JWSPKDSL@$$$\JWSPKDSL-2","NetCap_SW1_BST1_S1_2","PIN","Cap_SW1_BST1_S1.2","Cap_SW1_BST1_S1","JWSPKDSL","$$$\JWSPKDSL-2","","","1","2","2","Passive","","","","","","","","","","2"
"C:\Users\shiwei.yang\Desktop\dali\PCB_Project\Sheet2.SchDoc","NET_MEMBER","NET_MEMBER@NetCap_SW1_BST1_S1_2@PIN@YMYZSCMG@$$$\YMYZSCMG-1","NetCap_SW1_BST1_S1_2","PIN","D_SW1_BST1.1","D_SW1_BST1","YMYZSCMG","$$$\YMYZSCMG-1","","","1","1","A","Passive","","","","","","","","","","1"
"C:\Users\shiwei.yang\Desktop\dali\PCB_Project\Sheet2.SchDoc","NET_MEMBER","NET_MEMBER@NetCap_SW1_BST1_S1_2@PIN@QGKPTHQK@$$$\QGKPTHQK-7","NetCap_SW1_BST1_S1_2","PIN","K49_ACM_SW2_S1.7","K49_ACM_SW2_S1","QGKPTHQK","$$$\QGKPTHQK-7","","","2","7","7","Passive","","","","","","","","","","7"
"C:\Users\shiwei.yang\Desktop\dali\PCB_Project\Sheet2.SchDoc","NET_MEMBER","NET_MEMBER@NetCap_SW1_BST1_S1_2@PIN@TZDXVPTU@$$$\TZDXVPTU-2","NetCap_SW1_BST1_S1_2","PIN","K50_FOVI_SW2_S1.2","K50_FOVI_SW2_S1","TZDXVPTU","$$$\TZDXVPTU-2","","","1","2","2","Passive","","","","","","","","","","2"
"C:\Users\shiwei.yang\Desktop\dali\PCB_Project\Sheet2.SchDoc","NET_MEMBER","NET_MEMBER@NetCap_SW1_BST1_S1_2@PIN@VJTUMGHJ@$$$\VJTUMGHJ-1","NetCap_SW1_BST1_S1_2","PIN","R_SW1_KLV_S1.1","R_SW1_KLV_S1","VJTUMGHJ","$$$\VJTUMGHJ-1","","","1","1","1","Passive","","","","","","","","","","1"
"C:\Users\shiwei.yang\Desktop\dali\PCB_Project\Sheet2.SchDoc","NET_MEMBER","NET_MEMBER@NetCap_SW1_BST1_S1_2@PIN@XSLSAPRN@$$$\XSLSAPRN-1","NetCap_SW1_BST1_S1_2","PIN","TP_SW1_F_S1.1","TP_SW1_F_S1","XSLSAPRN","$$$\XSLSAPRN-1","","","1","1","1","Passive","","","","","","","","","","1"
"C:\Users\shiwei.yang\Desktop\dali\PCB_Project\Sheet2.SchDoc","NET_MEMBER","NET_MEMBER@NetCap_SW2_BST2_S1_1@PIN@JIPGJRCF@$$$\JIPGJRCF-1","NetCap_SW2_BST2_S1_1","PIN","Cap_SW2_BST2_S1.1","Cap_SW2_BST2_S1","JIPGJRCF","$$$\JIPGJRCF-1","","","1","1","1","Passive","","","","","","","","","","1"
"C:\Users\shiwei.yang\Desktop\dali\PCB_Project\Sheet2.SchDoc","NET_MEMBER","NET_MEMBER@NetCap_SW2_BST2_S1_1@PIN@UUZSTUQP@$$$\UUZSTUQP-2","NetCap_SW2_BST2_S1_1","PIN","D_SW2_BST2.2","D_SW2_BST2","UUZSTUQP","$$$\UUZSTUQP-2","","","1","2","K","Passive","","","","","","","","","","2"
"C:\Users\shiwei.yang\Desktop\dali\PCB_Project\Sheet2.SchDoc","NET_MEMBER","NET_MEMBER@NetCap_SW2_BST2_S1_1@PIN@KROKEETC@$$$\KROKEETC-2","NetCap_SW2_BST2_S1_1","PIN","K44_Cap_SW2_BST2_S1S2.2","K44_Cap_SW2_BST2_S1S2","KROKEETC","$$$\KROKEETC-2","","","1","2","2","Passive","","","","","","","","","","2"
"C:\Users\shiwei.yang\Desktop\dali\PCB_Project\Sheet2.SchDoc","NET_MEMBER","NET_MEMBER@NetCap_SW2_BST2_S1_2@PORT@SW2_F_S1@Output","NetCap_SW2_BST2_S1_2","PORT","SW2_F_S1","","","","","","","","","Output","","","","","","","","","CONNECTED","SW2_F_S1"
"C:\Users\shiwei.yang\Desktop\dali\PCB_Project\Sheet2.SchDoc","NET_MEMBER","NET_MEMBER@NetCap_SW2_BST2_S1_2@PIN@JIPGJRCF@$$$\JIPGJRCF-2","NetCap_SW2_BST2_S1_2","PIN","Cap_SW2_BST2_S1.2","Cap_SW2_BST2_S1","JIPGJRCF","$$$\JIPGJRCF-2","","","1","2","2","Passive","","","","","","","","","","2"
"C:\Users\shiwei.yang\Desktop\dali\PCB_Project\Sheet2.SchDoc","NET_MEMBER","NET_MEMBER@NetCap_SW2_BST2_S1_2@PIN@UUZSTUQP@$$$\UUZSTUQP-1","NetCap_SW2_BST2_S1_2","PIN","D_SW2_BST2.1","D_SW2_BST2","UUZSTUQP","$$$\UUZSTUQP-1","","","1","1","A","Passive","","","","","","","","","","1"
"C:\Users\shiwei.yang\Desktop\dali\PCB_Project\Sheet2.SchDoc","NET_MEMBER","NET_MEMBER@NetCap_SW2_BST2_S1_2@PIN@QGKPTHQK@$$$\QGKPTHQK-5","NetCap_SW2_BST2_S1_2","PIN","K49_ACM_SW2_S1.5","K49_ACM_SW2_S1","QGKPTHQK","$$$\QGKPTHQK-5","","","2","5","5","Passive","","","","","","","","","","5"
"C:\Users\shiwei.yang\Desktop\dali\PCB_Project\Sheet2.SchDoc","NET_MEMBER","NET_MEMBER@NetCap_SW2_BST2_S1_2@PIN@TZDXVPTU@$$$\TZDXVPTU-4","NetCap_SW2_BST2_S1_2","PIN","K50_FOVI_SW2_S1.4","K50_FOVI_SW2_S1","TZDXVPTU","$$$\TZDXVPTU-4","","","1","4","4","Passive","","","","","","","","","","4"
"C:\Users\shiwei.yang\Desktop\dali\PCB_Project\Sheet2.SchDoc","NET_MEMBER","NET_MEMBER@NetCap_SW2_BST2_S1_2@PIN@FWHEQFGR@$$$\FWHEQFGR-1","NetCap_SW2_BST2_S1_2","PIN","R_SW2_KLV_S1.1","R_SW2_KLV_S1","FWHEQFGR","$$$\FWHEQFGR-1","","","1","1","1","Passive","","","","","","","","","","1"
"C:\Users\shiwei.yang\Desktop\dali\PCB_Project\Sheet2.SchDoc","NET_MEMBER","NET_MEMBER@NetCap_SW2_BST2_S1_2@PIN@LLNKTDNV@$$$\LLNKTDNV-1","NetCap_SW2_BST2_S1_2","PIN","TP_SW2_F_S1.1","TP_SW2_F_S1","LLNKTDNV","$$$\LLNKTDNV-1","","","1","1","1","Passive","","","","","","","","","","1"
"C:\Users\shiwei.yang\Desktop\dali\PCB_Project\Sheet2.SchDoc","NET_MEMBER","NET_MEMBER@NetCap_SW_BST_S1_1@PIN@GRRVTZCK@$$$\GRRVTZCK-1","NetCap_SW_BST_S1_1","PIN","Cap_SW_BST_S1.1","Cap_SW_BST_S1","GRRVTZCK","$$$\GRRVTZCK-1","","","1","1","1","Passive","","","","","","","","","","1"
"C:\Users\shiwei.yang\Desktop\dali\PCB_Project\Sheet2.SchDoc","NET_MEMBER","NET_MEMBER@NetCap_SW_BST_S1_1@PIN@VXWHFVRT@$$$\VXWHFVRT-2","NetCap_SW_BST_S1_1","PIN","D_BST_SW_S1.2","D_BST_SW_S1","VXWHFVRT","$$$\VXWHFVRT-2","","","1","2","K","Passive","","","","","","","","","","2"
"C:\Users\shiwei.yang\Desktop\dali\PCB_Project\Sheet2.SchDoc","NET_MEMBER","NET_MEMBER@NetCap_SW_BST_S1_1@PIN@IEZNXRCJ@$$$\IEZNXRCJ-2","NetCap_SW_BST_S1_1","PIN","K57_CAP_BST_SW_S1S2.2","K57_CAP_BST_SW_S1S2","IEZNXRCJ","$$$\IEZNXRCJ-2","","","1","2","2","Passive","","","","","","","","","","2"
"C:\Users\shiwei.yang\Desktop\dali\PCB_Project\Sheet2.SchDoc","NET_MEMBER","NET_MEMBER@NetEEPROM_5@PORT@S34_I2CSDA@I/O","NetEEPROM_5","PORT","S34_I2CSDA","","","","","","","","","I/O","","","","","","","","","CONNECTED","S34_I2CSDA"
"C:\Users\shiwei.yang\Desktop\dali\PCB_Project\Sheet2.SchDoc","NET_MEMBER","NET_MEMBER@NetEEPROM_5@PIN@IOSEFBPT@$$$\IOSEFBPT-5","NetEEPROM_5","PIN","EEPROM.5","EEPROM","IOSEFBPT","$$$\IOSEFBPT-5","","","1","5","SDA","Passive","","","","","","","","","","5"
"C:\Users\shiwei.yang\Desktop\dali\PCB_Project\Sheet2.SchDoc","NET_MEMBER","NET_MEMBER@NetEEPROM_5@PIN@BRVYWKKX@$$$\BRVYWKKX-2","NetEEPROM_5","PIN","R2E.2","R2E","BRVYWKKX","$$$\BRVYWKKX-2","","","1","2","2","Passive","","","","","","","","","","2"
"C:\Users\shiwei.yang\Desktop\dali\PCB_Project\Sheet2.SchDoc","NET_MEMBER","NET_MEMBER@NetEEPROM_6@PORT@S34_I2CSCL@I/O","NetEEPROM_6","PORT","S34_I2CSCL","","","","","","","","","I/O","","","","","","","","","CONNECTED","S34_I2CSCL"
"C:\Users\shiwei.yang\Desktop\dali\PCB_Project\Sheet2.SchDoc","NET_MEMBER","NET_MEMBER@NetEEPROM_6@PIN@IOSEFBPT@$$$\IOSEFBPT-6","NetEEPROM_6","PIN","EEPROM.6","EEPROM","IOSEFBPT","$$$\IOSEFBPT-6","","","1","6","SCL","Passive","","","","","","","","","","6"
"C:\Users\shiwei.yang\Desktop\dali\PCB_Project\Sheet2.SchDoc","NET_MEMBER","NET_MEMBER@NetEEPROM_6@PIN@AJJMQUES@$$$\AJJMQUES-2","NetEEPROM_6","PIN","R1E.2","R1E","AJJMQUES","$$$\AJJMQUES-2","","","1","2","2","Passive","","","","","","","","","","2"
"C:\Users\shiwei.yang\Desktop\dali\PCB_Project\Sheet2.SchDoc","NET_MEMBER","NET_MEMBER@NetK0_VCC_Cap_S1S2_2@PIN@LZAEOPUS@$$$\LZAEOPUS-2","NetK0_VCC_Cap_S1S2_2","PIN","K0_VCC_Cap_S1S2.2","K0_VCC_Cap_S1S2","LZAEOPUS","$$$\LZAEOPUS-2","","","1","2","2","Passive","","","","","","","","","","2"
"C:\Users\shiwei.yang\Desktop\dali\PCB_Project\Sheet2.SchDoc","NET_MEMBER","NET_MEMBER@NetK0_VCC_Cap_S1S2_2@PIN@YXHLGYPW@$$$\YXHLGYPW-1","NetK0_VCC_Cap_S1S2_2","PIN","R_VCC_S1.1","R_VCC_S1","YXHLGYPW","$$$\YXHLGYPW-1","","","1","1","1","Passive","","","","","","","","","","1"
"C:\Users\shiwei.yang\Desktop\dali\PCB_Project\Sheet2.SchDoc","NET_MEMBER","NET_MEMBER@NetK2_BUF_S1S2_3@PIN@CREZPDMZ@$$$\CREZPDMZ-3","NetK2_BUF_S1S2_3","PIN","K2_BUF_S1S2.3","K2_BUF_S1S2","CREZPDMZ","$$$\CREZPDMZ-3","","","1","3","3","Passive","","","","","","","","","","3"
"C:\Users\shiwei.yang\Desktop\dali\PCB_Project\Sheet2.SchDoc","NET_MEMBER","NET_MEMBER@NetK2_BUF_S1S2_3@PIN@RNVDZYVO@$$$\RNVDZYVO-1","NetK2_BUF_S1S2_3","PIN","U3_S1.1","U3_S1","RNVDZYVO","$$$\RNVDZYVO-1","","","1","1","OUT","Passive","","","","","","","","","","1"
"C:\Users\shiwei.yang\Desktop\dali\PCB_Project\Sheet2.SchDoc","NET_MEMBER","NET_MEMBER@NetK2_BUF_S1S2_3@PIN@RNVDZYVO@$$$\RNVDZYVO-4","NetK2_BUF_S1S2_3","PIN","U3_S1.4","U3_S1","RNVDZYVO","$$$\RNVDZYVO-4","","","1","4","-IN","Passive","","","","","","","","","","4"
"C:\Users\shiwei.yang\Desktop\dali\PCB_Project\Sheet2.SchDoc","NET_MEMBER","NET_MEMBER@NetK3_BUSL_VBUS_S1_2@PIN@HSKYUZYT@$$$\HSKYUZYT-2","NetK3_BUSL_VBUS_S1_2","PIN","K3_BUSL_VBUS_S1.2","K3_BUSL_VBUS_S1","HSKYUZYT","$$$\HSKYUZYT-2","","","1","2","2","Passive","","","","","","","","","","2"
"C:\Users\shiwei.yang\Desktop\dali\PCB_Project\Sheet2.SchDoc","NET_MEMBER","NET_MEMBER@NetK3_BUSL_VBUS_S1_4@PORT@S5_ACM200_FH10@I/O","NetK3_BUSL_VBUS_S1_4","PORT","S5_ACM200_FH10","","","","","","","","","I/O","","","","","","","","","CONNECTED","S5_ACM200_FH10"
"C:\Users\shiwei.yang\Desktop\dali\PCB_Project\Sheet2.SchDoc","NET_MEMBER","NET_MEMBER@NetK3_BUSL_VBUS_S1_4@PIN@HSKYUZYT@$$$\HSKYUZYT-4","NetK3_BUSL_VBUS_S1_4","PIN","K3_BUSL_VBUS_S1.4","K3_BUSL_VBUS_S1","HSKYUZYT","$$$\HSKYUZYT-4","","","1","4","4","Passive","","","","","","","","","","4"
"C:\Users\shiwei.yang\Desktop\dali\PCB_Project\Sheet2.SchDoc","NET_MEMBER","NET_MEMBER@NetK3_BUSL_VBUS_S1_4@PIN@AXZTJDDN@$$$\AXZTJDDN-6","NetK3_BUSL_VBUS_S1_4","PIN","K4_DRVH1_S1.6","K4_DRVH1_S1","AXZTJDDN","$$$\AXZTJDDN-6","","","2","6","6","Passive","","","","","","","","","","6"
"C:\Users\shiwei.yang\Desktop\dali\PCB_Project\Sheet2.SchDoc","NET_MEMBER","NET_MEMBER@NetK3_BUSL_VBUS_S1_5@PORT@S5_ACM200_SH10@I/O","NetK3_BUSL_VBUS_S1_5","PORT","S5_ACM200_SH10","","","","","","","","","I/O","","","","","","","","","CONNECTED","S5_ACM200_SH10"
"C:\Users\shiwei.yang\Desktop\dali\PCB_Project\Sheet2.SchDoc","NET_MEMBER","NET_MEMBER@NetK3_BUSL_VBUS_S1_5@PIN@CQLNLROO@$$$\CQLNLROO-5","NetK3_BUSL_VBUS_S1_5","PIN","K3_BUSL_VBUS_S1.5","K3_BUSL_VBUS_S1","CQLNLROO","$$$\CQLNLROO-5","","","2","5","5","Passive","","","","","","","","","","5"
"C:\Users\shiwei.yang\Desktop\dali\PCB_Project\Sheet2.SchDoc","NET_MEMBER","NET_MEMBER@NetK3_BUSL_VBUS_S1_5@PIN@JAZGMWRB@$$$\JAZGMWRB-3","NetK3_BUSL_VBUS_S1_5","PIN","K4_DRVH1_S1.3","K4_DRVH1_S1","JAZGMWRB","$$$\JAZGMWRB-3","","","1","3","3","Passive","","","","","","","","","","3"
"C:\Users\shiwei.yang\Desktop\dali\PCB_Project\Sheet2.SchDoc","NET_MEMBER","NET_MEMBER@NetK3_BUSL_VBUS_S1_7@PIN@CQLNLROO@$$$\CQLNLROO-7","NetK3_BUSL_VBUS_S1_7","PIN","K3_BUSL_VBUS_S1.7","K3_BUSL_VBUS_S1","CQLNLROO","$$$\CQLNLROO-7","","","2","7","7","Passive","","","","","","","","","","7"
"C:\Users\shiwei.yang\Desktop\dali\PCB_Project\Sheet2.SchDoc","NET_MEMBER","NET_MEMBER@NetK4_DRVH1_S1_2@PORT@VBUS_S_S1@Output","NetK4_DRVH1_S1_2","PORT","VBUS_S_S1","","","","","","","","","Output","","","","","","","","","CONNECTED","VBUS_S_S1"
"C:\Users\shiwei.yang\Desktop\dali\PCB_Project\Sheet2.SchDoc","NET_MEMBER","NET_MEMBER@NetK4_DRVH1_S1_2@PIN@JAZGMWRB@$$$\JAZGMWRB-2","NetK4_DRVH1_S1_2","PIN","K4_DRVH1_S1.2","K4_DRVH1_S1","JAZGMWRB","$$$\JAZGMWRB-2","","","1","2","2","Passive","","","","","","","","","","2"
"C:\Users\shiwei.yang\Desktop\dali\PCB_Project\Sheet2.SchDoc","NET_MEMBER","NET_MEMBER@NetK4_DRVH1_S1_2@PIN@WNNXQRUH@$$$\WNNXQRUH-2","NetK4_DRVH1_S1_2","PIN","R_VBUS_KLV_S1.2","R_VBUS_KLV_S1","WNNXQRUH","$$$\WNNXQRUH-2","","","1","2","2","Passive","","","","","","","","","","2"
"C:\Users\shiwei.yang\Desktop\dali\PCB_Project\Sheet2.SchDoc","NET_MEMBER","NET_MEMBER@NetK4_DRVH1_S1_2@PIN@CKBULQWS@$$$\CKBULQWS-1","NetK4_DRVH1_S1_2","PIN","TP_VBUS_S_S1.1","TP_VBUS_S_S1","CKBULQWS","$$$\CKBULQWS-1","","","1","1","1","Passive","","","","","","","","","","1"
"C:\Users\shiwei.yang\Desktop\dali\PCB_Project\Sheet2.SchDoc","NET_MEMBER","NET_MEMBER@NetK4_DRVH1_S1_4@PORT@DRVH1_S_S1@Output","NetK4_DRVH1_S1_4","PORT","DRVH1_S_S1","","","","","","","","","Output","","","","","","","","","CONNECTED","DRVH1_S_S1"
"C:\Users\shiwei.yang\Desktop\dali\PCB_Project\Sheet2.SchDoc","NET_MEMBER","NET_MEMBER@NetK4_DRVH1_S1_4@PIN@JAZGMWRB@$$$\JAZGMWRB-4","NetK4_DRVH1_S1_4","PIN","K4_DRVH1_S1.4","K4_DRVH1_S1","JAZGMWRB","$$$\JAZGMWRB-4","","","1","4","4","Passive","","","","","","","","","","4"
"C:\Users\shiwei.yang\Desktop\dali\PCB_Project\Sheet2.SchDoc","NET_MEMBER","NET_MEMBER@NetK4_DRVH1_S1_4@PIN@UREPLNXI@$$$\UREPLNXI-2","NetK4_DRVH1_S1_4","PIN","R_DRVH1_S1.2","R_DRVH1_S1","UREPLNXI","$$$\UREPLNXI-2","","","1","2","2","Passive","","","","","","","","","","2"
"C:\Users\shiwei.yang\Desktop\dali\PCB_Project\Sheet2.SchDoc","NET_MEMBER","NET_MEMBER@NetK4_DRVH1_S1_4@PIN@YMIIMKNB@$$$\YMIIMKNB-1","NetK4_DRVH1_S1_4","PIN","TP_DRVH1_S_S1.1","TP_DRVH1_S_S1","YMIIMKNB","$$$\YMIIMKNB-1","","","1","1","1","Passive","","","","","","","","","","1"
"C:\Users\shiwei.yang\Desktop\dali\PCB_Project\Sheet2.SchDoc","NET_MEMBER","NET_MEMBER@NetK4_DRVH1_S1_5@PORT@DRVH1_F_S1@Output","NetK4_DRVH1_S1_5","PORT","DRVH1_F_S1","","","","","","","","","Output","","","","","","","","","CONNECTED","DRVH1_F_S1"
"C:\Users\shiwei.yang\Desktop\dali\PCB_Project\Sheet2.SchDoc","NET_MEMBER","NET_MEMBER@NetK4_DRVH1_S1_5@PIN@AXZTJDDN@$$$\AXZTJDDN-5","NetK4_DRVH1_S1_5","PIN","K4_DRVH1_S1.5","K4_DRVH1_S1","AXZTJDDN","$$$\AXZTJDDN-5","","","2","5","5","Passive","","","","","","","","","","5"
"C:\Users\shiwei.yang\Desktop\dali\PCB_Project\Sheet2.SchDoc","NET_MEMBER","NET_MEMBER@NetK4_DRVH1_S1_5@PIN@UREPLNXI@$$$\UREPLNXI-1","NetK4_DRVH1_S1_5","PIN","R_DRVH1_S1.1","R_DRVH1_S1","UREPLNXI","$$$\UREPLNXI-1","","","1","1","1","Passive","","","","","","","","","","1"
"C:\Users\shiwei.yang\Desktop\dali\PCB_Project\Sheet2.SchDoc","NET_MEMBER","NET_MEMBER@NetK4_DRVH1_S1_5@PIN@EZOCUWKZ@$$$\EZOCUWKZ-1","NetK4_DRVH1_S1_5","PIN","TP_DRVH1_F_S1.1","TP_DRVH1_F_S1","EZOCUWKZ","$$$\EZOCUWKZ-1","","","1","1","1","Passive","","","","","","","","","","1"
"C:\Users\shiwei.yang\Desktop\dali\PCB_Project\Sheet2.SchDoc","NET_MEMBER","NET_MEMBER@NetK5_VBUS_Cap_S1S2_2@PIN@VCZYXRLR@$$$\VCZYXRLR-2","NetK5_VBUS_Cap_S1S2_2","PIN","K5_VBUS_Cap_S1S2.2","K5_VBUS_Cap_S1S2","VCZYXRLR","$$$\VCZYXRLR-2","","","1","2","2","Passive","","","","","","","","","","2"
"C:\Users\shiwei.yang\Desktop\dali\PCB_Project\Sheet2.SchDoc","NET_MEMBER","NET_MEMBER@NetK5_VBUS_Cap_S1S2_2@PIN@XAMYLITD@$$$\XAMYLITD-1","NetK5_VBUS_Cap_S1S2_2","PIN","R_VBUS_S1.1","R_VBUS_S1","XAMYLITD","$$$\XAMYLITD-1","","","1","1","1","Passive","","","","","","","","","","1"
"C:\Users\shiwei.yang\Desktop\dali\PCB_Project\Sheet2.SchDoc","NET_MEMBER","NET_MEMBER@NetK6_VBUS_LP_S1_1@PIN@JDVRFUHY@$$$\JDVRFUHY-1","NetK6_VBUS_LP_S1_1","PIN","K6_VBUS_LP_S1.1","K6_VBUS_LP_S1","JDVRFUHY","$$$\JDVRFUHY-1","","","1","1","COMMON","Passive","","","","","","","","","","1"
"C:\Users\shiwei.yang\Desktop\dali\PCB_Project\Sheet2.SchDoc","NET_MEMBER","NET_MEMBER@NetK6_VBUS_LP_S1_1@PIN@HGOOMTOP@$$$\HGOOMTOP-2","NetK6_VBUS_LP_S1_1","PIN","R3_S1.2","R3_S1","HGOOMTOP","$$$\HGOOMTOP-2","","","1","2","2","Passive","","","","","","","","","","2"
"C:\Users\shiwei.yang\Desktop\dali\PCB_Project\Sheet2.SchDoc","NET_MEMBER","NET_MEMBER@NetK7_BUSH_VBAT_S1_2@PIN@WOBDRTNC@$$$\WOBDRTNC-2","NetK7_BUSH_VBAT_S1_2","PIN","K7_BUSH_VBAT_S1.2","K7_BUSH_VBAT_S1","WOBDRTNC","$$$\WOBDRTNC-2","","","1","2","2","Passive","","","","","","","","","","2"
"C:\Users\shiwei.yang\Desktop\dali\PCB_Project\Sheet2.SchDoc","NET_MEMBER","NET_MEMBER@NetK7_BUSH_VBAT_S1_4@PORT@S3_FOVIe_FH5@I/O","NetK7_BUSH_VBAT_S1_4","PORT","S3_FOVIe_FH5","","","","","","","","","I/O","","","","","","","","","CONNECTED","S3_FOVIe_FH5"
"C:\Users\shiwei.yang\Desktop\dali\PCB_Project\Sheet2.SchDoc","NET_MEMBER","NET_MEMBER@NetK7_BUSH_VBAT_S1_4@PIN@WOBDRTNC@$$$\WOBDRTNC-4","NetK7_BUSH_VBAT_S1_4","PIN","K7_BUSH_VBAT_S1.4","K7_BUSH_VBAT_S1","WOBDRTNC","$$$\WOBDRTNC-4","","","1","4","4","Passive","","","","","","","","","","4"
"C:\Users\shiwei.yang\Desktop\dali\PCB_Project\Sheet2.SchDoc","NET_MEMBER","NET_MEMBER@NetK7_BUSH_VBAT_S1_4@PIN@TPNHKRJB@$$$\TPNHKRJB-6","NetK7_BUSH_VBAT_S1_4","PIN","K8_PD3_S1.6","K8_PD3_S1","TPNHKRJB","$$$\TPNHKRJB-6","","","2","6","6","Passive","","","","","","","","","","6"
"C:\Users\shiwei.yang\Desktop\dali\PCB_Project\Sheet2.SchDoc","NET_MEMBER","NET_MEMBER@NetK7_BUSH_VBAT_S1_5@PORT@S3_FOVIe_SH5@I/O","NetK7_BUSH_VBAT_S1_5","PORT","S3_FOVIe_SH5","","","","","","","","","I/O","","","","","","","","","CONNECTED","S3_FOVIe_SH5"
"C:\Users\shiwei.yang\Desktop\dali\PCB_Project\Sheet2.SchDoc","NET_MEMBER","NET_MEMBER@NetK7_BUSH_VBAT_S1_5@PIN@WAPHKVAE@$$$\WAPHKVAE-5","NetK7_BUSH_VBAT_S1_5","PIN","K7_BUSH_VBAT_S1.5","K7_BUSH_VBAT_S1","WAPHKVAE","$$$\WAPHKVAE-5","","","2","5","5","Passive","","","","","","","","","","5"
"C:\Users\shiwei.yang\Desktop\dali\PCB_Project\Sheet2.SchDoc","NET_MEMBER","NET_MEMBER@NetK7_BUSH_VBAT_S1_5@PIN@YNYQKCUR@$$$\YNYQKCUR-3","NetK7_BUSH_VBAT_S1_5","PIN","K8_PD3_S1.3","K8_PD3_S1","YNYQKCUR","$$$\YNYQKCUR-3","","","1","3","3","Passive","","","","","","","","","","3"
"C:\Users\shiwei.yang\Desktop\dali\PCB_Project\Sheet2.SchDoc","NET_MEMBER","NET_MEMBER@NetK7_BUSH_VBAT_S1_7@PIN@WAPHKVAE@$$$\WAPHKVAE-7","NetK7_BUSH_VBAT_S1_7","PIN","K7_BUSH_VBAT_S1.7","K7_BUSH_VBAT_S1","WAPHKVAE","$$$\WAPHKVAE-7","","","2","7","7","Passive","","","","","","","","","","7"
"C:\Users\shiwei.yang\Desktop\dali\PCB_Project\Sheet2.SchDoc","NET_MEMBER","NET_MEMBER@NetK8_PD3_S1_2@PORT@VBAT_S_S1@Output","NetK8_PD3_S1_2","PORT","VBAT_S_S1","","","","","","","","","Output","","","","","","","","","CONNECTED","VBAT_S_S1"
"C:\Users\shiwei.yang\Desktop\dali\PCB_Project\Sheet2.SchDoc","NET_MEMBER","NET_MEMBER@NetK8_PD3_S1_2@PIN@YNYQKCUR@$$$\YNYQKCUR-2","NetK8_PD3_S1_2","PIN","K8_PD3_S1.2","K8_PD3_S1","YNYQKCUR","$$$\YNYQKCUR-2","","","1","2","2","Passive","","","","","","","","","","2"
"C:\Users\shiwei.yang\Desktop\dali\PCB_Project\Sheet2.SchDoc","NET_MEMBER","NET_MEMBER@NetK8_PD3_S1_2@PIN@WRSQNJMR@$$$\WRSQNJMR-2","NetK8_PD3_S1_2","PIN","R_VBAT_KLV_S1.2","R_VBAT_KLV_S1","WRSQNJMR","$$$\WRSQNJMR-2","","","1","2","2","Passive","","","","","","","","","","2"
"C:\Users\shiwei.yang\Desktop\dali\PCB_Project\Sheet2.SchDoc","NET_MEMBER","NET_MEMBER@NetK8_PD3_S1_2@PIN@ULYZGGPH@$$$\ULYZGGPH-1","NetK8_PD3_S1_2","PIN","TP_VBAT_S_S1.1","TP_VBAT_S_S1","ULYZGGPH","$$$\ULYZGGPH-1","","","1","1","1","Passive","","","","","","","","","","1"
"C:\Users\shiwei.yang\Desktop\dali\PCB_Project\Sheet2.SchDoc","NET_MEMBER","NET_MEMBER@NetK8_PD3_S1_4@PORT@PD3_S_S1@Output","NetK8_PD3_S1_4","PORT","PD3_S_S1","","","","","","","","","Output","","","","","","","","","CONNECTED","PD3_S_S1"
"C:\Users\shiwei.yang\Desktop\dali\PCB_Project\Sheet2.SchDoc","NET_MEMBER","NET_MEMBER@NetK8_PD3_S1_4@PIN@YNYQKCUR@$$$\YNYQKCUR-4","NetK8_PD3_S1_4","PIN","K8_PD3_S1.4","K8_PD3_S1","YNYQKCUR","$$$\YNYQKCUR-4","","","1","4","4","Passive","","","","","","","","","","4"
"C:\Users\shiwei.yang\Desktop\dali\PCB_Project\Sheet2.SchDoc","NET_MEMBER","NET_MEMBER@NetK8_PD3_S1_4@PIN@INOJIKZH@$$$\INOJIKZH-2","NetK8_PD3_S1_4","PIN","R_PD3_S1.2","R_PD3_S1","INOJIKZH","$$$\INOJIKZH-2","","","1","2","2","Passive","","","","","","","","","","2"
"C:\Users\shiwei.yang\Desktop\dali\PCB_Project\Sheet2.SchDoc","NET_MEMBER","NET_MEMBER@NetK8_PD3_S1_4@PIN@ENNBEDZB@$$$\ENNBEDZB-1","NetK8_PD3_S1_4","PIN","TP_PD3_S_S1.1","TP_PD3_S_S1","ENNBEDZB","$$$\ENNBEDZB-1","","","1","1","1","Passive","","","","","","","","","","1"
"C:\Users\shiwei.yang\Desktop\dali\PCB_Project\Sheet2.SchDoc","NET_MEMBER","NET_MEMBER@NetK8_PD3_S1_5@PORT@PD3_F_S1@Output","NetK8_PD3_S1_5","PORT","PD3_F_S1","","","","","","","","","Output","","","","","","","","","CONNECTED","PD3_F_S1"
"C:\Users\shiwei.yang\Desktop\dali\PCB_Project\Sheet2.SchDoc","NET_MEMBER","NET_MEMBER@NetK8_PD3_S1_5@PIN@TPNHKRJB@$$$\TPNHKRJB-5","NetK8_PD3_S1_5","PIN","K8_PD3_S1.5","K8_PD3_S1","TPNHKRJB","$$$\TPNHKRJB-5","","","2","5","5","Passive","","","","","","","","","","5"
"C:\Users\shiwei.yang\Desktop\dali\PCB_Project\Sheet2.SchDoc","NET_MEMBER","NET_MEMBER@NetK8_PD3_S1_5@PIN@INOJIKZH@$$$\INOJIKZH-1","NetK8_PD3_S1_5","PIN","R_PD3_S1.1","R_PD3_S1","INOJIKZH","$$$\INOJIKZH-1","","","1","1","1","Passive","","","","","","","","","","1"
"C:\Users\shiwei.yang\Desktop\dali\PCB_Project\Sheet2.SchDoc","NET_MEMBER","NET_MEMBER@NetK8_PD3_S1_5@PIN@TCVRRGKO@$$$\TCVRRGKO-1","NetK8_PD3_S1_5","PIN","TP_PD3_F_S1.1","TP_PD3_F_S1","TCVRRGKO","$$$\TCVRRGKO-1","","","1","1","1","Passive","","","","","","","","","","1"
"C:\Users\shiwei.yang\Desktop\dali\PCB_Project\Sheet2.SchDoc","NET_MEMBER","NET_MEMBER@NetK11_VBUS_SVLP_S1_1@PIN@TNYCMFWJ@$$$\TNYCMFWJ-1","NetK11_VBUS_SVLP_S1_1","PIN","K11_VBUS_SVLP_S1.1","K11_VBUS_SVLP_S1","TNYCMFWJ","$$$\TNYCMFWJ-1","","","1","1","COMMON","Passive","","","","","","","","","","1"
"C:\Users\shiwei.yang\Desktop\dali\PCB_Project\Sheet2.SchDoc","NET_MEMBER","NET_MEMBER@NetK11_VBUS_SVLP_S1_1@PIN@QEWVUWMA@$$$\QEWVUWMA-1","NetK11_VBUS_SVLP_S1_1","PIN","K12_VBAT_SVLP_S1.1","K12_VBAT_SVLP_S1","QEWVUWMA","$$$\QEWVUWMA-1","","","1","1","COMMON","Passive","","","","","","","","","","1"
"C:\Users\shiwei.yang\Desktop\dali\PCB_Project\Sheet2.SchDoc","NET_MEMBER","NET_MEMBER@NetK11_VBUS_SVLP_S1_1@PIN@ZJQPWIZC@$$$\ZJQPWIZC-2","NetK11_VBUS_SVLP_S1_1","PIN","R6_S1.2","R6_S1","ZJQPWIZC","$$$\ZJQPWIZC-2","","","1","2","2","Passive","","","","","","","","","","2"
"C:\Users\shiwei.yang\Desktop\dali\PCB_Project\Sheet2.SchDoc","NET_MEMBER","NET_MEMBER@NetCap1_VBUS_S1_1@PORT@VBUS_F_S1@Output","NetCap1_VBUS_S1_1","PORT","VBUS_F_S1","","","","","","","","","Output","","","","","","","","","CONNECTED","VBUS_F_S1"
"C:\Users\shiwei.yang\Desktop\dali\PCB_Project\Sheet2.SchDoc","NET_MEMBER","NET_MEMBER@NetCap1_VBUS_S1_1@PIN@QBQHBFEK@$$$\QBQHBFEK-1","NetCap1_VBUS_S1_1","PIN","Cap1_VBUS_S1.1","Cap1_VBUS_S1","QBQHBFEK","$$$\QBQHBFEK-1","","","1","1","1","Passive","","","","","","","","","","1"
"C:\Users\shiwei.yang\Desktop\dali\PCB_Project\Sheet2.SchDoc","NET_MEMBER","NET_MEMBER@NetCap1_VBUS_S1_1@PIN@AXZTJDDN@$$$\AXZTJDDN-7","NetCap1_VBUS_S1_1","PIN","K4_DRVH1_S1.7","K4_DRVH1_S1","AXZTJDDN","$$$\AXZTJDDN-7","","","2","7","7","Passive","","","","","","","","","","7"
"C:\Users\shiwei.yang\Desktop\dali\PCB_Project\Sheet2.SchDoc","NET_MEMBER","NET_MEMBER@NetCap1_VBUS_S1_1@PIN@VCZYXRLR@$$$\VCZYXRLR-4","NetCap1_VBUS_S1_1","PIN","K5_VBUS_Cap_S1S2.4","K5_VBUS_Cap_S1S2","VCZYXRLR","$$$\VCZYXRLR-4","","","1","4","4","Passive","","","","","","","","","","4"
"C:\Users\shiwei.yang\Desktop\dali\PCB_Project\Sheet2.SchDoc","NET_MEMBER","NET_MEMBER@NetCap1_VBUS_S1_1@PIN@JDVRFUHY@$$$\JDVRFUHY-2","NetCap1_VBUS_S1_1","PIN","K6_VBUS_LP_S1.2","K6_VBUS_LP_S1","JDVRFUHY","$$$\JDVRFUHY-2","","","1","2","NO","Passive","","","","","","","","","","2"
"C:\Users\shiwei.yang\Desktop\dali\PCB_Project\Sheet2.SchDoc","NET_MEMBER","NET_MEMBER@NetCap1_VBUS_S1_1@PIN@TNYCMFWJ@$$$\TNYCMFWJ-2","NetCap1_VBUS_S1_1","PIN","K11_VBUS_SVLP_S1.2","K11_VBUS_SVLP_S1","TNYCMFWJ","$$$\TNYCMFWJ-2","","","1","2","NO","Passive","","","","","","","","","","2"
"C:\Users\shiwei.yang\Desktop\dali\PCB_Project\Sheet2.SchDoc","NET_MEMBER","NET_MEMBER@NetCap1_VBUS_S1_1@PIN@WNNXQRUH@$$$\WNNXQRUH-1","NetCap1_VBUS_S1_1","PIN","R_VBUS_KLV_S1.1","R_VBUS_KLV_S1","WNNXQRUH","$$$\WNNXQRUH-1","","","1","1","1","Passive","","","","","","","","","","1"
"C:\Users\shiwei.yang\Desktop\dali\PCB_Project\Sheet2.SchDoc","NET_MEMBER","NET_MEMBER@NetCap1_VBUS_S1_1@PIN@IZXEBYEB@$$$\IZXEBYEB-1","NetCap1_VBUS_S1_1","PIN","TP_VBUS_F_S1.1","TP_VBUS_F_S1","IZXEBYEB","$$$\IZXEBYEB-1","","","1","1","1","Passive","","","","","","","","","","1"
"C:\Users\shiwei.yang\Desktop\dali\PCB_Project\Sheet2.SchDoc","NET_MEMBER","NET_MEMBER@NetK13_VBAT_Cap_S1S2_2@PIN@ODACITIY@$$$\ODACITIY-2","NetK13_VBAT_Cap_S1S2_2","PIN","K13_VBAT_Cap_S1S2.2","K13_VBAT_Cap_S1S2","ODACITIY","$$$\ODACITIY-2","","","1","2","2","Passive","","","","","","","","","","2"
"C:\Users\shiwei.yang\Desktop\dali\PCB_Project\Sheet2.SchDoc","NET_MEMBER","NET_MEMBER@NetK13_VBAT_Cap_S1S2_2@PIN@PJFVEZBC@$$$\PJFVEZBC-1","NetK13_VBAT_Cap_S1S2_2","PIN","R_VBAT_S1.1","R_VBAT_S1","PJFVEZBC","$$$\PJFVEZBC-1","","","1","1","1","Passive","","","","","","","","","","1"
"C:\Users\shiwei.yang\Desktop\dali\PCB_Project\Sheet2.SchDoc","NET_MEMBER","NET_MEMBER@NetK17_BUSL_VAC_S1_2@PIN@XQOGVEQP@$$$\XQOGVEQP-2","NetK17_BUSL_VAC_S1_2","PIN","K17_BUSL_VAC_S1.2","K17_BUSL_VAC_S1","XQOGVEQP","$$$\XQOGVEQP-2","","","1","2","2","Passive","","","","","","","","","","2"
"C:\Users\shiwei.yang\Desktop\dali\PCB_Project\Sheet2.SchDoc","NET_MEMBER","NET_MEMBER@NetK17_BUSL_VAC_S1_7@PIN@XFTXKENH@$$$\XFTXKENH-7","NetK17_BUSL_VAC_S1_7","PIN","K17_BUSL_VAC_S1.7","K17_BUSL_VAC_S1","XFTXKENH","$$$\XFTXKENH-7","","","2","7","7","Passive","","","","","","","","","","7"
"C:\Users\shiwei.yang\Desktop\dali\PCB_Project\Sheet2.SchDoc","NET_MEMBER","NET_MEMBER@NetK18_VAC3_S1_2@PIN@GJIYAVYL@$$$\GJIYAVYL-2","NetK18_VAC3_S1_2","PIN","K18_VAC3_S1.2","K18_VAC3_S1","GJIYAVYL","$$$\GJIYAVYL-2","","","1","2","2","Passive","","","","","","","","","","2"
"C:\Users\shiwei.yang\Desktop\dali\PCB_Project\Sheet2.SchDoc","NET_MEMBER","NET_MEMBER@NetK18_VAC3_S1_2@PIN@DOCXEWDB@$$$\DOCXEWDB-3","NetK18_VAC3_S1_2","PIN","K19_VAC2_S1.3","K19_VAC2_S1","DOCXEWDB","$$$\DOCXEWDB-3","","","1","3","3","Passive","","","","","","","","","","3"
"C:\Users\shiwei.yang\Desktop\dali\PCB_Project\Sheet2.SchDoc","NET_MEMBER","NET_MEMBER@NetK18_VAC3_S1_4@PIN@GJIYAVYL@$$$\GJIYAVYL-4","NetK18_VAC3_S1_4","PIN","K18_VAC3_S1.4","K18_VAC3_S1","GJIYAVYL","$$$\GJIYAVYL-4","","","1","4","4","Passive","","","","","","","","","","4"
"C:\Users\shiwei.yang\Desktop\dali\PCB_Project\Sheet2.SchDoc","NET_MEMBER","NET_MEMBER@NetK18_VAC3_S1_4@PIN@MMQHBTRD@$$$\MMQHBTRD-3","NetK18_VAC3_S1_4","PIN","K20_AMUX_S1.3","K20_AMUX_S1","MMQHBTRD","$$$\MMQHBTRD-3","","","1","3","3","Passive","","","","","","","","","","3"
"C:\Users\shiwei.yang\Desktop\dali\PCB_Project\Sheet2.SchDoc","NET_MEMBER","NET_MEMBER@NetK18_VAC3_S1_5@PIN@HUQNCMFN@$$$\HUQNCMFN-5","NetK18_VAC3_S1_5","PIN","K18_VAC3_S1.5","K18_VAC3_S1","HUQNCMFN","$$$\HUQNCMFN-5","","","2","5","5","Passive","","","","","","","","","","5"
"C:\Users\shiwei.yang\Desktop\dali\PCB_Project\Sheet2.SchDoc","NET_MEMBER","NET_MEMBER@NetK18_VAC3_S1_5@PIN@UAEVPCVE@$$$\UAEVPCVE-6","NetK18_VAC3_S1_5","PIN","K20_AMUX_S1.6","K20_AMUX_S1","UAEVPCVE","$$$\UAEVPCVE-6","","","2","6","6","Passive","","","","","","","","","","6"
"C:\Users\shiwei.yang\Desktop\dali\PCB_Project\Sheet2.SchDoc","NET_MEMBER","NET_MEMBER@NetK18_VAC3_S1_7@PIN@HUQNCMFN@$$$\HUQNCMFN-7","NetK18_VAC3_S1_7","PIN","K18_VAC3_S1.7","K18_VAC3_S1","HUQNCMFN","$$$\HUQNCMFN-7","","","2","7","7","Passive","","","","","","","","","","7"
"C:\Users\shiwei.yang\Desktop\dali\PCB_Project\Sheet2.SchDoc","NET_MEMBER","NET_MEMBER@NetK18_VAC3_S1_7@PIN@SZVNBIPO@$$$\SZVNBIPO-6","NetK18_VAC3_S1_7","PIN","K19_VAC2_S1.6","K19_VAC2_S1","SZVNBIPO","$$$\SZVNBIPO-6","","","2","6","6","Passive","","","","","","","","","","6"
"C:\Users\shiwei.yang\Desktop\dali\PCB_Project\Sheet2.SchDoc","NET_MEMBER","NET_MEMBER@NetK19_VAC2_S1_5@PORT@VAC2_S_S1@Output","NetK19_VAC2_S1_5","PORT","VAC2_S_S1","","","","","","","","","Output","","","","","","","","","CONNECTED","VAC2_S_S1"
"C:\Users\shiwei.yang\Desktop\dali\PCB_Project\Sheet2.SchDoc","NET_MEMBER","NET_MEMBER@NetK19_VAC2_S1_5@PIN@SZVNBIPO@$$$\SZVNBIPO-5","NetK19_VAC2_S1_5","PIN","K19_VAC2_S1.5","K19_VAC2_S1","SZVNBIPO","$$$\SZVNBIPO-5","","","2","5","5","Passive","","","","","","","","","","5"
"C:\Users\shiwei.yang\Desktop\dali\PCB_Project\Sheet2.SchDoc","NET_MEMBER","NET_MEMBER@NetK19_VAC2_S1_5@PIN@CRDPMXXB@$$$\CRDPMXXB-2","NetK19_VAC2_S1_5","PIN","R_VAC2_S1.2","R_VAC2_S1","CRDPMXXB","$$$\CRDPMXXB-2","","","1","2","2","Passive","","","","","","","","","","2"
"C:\Users\shiwei.yang\Desktop\dali\PCB_Project\Sheet2.SchDoc","NET_MEMBER","NET_MEMBER@NetK19_VAC2_S1_5@PIN@JHFWTSGP@$$$\JHFWTSGP-1","NetK19_VAC2_S1_5","PIN","TP_VAC2_S1.1","TP_VAC2_S1","JHFWTSGP","$$$\JHFWTSGP-1","","","1","1","1","Passive","","","","","","","","","","1"
"C:\Users\shiwei.yang\Desktop\dali\PCB_Project\Sheet2.SchDoc","NET_MEMBER","NET_MEMBER@NetK19_VAC2_S1_7@PORT@VAC1_S_S1@Output","NetK19_VAC2_S1_7","PORT","VAC1_S_S1","","","","","","","","","Output","","","","","","","","","CONNECTED","VAC1_S_S1"
"C:\Users\shiwei.yang\Desktop\dali\PCB_Project\Sheet2.SchDoc","NET_MEMBER","NET_MEMBER@NetK19_VAC2_S1_7@PIN@SZVNBIPO@$$$\SZVNBIPO-7","NetK19_VAC2_S1_7","PIN","K19_VAC2_S1.7","K19_VAC2_S1","SZVNBIPO","$$$\SZVNBIPO-7","","","2","7","7","Passive","","","","","","","","","","7"
"C:\Users\shiwei.yang\Desktop\dali\PCB_Project\Sheet2.SchDoc","NET_MEMBER","NET_MEMBER@NetK19_VAC2_S1_7@PIN@OANMHRXC@$$$\OANMHRXC-2","NetK19_VAC2_S1_7","PIN","R_VAC1_S1.2","R_VAC1_S1","OANMHRXC","$$$\OANMHRXC-2","","","1","2","2","Passive","","","","","","","","","","2"
"C:\Users\shiwei.yang\Desktop\dali\PCB_Project\Sheet2.SchDoc","NET_MEMBER","NET_MEMBER@NetK19_VAC2_S1_7@PIN@VNHDVJTA@$$$\VNHDVJTA-1","NetK19_VAC2_S1_7","PIN","TP_VAC1_S1.1","TP_VAC1_S1","VNHDVJTA","$$$\VNHDVJTA-1","","","1","1","1","Passive","","","","","","","","","","1"
"C:\Users\shiwei.yang\Desktop\dali\PCB_Project\Sheet2.SchDoc","NET_MEMBER","NET_MEMBER@NetK20_AMUX_S1_4@PIN@MMQHBTRD@$$$\MMQHBTRD-4","NetK20_AMUX_S1_4","PIN","K20_AMUX_S1.4","K20_AMUX_S1","MMQHBTRD","$$$\MMQHBTRD-4","","","1","4","4","Passive","","","","","","","","","","4"
"C:\Users\shiwei.yang\Desktop\dali\PCB_Project\Sheet2.SchDoc","NET_MEMBER","NET_MEMBER@NetK20_AMUX_S1_7@PORT@VAC3_S_S1@Output","NetK20_AMUX_S1_7","PORT","VAC3_S_S1","","","","","","","","","Output","","","","","","","","","CONNECTED","VAC3_S_S1"
"C:\Users\shiwei.yang\Desktop\dali\PCB_Project\Sheet2.SchDoc","NET_MEMBER","NET_MEMBER@NetK20_AMUX_S1_7@PIN@UAEVPCVE@$$$\UAEVPCVE-7","NetK20_AMUX_S1_7","PIN","K20_AMUX_S1.7","K20_AMUX_S1","UAEVPCVE","$$$\UAEVPCVE-7","","","2","7","7","Passive","","","","","","","","","","7"
"C:\Users\shiwei.yang\Desktop\dali\PCB_Project\Sheet2.SchDoc","NET_MEMBER","NET_MEMBER@NetK20_AMUX_S1_7@PIN@VNLYVGXE@$$$\VNLYVGXE-2","NetK20_AMUX_S1_7","PIN","R_VAC3_S1.2","R_VAC3_S1","VNLYVGXE","$$$\VNLYVGXE-2","","","1","2","2","Passive","","","","","","","","","","2"
"C:\Users\shiwei.yang\Desktop\dali\PCB_Project\Sheet2.SchDoc","NET_MEMBER","NET_MEMBER@NetK20_AMUX_S1_7@PIN@OQYAVFJV@$$$\OQYAVFJV-1","NetK20_AMUX_S1_7","PIN","TP_VAC3_S1.1","TP_VAC3_S1","OQYAVFJV","$$$\OQYAVFJV-1","","","1","1","1","Passive","","","","","","","","","","1"
"C:\Users\shiwei.yang\Desktop\dali\PCB_Project\Sheet2.SchDoc","NET_MEMBER","NET_MEMBER@NetK21_VAC_Cap_S1S2_2@PIN@EBHFNJIH@$$$\EBHFNJIH-2","NetK21_VAC_Cap_S1S2_2","PIN","K21_VAC_Cap_S1S2.2","K21_VAC_Cap_S1S2","EBHFNJIH","$$$\EBHFNJIH-2","","","1","2","2","Passive","","","","","","","","","","2"
"C:\Users\shiwei.yang\Desktop\dali\PCB_Project\Sheet2.SchDoc","NET_MEMBER","NET_MEMBER@NetK21_VAC_Cap_S1S2_2@PIN@TUCTSCJZ@$$$\TUCTSCJZ-1","NetK21_VAC_Cap_S1S2_2","PIN","R_VAC_S1.1","R_VAC_S1","TUCTSCJZ","$$$\TUCTSCJZ-1","","","1","1","1","Passive","","","","","","","","","","1"
"C:\Users\shiwei.yang\Desktop\dali\PCB_Project\Sheet2.SchDoc","NET_MEMBER","NET_MEMBER@NetK22_ACDRV1_F_S1_1@PORT@S5_ACM200_FH1@I/O","NetK22_ACDRV1_F_S1_1","PORT","S5_ACM200_FH1","","","","","","","","","I/O","","","","","","","","","CONNECTED","S5_ACM200_FH1"
"C:\Users\shiwei.yang\Desktop\dali\PCB_Project\Sheet2.SchDoc","NET_MEMBER","NET_MEMBER@NetK22_ACDRV1_F_S1_1@PIN@UHLRZKIL@$$$\UHLRZKIL-1","NetK22_ACDRV1_F_S1_1","PIN","K22_ACDRV1_F_S1.1","K22_ACDRV1_F_S1","UHLRZKIL","$$$\UHLRZKIL-1","","","1","1","COMMON","Passive","","","","","","","","","","1"
"C:\Users\shiwei.yang\Desktop\dali\PCB_Project\Sheet2.SchDoc","NET_MEMBER","NET_MEMBER@NetK22_ACDRV1_F_S1_1@PIN@MLQGCKEK@$$$\MLQGCKEK-1","NetK22_ACDRV1_F_S1_1","PIN","K23_ACDRV2_F_S1.1","K23_ACDRV2_F_S1","MLQGCKEK","$$$\MLQGCKEK-1","","","1","1","COMMON","Passive","","","","","","","","","","1"
"C:\Users\shiwei.yang\Desktop\dali\PCB_Project\Sheet2.SchDoc","NET_MEMBER","NET_MEMBER@NetK22_ACDRV1_F_S1_1@PIN@GBLOERPQ@$$$\GBLOERPQ-1","NetK22_ACDRV1_F_S1_1","PIN","K24_ACDRV3_F_S1.1","K24_ACDRV3_F_S1","GBLOERPQ","$$$\GBLOERPQ-1","","","1","1","COMMON","Passive","","","","","","","","","","1"
"C:\Users\shiwei.yang\Desktop\dali\PCB_Project\Sheet2.SchDoc","NET_MEMBER","NET_MEMBER@NetK22_ACDRV1_F_S1_1@PIN@ERMHFKCC@$$$\ERMHFKCC-1","NetK22_ACDRV1_F_S1_1","PIN","K25_VCC_F_S1.1","K25_VCC_F_S1","ERMHFKCC","$$$\ERMHFKCC-1","","","1","1","COMMON","Passive","","","","","","","","","","1"
"C:\Users\shiwei.yang\Desktop\dali\PCB_Project\Sheet2.SchDoc","NET_MEMBER","NET_MEMBER@NetK22_ACDRV1_F_S1_1@PIN@YOEMJETE@$$$\YOEMJETE-4","NetK22_ACDRV1_F_S1_1","PIN","K30_BUSH_ACDRV_S1.4","K30_BUSH_ACDRV_S1","YOEMJETE","$$$\YOEMJETE-4","","","1","4","4","Passive","","","","","","","","","","4"
"C:\Users\shiwei.yang\Desktop\dali\PCB_Project\Sheet2.SchDoc","NET_MEMBER","NET_MEMBER@NetK22_ACDRV1_F_S1_2@PORT@ACDRV1_F_S1@Output","NetK22_ACDRV1_F_S1_2","PORT","ACDRV1_F_S1","","","","","","","","","Output","","","","","","","","","CONNECTED","ACDRV1_F_S1"
"C:\Users\shiwei.yang\Desktop\dali\PCB_Project\Sheet2.SchDoc","NET_MEMBER","NET_MEMBER@NetK22_ACDRV1_F_S1_2@PIN@UHLRZKIL@$$$\UHLRZKIL-2","NetK22_ACDRV1_F_S1_2","PIN","K22_ACDRV1_F_S1.2","K22_ACDRV1_F_S1","UHLRZKIL","$$$\UHLRZKIL-2","","","1","2","NO","Passive","","","","","","","","","","2"
"C:\Users\shiwei.yang\Desktop\dali\PCB_Project\Sheet2.SchDoc","NET_MEMBER","NET_MEMBER@NetK22_ACDRV1_F_S1_2@PIN@VYQOSWZZ@$$$\VYQOSWZZ-1","NetK22_ACDRV1_F_S1_2","PIN","K26_ACDRV1_P2P_S1.1","K26_ACDRV1_P2P_S1","VYQOSWZZ","$$$\VYQOSWZZ-1","","","1","1","COMMON","Passive","","","","","","","","","","1"
"C:\Users\shiwei.yang\Desktop\dali\PCB_Project\Sheet2.SchDoc","NET_MEMBER","NET_MEMBER@NetK22_ACDRV1_F_S1_2@PIN@XUWKWQQX@$$$\XUWKWQQX-2","NetK22_ACDRV1_F_S1_2","PIN","R_ACDRV1_S1.2","R_ACDRV1_S1","XUWKWQQX","$$$\XUWKWQQX-2","","","1","2","2","Passive","","","","","","","","","","2"
"C:\Users\shiwei.yang\Desktop\dali\PCB_Project\Sheet2.SchDoc","NET_MEMBER","NET_MEMBER@NetK22_ACDRV1_F_S1_2@PIN@SSOYKGMM@$$$\SSOYKGMM-1","NetK22_ACDRV1_F_S1_2","PIN","TP_ACDRV1_F_S1.1","TP_ACDRV1_F_S1","SSOYKGMM","$$$\SSOYKGMM-1","","","1","1","1","Passive","","","","","","","","","","1"
"C:\Users\shiwei.yang\Desktop\dali\PCB_Project\Sheet2.SchDoc","NET_MEMBER","NET_MEMBER@NetK22_ACDRV1_S_S1_1@PORT@S5_ACM200_SH1@I/O","NetK22_ACDRV1_S_S1_1","PORT","S5_ACM200_SH1","","","","","","","","","I/O","","","","","","","","","CONNECTED","S5_ACM200_SH1"
"C:\Users\shiwei.yang\Desktop\dali\PCB_Project\Sheet2.SchDoc","NET_MEMBER","NET_MEMBER@NetK22_ACDRV1_S_S1_1@PIN@PZGBMMBJ@$$$\PZGBMMBJ-1","NetK22_ACDRV1_S_S1_1","PIN","K22_ACDRV1_S_S1.1","K22_ACDRV1_S_S1","PZGBMMBJ","$$$\PZGBMMBJ-1","","","1","1","COMMON","Passive","","","","","","","","","","1"
"C:\Users\shiwei.yang\Desktop\dali\PCB_Project\Sheet2.SchDoc","NET_MEMBER","NET_MEMBER@NetK22_ACDRV1_S_S1_1@PIN@FJJCMSMM@$$$\FJJCMSMM-1","NetK22_ACDRV1_S_S1_1","PIN","K23_ACDRV2_S_S1.1","K23_ACDRV2_S_S1","FJJCMSMM","$$$\FJJCMSMM-1","","","1","1","COMMON","Passive","","","","","","","","","","1"
"C:\Users\shiwei.yang\Desktop\dali\PCB_Project\Sheet2.SchDoc","NET_MEMBER","NET_MEMBER@NetK22_ACDRV1_S_S1_1@PIN@ESVBOPQU@$$$\ESVBOPQU-1","NetK22_ACDRV1_S_S1_1","PIN","K24_ACDRV3_S_S1.1","K24_ACDRV3_S_S1","ESVBOPQU","$$$\ESVBOPQU-1","","","1","1","COMMON","Passive","","","","","","","","","","1"
"C:\Users\shiwei.yang\Desktop\dali\PCB_Project\Sheet2.SchDoc","NET_MEMBER","NET_MEMBER@NetK22_ACDRV1_S_S1_1@PIN@KCYZWNSN@$$$\KCYZWNSN-1","NetK22_ACDRV1_S_S1_1","PIN","K25_VCC_S_S1.1","K25_VCC_S_S1","KCYZWNSN","$$$\KCYZWNSN-1","","","1","1","COMMON","Passive","","","","","","","","","","1"
"C:\Users\shiwei.yang\Desktop\dali\PCB_Project\Sheet2.SchDoc","NET_MEMBER","NET_MEMBER@NetK22_ACDRV1_S_S1_1@PIN@MEPTULGE@$$$\MEPTULGE-5","NetK22_ACDRV1_S_S1_1","PIN","K30_BUSH_ACDRV_S1.5","K30_BUSH_ACDRV_S1","MEPTULGE","$$$\MEPTULGE-5","","","2","5","5","Passive","","","","","","","","","","5"
"C:\Users\shiwei.yang\Desktop\dali\PCB_Project\Sheet2.SchDoc","NET_MEMBER","NET_MEMBER@NetK22_ACDRV1_S_S1_2@PORT@ACDRV1_S_S1@Output","NetK22_ACDRV1_S_S1_2","PORT","ACDRV1_S_S1","","","","","","","","","Output","","","","","","","","","CONNECTED","ACDRV1_S_S1"
"C:\Users\shiwei.yang\Desktop\dali\PCB_Project\Sheet2.SchDoc","NET_MEMBER","NET_MEMBER@NetK22_ACDRV1_S_S1_2@PIN@PZGBMMBJ@$$$\PZGBMMBJ-2","NetK22_ACDRV1_S_S1_2","PIN","K22_ACDRV1_S_S1.2","K22_ACDRV1_S_S1","PZGBMMBJ","$$$\PZGBMMBJ-2","","","1","2","NO","Passive","","","","","","","","","","2"
"C:\Users\shiwei.yang\Desktop\dali\PCB_Project\Sheet2.SchDoc","NET_MEMBER","NET_MEMBER@NetK22_ACDRV1_S_S1_2@PIN@XUWKWQQX@$$$\XUWKWQQX-1","NetK22_ACDRV1_S_S1_2","PIN","R_ACDRV1_S1.1","R_ACDRV1_S1","XUWKWQQX","$$$\XUWKWQQX-1","","","1","1","1","Passive","","","","","","","","","","1"
"C:\Users\shiwei.yang\Desktop\dali\PCB_Project\Sheet2.SchDoc","NET_MEMBER","NET_MEMBER@NetK22_ACDRV1_S_S1_2@PIN@EGIHRDYZ@$$$\EGIHRDYZ-1","NetK22_ACDRV1_S_S1_2","PIN","TP_ACDRV1_S_S1.1","TP_ACDRV1_S_S1","EGIHRDYZ","$$$\EGIHRDYZ-1","","","1","1","1","Passive","","","","","","","","","","1"
"C:\Users\shiwei.yang\Desktop\dali\PCB_Project\Sheet2.SchDoc","NET_MEMBER","NET_MEMBER@NetK23_ACDRV2_F_S1_2@PORT@ACDRV2_F_S1@Output","NetK23_ACDRV2_F_S1_2","PORT","ACDRV2_F_S1","","","","","","","","","Output","","","","","","","","","CONNECTED","ACDRV2_F_S1"
"C:\Users\shiwei.yang\Desktop\dali\PCB_Project\Sheet2.SchDoc","NET_MEMBER","NET_MEMBER@NetK23_ACDRV2_F_S1_2@PIN@MLQGCKEK@$$$\MLQGCKEK-2","NetK23_ACDRV2_F_S1_2","PIN","K23_ACDRV2_F_S1.2","K23_ACDRV2_F_S1","MLQGCKEK","$$$\MLQGCKEK-2","","","1","2","NO","Passive","","","","","","","","","","2"
"C:\Users\shiwei.yang\Desktop\dali\PCB_Project\Sheet2.SchDoc","NET_MEMBER","NET_MEMBER@NetK23_ACDRV2_F_S1_2@PIN@CWEAKVQO@$$$\CWEAKVQO-1","NetK23_ACDRV2_F_S1_2","PIN","K27_ACDRV2_P2P_S1.1","K27_ACDRV2_P2P_S1","CWEAKVQO","$$$\CWEAKVQO-1","","","1","1","COMMON","Passive","","","","","","","","","","1"
"C:\Users\shiwei.yang\Desktop\dali\PCB_Project\Sheet2.SchDoc","NET_MEMBER","NET_MEMBER@NetK23_ACDRV2_F_S1_2@PIN@HOMRPGWP@$$$\HOMRPGWP-1","NetK23_ACDRV2_F_S1_2","PIN","R_ACDRV2_S2.1","R_ACDRV2_S2","HOMRPGWP","$$$\HOMRPGWP-1","","","1","1","1","Passive","","","","","","","","","","1"
"C:\Users\shiwei.yang\Desktop\dali\PCB_Project\Sheet2.SchDoc","NET_MEMBER","NET_MEMBER@NetK23_ACDRV2_F_S1_2@PIN@YJQNNFQD@$$$\YJQNNFQD-1","NetK23_ACDRV2_F_S1_2","PIN","TP_ACDRV2_F_S1.1","TP_ACDRV2_F_S1","YJQNNFQD","$$$\YJQNNFQD-1","","","1","1","1","Passive","","","","","","","","","","1"
"C:\Users\shiwei.yang\Desktop\dali\PCB_Project\Sheet2.SchDoc","NET_MEMBER","NET_MEMBER@NetK23_ACDRV2_S_S1_2@PORT@ACDRV2_S_S1@Output","NetK23_ACDRV2_S_S1_2","PORT","ACDRV2_S_S1","","","","","","","","","Output","","","","","","","","","CONNECTED","ACDRV2_S_S1"
"C:\Users\shiwei.yang\Desktop\dali\PCB_Project\Sheet2.SchDoc","NET_MEMBER","NET_MEMBER@NetK23_ACDRV2_S_S1_2@PIN@FJJCMSMM@$$$\FJJCMSMM-2","NetK23_ACDRV2_S_S1_2","PIN","K23_ACDRV2_S_S1.2","K23_ACDRV2_S_S1","FJJCMSMM","$$$\FJJCMSMM-2","","","1","2","NO","Passive","","","","","","","","","","2"
"C:\Users\shiwei.yang\Desktop\dali\PCB_Project\Sheet2.SchDoc","NET_MEMBER","NET_MEMBER@NetK23_ACDRV2_S_S1_2@PIN@HOMRPGWP@$$$\HOMRPGWP-2","NetK23_ACDRV2_S_S1_2","PIN","R_ACDRV2_S2.2","R_ACDRV2_S2","HOMRPGWP","$$$\HOMRPGWP-2","","","1","2","2","Passive","","","","","","","","","","2"
"C:\Users\shiwei.yang\Desktop\dali\PCB_Project\Sheet2.SchDoc","NET_MEMBER","NET_MEMBER@NetK23_ACDRV2_S_S1_2@PIN@CACQHSOC@$$$\CACQHSOC-1","NetK23_ACDRV2_S_S1_2","PIN","TP_ACDRV2_S_S1.1","TP_ACDRV2_S_S1","CACQHSOC","$$$\CACQHSOC-1","","","1","1","1","Passive","","","","","","","","","","1"
"C:\Users\shiwei.yang\Desktop\dali\PCB_Project\Sheet2.SchDoc","NET_MEMBER","NET_MEMBER@NetK24_ACDRV3_F_S1_2@PORT@ACDRV3_F_S1@Output","NetK24_ACDRV3_F_S1_2","PORT","ACDRV3_F_S1","","","","","","","","","Output","","","","","","","","","CONNECTED","ACDRV3_F_S1"
"C:\Users\shiwei.yang\Desktop\dali\PCB_Project\Sheet2.SchDoc","NET_MEMBER","NET_MEMBER@NetK24_ACDRV3_F_S1_2@PIN@GBLOERPQ@$$$\GBLOERPQ-2","NetK24_ACDRV3_F_S1_2","PIN","K24_ACDRV3_F_S1.2","K24_ACDRV3_F_S1","GBLOERPQ","$$$\GBLOERPQ-2","","","1","2","NO","Passive","","","","","","","","","","2"
"C:\Users\shiwei.yang\Desktop\dali\PCB_Project\Sheet2.SchDoc","NET_MEMBER","NET_MEMBER@NetK24_ACDRV3_F_S1_2@PIN@FYLAFHBY@$$$\FYLAFHBY-1","NetK24_ACDRV3_F_S1_2","PIN","K28_ACDRV3_P2P_S1.1","K28_ACDRV3_P2P_S1","FYLAFHBY","$$$\FYLAFHBY-1","","","1","1","COMMON","Passive","","","","","","","","","","1"
"C:\Users\shiwei.yang\Desktop\dali\PCB_Project\Sheet2.SchDoc","NET_MEMBER","NET_MEMBER@NetK24_ACDRV3_F_S1_2@PIN@OZCRXRKT@$$$\OZCRXRKT-1","NetK24_ACDRV3_F_S1_2","PIN","R_ACDRV3_S1.1","R_ACDRV3_S1","OZCRXRKT","$$$\OZCRXRKT-1","","","1","1","1","Passive","","","","","","","","","","1"
"C:\Users\shiwei.yang\Desktop\dali\PCB_Project\Sheet2.SchDoc","NET_MEMBER","NET_MEMBER@NetK24_ACDRV3_F_S1_2@PIN@OJCIQLVB@$$$\OJCIQLVB-1","NetK24_ACDRV3_F_S1_2","PIN","TP_ACDRV3_F_S1.1","TP_ACDRV3_F_S1","OJCIQLVB","$$$\OJCIQLVB-1","","","1","1","1","Passive","","","","","","","","","","1"
"C:\Users\shiwei.yang\Desktop\dali\PCB_Project\Sheet2.SchDoc","NET_MEMBER","NET_MEMBER@NetK24_ACDRV3_S_S1_2@PORT@ACDRV3_S_S1@Output","NetK24_ACDRV3_S_S1_2","PORT","ACDRV3_S_S1","","","","","","","","","Output","","","","","","","","","CONNECTED","ACDRV3_S_S1"
"C:\Users\shiwei.yang\Desktop\dali\PCB_Project\Sheet2.SchDoc","NET_MEMBER","NET_MEMBER@NetK24_ACDRV3_S_S1_2@PIN@ESVBOPQU@$$$\ESVBOPQU-2","NetK24_ACDRV3_S_S1_2","PIN","K24_ACDRV3_S_S1.2","K24_ACDRV3_S_S1","ESVBOPQU","$$$\ESVBOPQU-2","","","1","2","NO","Passive","","","","","","","","","","2"
"C:\Users\shiwei.yang\Desktop\dali\PCB_Project\Sheet2.SchDoc","NET_MEMBER","NET_MEMBER@NetK24_ACDRV3_S_S1_2@PIN@OZCRXRKT@$$$\OZCRXRKT-2","NetK24_ACDRV3_S_S1_2","PIN","R_ACDRV3_S1.2","R_ACDRV3_S1","OZCRXRKT","$$$\OZCRXRKT-2","","","1","2","2","Passive","","","","","","","","","","2"
"C:\Users\shiwei.yang\Desktop\dali\PCB_Project\Sheet2.SchDoc","NET_MEMBER","NET_MEMBER@NetK24_ACDRV3_S_S1_2@PIN@EDHLZCWZ@$$$\EDHLZCWZ-1","NetK24_ACDRV3_S_S1_2","PIN","TP_ACDRV3_S_S1.1","TP_ACDRV3_S_S1","EDHLZCWZ","$$$\EDHLZCWZ-1","","","1","1","1","Passive","","","","","","","","","","1"
"C:\Users\shiwei.yang\Desktop\dali\PCB_Project\Sheet2.SchDoc","NET_MEMBER","NET_MEMBER@NetK25_VCC_S_S1_2@PORT@VCC_S_S1@Output","NetK25_VCC_S_S1_2","PORT","VCC_S_S1","","","","","","","","","Output","","","","","","","","","CONNECTED","VCC_S_S1"
"C:\Users\shiwei.yang\Desktop\dali\PCB_Project\Sheet2.SchDoc","NET_MEMBER","NET_MEMBER@NetK25_VCC_S_S1_2@PIN@KCYZWNSN@$$$\KCYZWNSN-2","NetK25_VCC_S_S1_2","PIN","K25_VCC_S_S1.2","K25_VCC_S_S1","KCYZWNSN","$$$\KCYZWNSN-2","","","1","2","NO","Passive","","","","","","","","","","2"
"C:\Users\shiwei.yang\Desktop\dali\PCB_Project\Sheet2.SchDoc","NET_MEMBER","NET_MEMBER@NetK25_VCC_S_S1_2@PIN@FKSPPOHS@$$$\FKSPPOHS-7","NetK25_VCC_S_S1_2","PIN","K31_VMCU_S1.7","K31_VMCU_S1","FKSPPOHS","$$$\FKSPPOHS-7","","","2","7","7","Passive","","","","","","","","","","7"
"C:\Users\shiwei.yang\Desktop\dali\PCB_Project\Sheet2.SchDoc","NET_MEMBER","NET_MEMBER@NetK25_VCC_S_S1_2@PIN@YBUJJRYR@$$$\YBUJJRYR-2","NetK25_VCC_S_S1_2","PIN","R_VCC_Kelvin_S1.2","R_VCC_Kelvin_S1","YBUJJRYR","$$$\YBUJJRYR-2","","","1","2","2","Passive","","","","","","","","","","2"
"C:\Users\shiwei.yang\Desktop\dali\PCB_Project\Sheet2.SchDoc","NET_MEMBER","NET_MEMBER@NetK25_VCC_S_S1_2@PIN@YXNZQYQW@$$$\YXNZQYQW-1","NetK25_VCC_S_S1_2","PIN","TP_VCC_S_S1.1","TP_VCC_S_S1","YXNZQYQW","$$$\YXNZQYQW-1","","","1","1","1","Passive","","","","","","","","","","1"
"C:\Users\shiwei.yang\Desktop\dali\PCB_Project\Sheet2.SchDoc","NET_MEMBER","NET_MEMBER@NetK29_BUSL_VCC_S1_2@PIN@OCCEZWLA@$$$\OCCEZWLA-2","NetK29_BUSL_VCC_S1_2","PIN","K29_BUSL_VCC_S1.2","K29_BUSL_VCC_S1","OCCEZWLA","$$$\OCCEZWLA-2","","","1","2","2","Passive","","","","","","","","","","2"
"C:\Users\shiwei.yang\Desktop\dali\PCB_Project\Sheet2.SchDoc","NET_MEMBER","NET_MEMBER@NetK29_BUSL_VCC_S1_4@PORT@S3_FOVIe_FH2@I/O","NetK29_BUSL_VCC_S1_4","PORT","S3_FOVIe_FH2","","","","","","","","","I/O","","","","","","","","","CONNECTED","S3_FOVIe_FH2"
"C:\Users\shiwei.yang\Desktop\dali\PCB_Project\Sheet2.SchDoc","NET_MEMBER","NET_MEMBER@NetK29_BUSL_VCC_S1_4@PIN@OCCEZWLA@$$$\OCCEZWLA-4","NetK29_BUSL_VCC_S1_4","PIN","K29_BUSL_VCC_S1.4","K29_BUSL_VCC_S1","OCCEZWLA","$$$\OCCEZWLA-4","","","1","4","4","Passive","","","","","","","","","","4"
"C:\Users\shiwei.yang\Desktop\dali\PCB_Project\Sheet2.SchDoc","NET_MEMBER","NET_MEMBER@NetK29_BUSL_VCC_S1_4@PIN@ZTDONQDF@$$$\ZTDONQDF-3","NetK29_BUSL_VCC_S1_4","PIN","K31_VMCU_S1.3","K31_VMCU_S1","ZTDONQDF","$$$\ZTDONQDF-3","","","1","3","3","Passive","","","","","","","","","","3"
"C:\Users\shiwei.yang\Desktop\dali\PCB_Project\Sheet2.SchDoc","NET_MEMBER","NET_MEMBER@NetK29_BUSL_VCC_S1_5@PORT@S3_FOVIe_SH2@I/O","NetK29_BUSL_VCC_S1_5","PORT","S3_FOVIe_SH2","","","","","","","","","I/O","","","","","","","","","CONNECTED","S3_FOVIe_SH2"
"C:\Users\shiwei.yang\Desktop\dali\PCB_Project\Sheet2.SchDoc","NET_MEMBER","NET_MEMBER@NetK29_BUSL_VCC_S1_5@PIN@SGQWGZTE@$$$\SGQWGZTE-5","NetK29_BUSL_VCC_S1_5","PIN","K29_BUSL_VCC_S1.5","K29_BUSL_VCC_S1","SGQWGZTE","$$$\SGQWGZTE-5","","","2","5","5","Passive","","","","","","","","","","5"
"C:\Users\shiwei.yang\Desktop\dali\PCB_Project\Sheet2.SchDoc","NET_MEMBER","NET_MEMBER@NetK29_BUSL_VCC_S1_5@PIN@FKSPPOHS@$$$\FKSPPOHS-6","NetK29_BUSL_VCC_S1_5","PIN","K31_VMCU_S1.6","K31_VMCU_S1","FKSPPOHS","$$$\FKSPPOHS-6","","","2","6","6","Passive","","","","","","","","","","6"
"C:\Users\shiwei.yang\Desktop\dali\PCB_Project\Sheet2.SchDoc","NET_MEMBER","NET_MEMBER@NetK29_BUSL_VCC_S1_7@PIN@SGQWGZTE@$$$\SGQWGZTE-7","NetK29_BUSL_VCC_S1_7","PIN","K29_BUSL_VCC_S1.7","K29_BUSL_VCC_S1","SGQWGZTE","$$$\SGQWGZTE-7","","","2","7","7","Passive","","","","","","","","","","7"
"C:\Users\shiwei.yang\Desktop\dali\PCB_Project\Sheet2.SchDoc","NET_MEMBER","NET_MEMBER@NetK30_BUSH_ACDRV_S1_2@PIN@YOEMJETE@$$$\YOEMJETE-2","NetK30_BUSH_ACDRV_S1_2","PIN","K30_BUSH_ACDRV_S1.2","K30_BUSH_ACDRV_S1","YOEMJETE","$$$\YOEMJETE-2","","","1","2","2","Passive","","","","","","","","","","2"
"C:\Users\shiwei.yang\Desktop\dali\PCB_Project\Sheet2.SchDoc","NET_MEMBER","NET_MEMBER@NetK30_BUSH_ACDRV_S1_7@PIN@MEPTULGE@$$$\MEPTULGE-7","NetK30_BUSH_ACDRV_S1_7","PIN","K30_BUSH_ACDRV_S1.7","K30_BUSH_ACDRV_S1","MEPTULGE","$$$\MEPTULGE-7","","","2","7","7","Passive","","","","","","","","","","7"
"C:\Users\shiwei.yang\Desktop\dali\PCB_Project\Sheet2.SchDoc","NET_MEMBER","NET_MEMBER@NetK31_VMCU_S1_4@PORT@VMCU_F_S1@Output","NetK31_VMCU_S1_4","PORT","VMCU_F_S1","","","","","","","","","Output","","","","","","","","","CONNECTED","VMCU_F_S1"
"C:\Users\shiwei.yang\Desktop\dali\PCB_Project\Sheet2.SchDoc","NET_MEMBER","NET_MEMBER@NetK31_VMCU_S1_4@PIN@ZTDONQDF@$$$\ZTDONQDF-4","NetK31_VMCU_S1_4","PIN","K31_VMCU_S1.4","K31_VMCU_S1","ZTDONQDF","$$$\ZTDONQDF-4","","","1","4","4","Passive","","","","","","","","","","4"
"C:\Users\shiwei.yang\Desktop\dali\PCB_Project\Sheet2.SchDoc","NET_MEMBER","NET_MEMBER@NetK31_VMCU_S1_5@PORT@VMCU_S_S1@Output","NetK31_VMCU_S1_5","PORT","VMCU_S_S1","","","","","","","","","Output","","","","","","","","","CONNECTED","VMCU_S_S1"
"C:\Users\shiwei.yang\Desktop\dali\PCB_Project\Sheet2.SchDoc","NET_MEMBER","NET_MEMBER@NetK31_VMCU_S1_5@PIN@FKSPPOHS@$$$\FKSPPOHS-5","NetK31_VMCU_S1_5","PIN","K31_VMCU_S1.5","K31_VMCU_S1","FKSPPOHS","$$$\FKSPPOHS-5","","","2","5","5","Passive","","","","","","","","","","5"
"C:\Users\shiwei.yang\Desktop\dali\PCB_Project\Sheet2.SchDoc","NET_MEMBER","NET_MEMBER@NetK32_BUSL_SCL_S1_2@PIN@DCUEWDNN@$$$\DCUEWDNN-2","NetK32_BUSL_SCL_S1_2","PIN","K32_BUSL_SCL_S1.2","K32_BUSL_SCL_S1","DCUEWDNN","$$$\DCUEWDNN-2","","","1","2","2","Passive","","","","","","","","","","2"
"C:\Users\shiwei.yang\Desktop\dali\PCB_Project\Sheet2.SchDoc","NET_MEMBER","NET_MEMBER@NetK32_BUSL_SCL_S1_4@PORT@S5_ACM200_FH2@I/O","NetK32_BUSL_SCL_S1_4","PORT","S5_ACM200_FH2","","","","","","","","","I/O","","","","","","","","","CONNECTED","S5_ACM200_FH2"
"C:\Users\shiwei.yang\Desktop\dali\PCB_Project\Sheet2.SchDoc","NET_MEMBER","NET_MEMBER@NetK32_BUSL_SCL_S1_4@PIN@DCUEWDNN@$$$\DCUEWDNN-4","NetK32_BUSL_SCL_S1_4","PIN","K32_BUSL_SCL_S1.4","K32_BUSL_SCL_S1","DCUEWDNN","$$$\DCUEWDNN-4","","","1","4","4","Passive","","","","","","","","","","4"
"C:\Users\shiwei.yang\Desktop\dali\PCB_Project\Sheet2.SchDoc","NET_MEMBER","NET_MEMBER@NetK32_BUSL_SCL_S1_4@PIN@PDXHMCQW@$$$\PDXHMCQW-6","NetK32_BUSL_SCL_S1_4","PIN","K33_VAC_WL_S1.6","K33_VAC_WL_S1","PDXHMCQW","$$$\PDXHMCQW-6","","","2","6","6","Passive","","","","","","","","","","6"
"C:\Users\shiwei.yang\Desktop\dali\PCB_Project\Sheet2.SchDoc","NET_MEMBER","NET_MEMBER@NetK32_BUSL_SCL_S1_5@PORT@S5_ACM200_SH2@I/O","NetK32_BUSL_SCL_S1_5","PORT","S5_ACM200_SH2","","","","","","","","","I/O","","","","","","","","","CONNECTED","S5_ACM200_SH2"
"C:\Users\shiwei.yang\Desktop\dali\PCB_Project\Sheet2.SchDoc","NET_MEMBER","NET_MEMBER@NetK32_BUSL_SCL_S1_5@PIN@CPSJUKIN@$$$\CPSJUKIN-5","NetK32_BUSL_SCL_S1_5","PIN","K32_BUSL_SCL_S1.5","K32_BUSL_SCL_S1","CPSJUKIN","$$$\CPSJUKIN-5","","","2","5","5","Passive","","","","","","","","","","5"
"C:\Users\shiwei.yang\Desktop\dali\PCB_Project\Sheet2.SchDoc","NET_MEMBER","NET_MEMBER@NetK32_BUSL_SCL_S1_5@PIN@YWUMIWAD@$$$\YWUMIWAD-3","NetK32_BUSL_SCL_S1_5","PIN","K33_VAC_WL_S1.3","K33_VAC_WL_S1","YWUMIWAD","$$$\YWUMIWAD-3","","","1","3","3","Passive","","","","","","","","","","3"
"C:\Users\shiwei.yang\Desktop\dali\PCB_Project\Sheet2.SchDoc","NET_MEMBER","NET_MEMBER@NetK32_BUSL_SCL_S1_7@PIN@CPSJUKIN@$$$\CPSJUKIN-7","NetK32_BUSL_SCL_S1_7","PIN","K32_BUSL_SCL_S1.7","K32_BUSL_SCL_S1","CPSJUKIN","$$$\CPSJUKIN-7","","","2","7","7","Passive","","","","","","","","","","7"
"C:\Users\shiwei.yang\Desktop\dali\PCB_Project\Sheet2.SchDoc","NET_MEMBER","NET_MEMBER@NetK33_VAC_WL_S1_2@PORT@SCL_S_S1@Output","NetK33_VAC_WL_S1_2","PORT","SCL_S_S1","","","","","","","","","Output","","","","","","","","","CONNECTED","SCL_S_S1"
"C:\Users\shiwei.yang\Desktop\dali\PCB_Project\Sheet2.SchDoc","NET_MEMBER","NET_MEMBER@NetK33_VAC_WL_S1_2@PIN@YWUMIWAD@$$$\YWUMIWAD-2","NetK33_VAC_WL_S1_2","PIN","K33_VAC_WL_S1.2","K33_VAC_WL_S1","YWUMIWAD","$$$\YWUMIWAD-2","","","1","2","2","Passive","","","","","","","","","","2"
"C:\Users\shiwei.yang\Desktop\dali\PCB_Project\Sheet2.SchDoc","NET_MEMBER","NET_MEMBER@NetK33_VAC_WL_S1_2@PIN@UXEEPSDL@$$$\UXEEPSDL-2","NetK33_VAC_WL_S1_2","PIN","R_SCL_KLV_S1.2","R_SCL_KLV_S1","UXEEPSDL","$$$\UXEEPSDL-2","","","1","2","2","Passive","","","","","","","","","","2"
"C:\Users\shiwei.yang\Desktop\dali\PCB_Project\Sheet2.SchDoc","NET_MEMBER","NET_MEMBER@NetK33_VAC_WL_S1_2@PIN@KSFMETKD@$$$\KSFMETKD-1","NetK33_VAC_WL_S1_2","PIN","TP_SCL_S_S1.1","TP_SCL_S_S1","KSFMETKD","$$$\KSFMETKD-1","","","1","1","1","Passive","","","","","","","","","","1"
"C:\Users\shiwei.yang\Desktop\dali\PCB_Project\Sheet2.SchDoc","NET_MEMBER","NET_MEMBER@NetK33_VAC_WL_S1_4@PORT@VAC_WL_S_S1@Output","NetK33_VAC_WL_S1_4","PORT","VAC_WL_S_S1","","","","","","","","","Output","","","","","","","","","CONNECTED","VAC_WL_S_S1"
"C:\Users\shiwei.yang\Desktop\dali\PCB_Project\Sheet2.SchDoc","NET_MEMBER","NET_MEMBER@NetK33_VAC_WL_S1_4@PIN@YWUMIWAD@$$$\YWUMIWAD-4","NetK33_VAC_WL_S1_4","PIN","K33_VAC_WL_S1.4","K33_VAC_WL_S1","YWUMIWAD","$$$\YWUMIWAD-4","","","1","4","4","Passive","","","","","","","","","","4"
"C:\Users\shiwei.yang\Desktop\dali\PCB_Project\Sheet2.SchDoc","NET_MEMBER","NET_MEMBER@NetK33_VAC_WL_S1_4@PIN@OZPCOFXK@$$$\OZPCOFXK-2","NetK33_VAC_WL_S1_4","PIN","R_VAC_WL_S1.2","R_VAC_WL_S1","OZPCOFXK","$$$\OZPCOFXK-2","","","1","2","2","Passive","","","","","","","","","","2"
"C:\Users\shiwei.yang\Desktop\dali\PCB_Project\Sheet2.SchDoc","NET_MEMBER","NET_MEMBER@NetK33_VAC_WL_S1_4@PIN@BUZXNRHA@$$$\BUZXNRHA-1","NetK33_VAC_WL_S1_4","PIN","TP_VAC_WL_S_S1.1","TP_VAC_WL_S_S1","BUZXNRHA","$$$\BUZXNRHA-1","","","1","1","1","Passive","","","","","","","","","","1"
"C:\Users\shiwei.yang\Desktop\dali\PCB_Project\Sheet2.SchDoc","NET_MEMBER","NET_MEMBER@NetK33_VAC_WL_S1_5@PORT@VAC_WL_F_S1@Output","NetK33_VAC_WL_S1_5","PORT","VAC_WL_F_S1","","","","","","","","","Output","","","","","","","","","CONNECTED","VAC_WL_F_S1"
"C:\Users\shiwei.yang\Desktop\dali\PCB_Project\Sheet2.SchDoc","NET_MEMBER","NET_MEMBER@NetK33_VAC_WL_S1_5@PIN@PDXHMCQW@$$$\PDXHMCQW-5","NetK33_VAC_WL_S1_5","PIN","K33_VAC_WL_S1.5","K33_VAC_WL_S1","PDXHMCQW","$$$\PDXHMCQW-5","","","2","5","5","Passive","","","","","","","","","","5"
"C:\Users\shiwei.yang\Desktop\dali\PCB_Project\Sheet2.SchDoc","NET_MEMBER","NET_MEMBER@NetK33_VAC_WL_S1_5@PIN@OZPCOFXK@$$$\OZPCOFXK-1","NetK33_VAC_WL_S1_5","PIN","R_VAC_WL_S1.1","R_VAC_WL_S1","OZPCOFXK","$$$\OZPCOFXK-1","","","1","1","1","Passive","","","","","","","","","","1"
"C:\Users\shiwei.yang\Desktop\dali\PCB_Project\Sheet2.SchDoc","NET_MEMBER","NET_MEMBER@NetK33_VAC_WL_S1_5@PIN@QYSGTUOG@$$$\QYSGTUOG-1","NetK33_VAC_WL_S1_5","PIN","TP_VAC_WL_F_S1.1","TP_VAC_WL_F_S1","QYSGTUOG","$$$\QYSGTUOG-1","","","1","1","1","Passive","","","","","","","","","","1"
"C:\Users\shiwei.yang\Desktop\dali\PCB_Project\Sheet2.SchDoc","NET_MEMBER","NET_MEMBER@NetK33_VAC_WL_S1_7@PORT@S24_P1@I/O","NetK33_VAC_WL_S1_7","PORT","S24_P1","","","","","","","","","I/O","","","","","","","","","CONNECTED","S24_P1"
"C:\Users\shiwei.yang\Desktop\dali\PCB_Project\Sheet2.SchDoc","NET_MEMBER","NET_MEMBER@NetK33_VAC_WL_S1_7@PORT@SCL_F_S1@Output","NetK33_VAC_WL_S1_7","PORT","SCL_F_S1","","","","","","","","","Output","","","","","","","","","CONNECTED","SCL_F_S1"
"C:\Users\shiwei.yang\Desktop\dali\PCB_Project\Sheet2.SchDoc","NET_MEMBER","NET_MEMBER@NetK33_VAC_WL_S1_7@PIN@PDXHMCQW@$$$\PDXHMCQW-7","NetK33_VAC_WL_S1_7","PIN","K33_VAC_WL_S1.7","K33_VAC_WL_S1","PDXHMCQW","$$$\PDXHMCQW-7","","","2","7","7","Passive","","","","","","","","","","7"
"C:\Users\shiwei.yang\Desktop\dali\PCB_Project\Sheet2.SchDoc","NET_MEMBER","NET_MEMBER@NetK33_VAC_WL_S1_7@PIN@UXEEPSDL@$$$\UXEEPSDL-1","NetK33_VAC_WL_S1_7","PIN","R_SCL_KLV_S1.1","R_SCL_KLV_S1","UXEEPSDL","$$$\UXEEPSDL-1","","","1","1","1","Passive","","","","","","","","","","1"
"C:\Users\shiwei.yang\Desktop\dali\PCB_Project\Sheet2.SchDoc","NET_MEMBER","NET_MEMBER@NetK33_VAC_WL_S1_7@PIN@YTSHDHZQ@$$$\YTSHDHZQ-1","NetK33_VAC_WL_S1_7","PIN","R_SCL_PU_S1.1","R_SCL_PU_S1","YTSHDHZQ","$$$\YTSHDHZQ-1","","","1","1","1","Passive","","","","","","","","","","1"
"C:\Users\shiwei.yang\Desktop\dali\PCB_Project\Sheet2.SchDoc","NET_MEMBER","NET_MEMBER@NetK33_VAC_WL_S1_7@PIN@ODRDGZFW@$$$\ODRDGZFW-1","NetK33_VAC_WL_S1_7","PIN","TP_SCL_F_S1.1","TP_SCL_F_S1","ODRDGZFW","$$$\ODRDGZFW-1","","","1","1","1","Passive","","","","","","","","","","1"
"C:\Users\shiwei.yang\Desktop\dali\PCB_Project\Sheet2.SchDoc","NET_MEMBER","NET_MEMBER@NetK34_SCL_PU_S1_1@PIN@XAAPBGON@$$$\XAAPBGON-1","NetK34_SCL_PU_S1_1","PIN","K34_SCL_PU_S1.1","K34_SCL_PU_S1","XAAPBGON","$$$\XAAPBGON-1","","","1","1","COMMON","Passive","","","","","","","","","","1"
"C:\Users\shiwei.yang\Desktop\dali\PCB_Project\Sheet2.SchDoc","NET_MEMBER","NET_MEMBER@NetK34_SCL_PU_S1_1@PIN@YTSHDHZQ@$$$\YTSHDHZQ-2","NetK34_SCL_PU_S1_1","PIN","R_SCL_PU_S1.2","R_SCL_PU_S1","YTSHDHZQ","$$$\YTSHDHZQ-2","","","1","2","2","Passive","","","","","","","","","","2"
"C:\Users\shiwei.yang\Desktop\dali\PCB_Project\Sheet2.SchDoc","NET_MEMBER","NET_MEMBER@NetK35_BUSH_KLV_S1_2@PIN@QJRTEQZV@$$$\QJRTEQZV-2","NetK35_BUSH_KLV_S1_2","PIN","K35_BUSH_KLV_S1.2","K35_BUSH_KLV_S1","QJRTEQZV","$$$\QJRTEQZV-2","","","1","2","2","Passive","","","","","","","","","","2"
"C:\Users\shiwei.yang\Desktop\dali\PCB_Project\Sheet2.SchDoc","NET_MEMBER","NET_MEMBER@NetK35_BUSH_KLV_S1_7@PIN@GBHIASOU@$$$\GBHIASOU-7","NetK35_BUSH_KLV_S1_7","PIN","K35_BUSH_KLV_S1.7","K35_BUSH_KLV_S1","GBHIASOU","$$$\GBHIASOU-7","","","2","7","7","Passive","","","","","","","","","","7"
"C:\Users\shiwei.yang\Desktop\dali\PCB_Project\Sheet2.SchDoc","NET_MEMBER","NET_MEMBER@NetK36_PGND_WL_S1_2@PIN@PIAYWEPJ@$$$\PIAYWEPJ-2","NetK36_PGND_WL_S1_2","PIN","K36_PGND_WL_S1.2","K36_PGND_WL_S1","PIAYWEPJ","$$$\PIAYWEPJ-2","","","1","2","2","Passive","","","","","","","","","","2"
"C:\Users\shiwei.yang\Desktop\dali\PCB_Project\Sheet2.SchDoc","NET_MEMBER","NET_MEMBER@NetK36_PGND_WL_S1_2@PIN@NUCAQVPY@$$$\NUCAQVPY-3","NetK36_PGND_WL_S1_2","PIN","K37_KLV2_S1.3","K37_KLV2_S1","NUCAQVPY","$$$\NUCAQVPY-3","","","1","3","3","Passive","","","","","","","","","","3"
"C:\Users\shiwei.yang\Desktop\dali\PCB_Project\Sheet2.SchDoc","NET_MEMBER","NET_MEMBER@NetK36_PGND_WL_S1_4@PORT@PGND_WL_F_S1@Output","NetK36_PGND_WL_S1_4","PORT","PGND_WL_F_S1","","","","","","","","","Output","","","","","","","","","CONNECTED","PGND_WL_F_S1"
"C:\Users\shiwei.yang\Desktop\dali\PCB_Project\Sheet2.SchDoc","NET_MEMBER","NET_MEMBER@NetK36_PGND_WL_S1_4@PIN@PIAYWEPJ@$$$\PIAYWEPJ-4","NetK36_PGND_WL_S1_4","PIN","K36_PGND_WL_S1.4","K36_PGND_WL_S1","PIAYWEPJ","$$$\PIAYWEPJ-4","","","1","4","4","Passive","","","","","","","","","","4"
"C:\Users\shiwei.yang\Desktop\dali\PCB_Project\Sheet2.SchDoc","NET_MEMBER","NET_MEMBER@NetK36_PGND_WL_S1_4@PIN@SXWOIYPS@$$$\SXWOIYPS-1","NetK36_PGND_WL_S1_4","PIN","R_PGND_WL_S1.1","R_PGND_WL_S1","SXWOIYPS","$$$\SXWOIYPS-1","","","1","1","1","Passive","","","","","","","","","","1"
"C:\Users\shiwei.yang\Desktop\dali\PCB_Project\Sheet2.SchDoc","NET_MEMBER","NET_MEMBER@NetK36_PGND_WL_S1_4@PIN@KFTMUQZA@$$$\KFTMUQZA-1","NetK36_PGND_WL_S1_4","PIN","TP_PGND_WL_F_S1.1","TP_PGND_WL_F_S1","KFTMUQZA","$$$\KFTMUQZA-1","","","1","1","1","Passive","","","","","","","","","","1"
"C:\Users\shiwei.yang\Desktop\dali\PCB_Project\Sheet2.SchDoc","NET_MEMBER","NET_MEMBER@NetK36_PGND_WL_S1_5@PORT@PGND_WL_S_S1@Output","NetK36_PGND_WL_S1_5","PORT","PGND_WL_S_S1","","","","","","","","","Output","","","","","","","","","CONNECTED","PGND_WL_S_S1"
"C:\Users\shiwei.yang\Desktop\dali\PCB_Project\Sheet2.SchDoc","NET_MEMBER","NET_MEMBER@NetK36_PGND_WL_S1_5@PIN@AXIBNBVH@$$$\AXIBNBVH-5","NetK36_PGND_WL_S1_5","PIN","K36_PGND_WL_S1.5","K36_PGND_WL_S1","AXIBNBVH","$$$\AXIBNBVH-5","","","2","5","5","Passive","","","","","","","","","","5"
"C:\Users\shiwei.yang\Desktop\dali\PCB_Project\Sheet2.SchDoc","NET_MEMBER","NET_MEMBER@NetK36_PGND_WL_S1_5@PIN@SXWOIYPS@$$$\SXWOIYPS-2","NetK36_PGND_WL_S1_5","PIN","R_PGND_WL_S1.2","R_PGND_WL_S1","SXWOIYPS","$$$\SXWOIYPS-2","","","1","2","2","Passive","","","","","","","","","","2"
"C:\Users\shiwei.yang\Desktop\dali\PCB_Project\Sheet2.SchDoc","NET_MEMBER","NET_MEMBER@NetK36_PGND_WL_S1_5@PIN@NKLXTIRG@$$$\NKLXTIRG-1","NetK36_PGND_WL_S1_5","PIN","TP_PGND_WL_S_S1.1","TP_PGND_WL_S_S1","NKLXTIRG","$$$\NKLXTIRG-1","","","1","1","1","Passive","","","","","","","","","","1"
"C:\Users\shiwei.yang\Desktop\dali\PCB_Project\Sheet2.SchDoc","NET_MEMBER","NET_MEMBER@NetK36_PGND_WL_S1_7@PIN@AXIBNBVH@$$$\AXIBNBVH-7","NetK36_PGND_WL_S1_7","PIN","K36_PGND_WL_S1.7","K36_PGND_WL_S1","AXIBNBVH","$$$\AXIBNBVH-7","","","2","7","7","Passive","","","","","","","","","","7"
"C:\Users\shiwei.yang\Desktop\dali\PCB_Project\Sheet2.SchDoc","NET_MEMBER","NET_MEMBER@NetK36_PGND_WL_S1_7@PIN@UFNMSSZY@$$$\UFNMSSZY-6","NetK36_PGND_WL_S1_7","PIN","K37_KLV2_S1.6","K37_KLV2_S1","UFNMSSZY","$$$\UFNMSSZY-6","","","2","6","6","Passive","","","","","","","","","","6"
"C:\Users\shiwei.yang\Desktop\dali\PCB_Project\Sheet2.SchDoc","NET_MEMBER","NET_MEMBER@NetK37_KLV2_S1_2@PORT@KLV1_F_S1@Output","NetK37_KLV2_S1_2","PORT","KLV1_F_S1","","","","","","","","","Output","","","","","","","","","CONNECTED","KLV1_F_S1"
"C:\Users\shiwei.yang\Desktop\dali\PCB_Project\Sheet2.SchDoc","NET_MEMBER","NET_MEMBER@NetK37_KLV2_S1_2@PIN@NUCAQVPY@$$$\NUCAQVPY-2","NetK37_KLV2_S1_2","PIN","K37_KLV2_S1.2","K37_KLV2_S1","NUCAQVPY","$$$\NUCAQVPY-2","","","1","2","2","Passive","","","","","","","","","","2"
"C:\Users\shiwei.yang\Desktop\dali\PCB_Project\Sheet2.SchDoc","NET_MEMBER","NET_MEMBER@NetK37_KLV2_S1_2@PIN@PWJOSUAJ@$$$\PWJOSUAJ-1","NetK37_KLV2_S1_2","PIN","K38_KLV1_2_short_S1.1","K38_KLV1_2_short_S1","PWJOSUAJ","$$$\PWJOSUAJ-1","","","1","1","COMMON","Passive","","","","","","","","","","1"
"C:\Users\shiwei.yang\Desktop\dali\PCB_Project\Sheet2.SchDoc","NET_MEMBER","NET_MEMBER@NetK37_KLV2_S1_2@PIN@GKSRANLB@$$$\GKSRANLB-1","NetK37_KLV2_S1_2","PIN","K39_KLV1_P2P_S1.1","K39_KLV1_P2P_S1","GKSRANLB","$$$\GKSRANLB-1","","","1","1","COMMON","Passive","","","","","","","","","","1"
"C:\Users\shiwei.yang\Desktop\dali\PCB_Project\Sheet2.SchDoc","NET_MEMBER","NET_MEMBER@NetK37_KLV2_S1_2@PIN@OVCPMNHF@$$$\OVCPMNHF-1","NetK37_KLV2_S1_2","PIN","R_KLV1_S1.1","R_KLV1_S1","OVCPMNHF","$$$\OVCPMNHF-1","","","1","1","1","Passive","","","","","","","","","","1"
"C:\Users\shiwei.yang\Desktop\dali\PCB_Project\Sheet2.SchDoc","NET_MEMBER","NET_MEMBER@NetK37_KLV2_S1_2@PIN@DHLFASWE@$$$\DHLFASWE-1","NetK37_KLV2_S1_2","PIN","TP_KLV1_F_S1.1","TP_KLV1_F_S1","DHLFASWE","$$$\DHLFASWE-1","","","1","1","1","Passive","","","","","","","","","","1"
"C:\Users\shiwei.yang\Desktop\dali\PCB_Project\Sheet2.SchDoc","NET_MEMBER","NET_MEMBER@NetK37_KLV2_S1_4@PORT@KLV2_F_S1@Output","NetK37_KLV2_S1_4","PORT","KLV2_F_S1","","","","","","","","","Output","","","","","","","","","CONNECTED","KLV2_F_S1"
"C:\Users\shiwei.yang\Desktop\dali\PCB_Project\Sheet2.SchDoc","NET_MEMBER","NET_MEMBER@NetK37_KLV2_S1_4@PIN@NUCAQVPY@$$$\NUCAQVPY-4","NetK37_KLV2_S1_4","PIN","K37_KLV2_S1.4","K37_KLV2_S1","NUCAQVPY","$$$\NUCAQVPY-4","","","1","4","4","Passive","","","","","","","","","","4"
"C:\Users\shiwei.yang\Desktop\dali\PCB_Project\Sheet2.SchDoc","NET_MEMBER","NET_MEMBER@NetK37_KLV2_S1_4@PIN@PWJOSUAJ@$$$\PWJOSUAJ-2","NetK37_KLV2_S1_4","PIN","K38_KLV1_2_short_S1.2","K38_KLV1_2_short_S1","PWJOSUAJ","$$$\PWJOSUAJ-2","","","1","2","NO","Passive","","","","","","","","","","2"
"C:\Users\shiwei.yang\Desktop\dali\PCB_Project\Sheet2.SchDoc","NET_MEMBER","NET_MEMBER@NetK37_KLV2_S1_4@PIN@INGZWISH@$$$\INGZWISH-1","NetK37_KLV2_S1_4","PIN","K40_KLV2_P2P_S1.1","K40_KLV2_P2P_S1","INGZWISH","$$$\INGZWISH-1","","","1","1","COMMON","Passive","","","","","","","","","","1"
"C:\Users\shiwei.yang\Desktop\dali\PCB_Project\Sheet2.SchDoc","NET_MEMBER","NET_MEMBER@NetK37_KLV2_S1_4@PIN@FOVVTANS@$$$\FOVVTANS-1","NetK37_KLV2_S1_4","PIN","R_KLV2_S1.1","R_KLV2_S1","FOVVTANS","$$$\FOVVTANS-1","","","1","1","1","Passive","","","","","","","","","","1"
"C:\Users\shiwei.yang\Desktop\dali\PCB_Project\Sheet2.SchDoc","NET_MEMBER","NET_MEMBER@NetK37_KLV2_S1_4@PIN@DEWCVYBU@$$$\DEWCVYBU-1","NetK37_KLV2_S1_4","PIN","TP_KLV2_F_S1.1","TP_KLV2_F_S1","DEWCVYBU","$$$\DEWCVYBU-1","","","1","1","1","Passive","","","","","","","","","","1"
"C:\Users\shiwei.yang\Desktop\dali\PCB_Project\Sheet2.SchDoc","NET_MEMBER","NET_MEMBER@NetK37_KLV2_S1_5@PORT@KLV2_S_S1@Output","NetK37_KLV2_S1_5","PORT","KLV2_S_S1","","","","","","","","","Output","","","","","","","","","CONNECTED","KLV2_S_S1"
"C:\Users\shiwei.yang\Desktop\dali\PCB_Project\Sheet2.SchDoc","NET_MEMBER","NET_MEMBER@NetK37_KLV2_S1_5@PIN@UFNMSSZY@$$$\UFNMSSZY-5","NetK37_KLV2_S1_5","PIN","K37_KLV2_S1.5","K37_KLV2_S1","UFNMSSZY","$$$\UFNMSSZY-5","","","2","5","5","Passive","","","","","","","","","","5"
"C:\Users\shiwei.yang\Desktop\dali\PCB_Project\Sheet2.SchDoc","NET_MEMBER","NET_MEMBER@NetK37_KLV2_S1_5@PIN@FOVVTANS@$$$\FOVVTANS-2","NetK37_KLV2_S1_5","PIN","R_KLV2_S1.2","R_KLV2_S1","FOVVTANS","$$$\FOVVTANS-2","","","1","2","2","Passive","","","","","","","","","","2"
"C:\Users\shiwei.yang\Desktop\dali\PCB_Project\Sheet2.SchDoc","NET_MEMBER","NET_MEMBER@NetK37_KLV2_S1_5@PIN@DTYUCRKF@$$$\DTYUCRKF-1","NetK37_KLV2_S1_5","PIN","TP_KLV2_S_S1.1","TP_KLV2_S_S1","DTYUCRKF","$$$\DTYUCRKF-1","","","1","1","1","Passive","","","","","","","","","","1"
"C:\Users\shiwei.yang\Desktop\dali\PCB_Project\Sheet2.SchDoc","NET_MEMBER","NET_MEMBER@NetK37_KLV2_S1_7@PORT@KLV1_S_S1@Output","NetK37_KLV2_S1_7","PORT","KLV1_S_S1","","","","","","","","","Output","","","","","","","","","CONNECTED","KLV1_S_S1"
"C:\Users\shiwei.yang\Desktop\dali\PCB_Project\Sheet2.SchDoc","NET_MEMBER","NET_MEMBER@NetK37_KLV2_S1_7@PIN@UFNMSSZY@$$$\UFNMSSZY-7","NetK37_KLV2_S1_7","PIN","K37_KLV2_S1.7","K37_KLV2_S1","UFNMSSZY","$$$\UFNMSSZY-7","","","2","7","7","Passive","","","","","","","","","","7"
"C:\Users\shiwei.yang\Desktop\dali\PCB_Project\Sheet2.SchDoc","NET_MEMBER","NET_MEMBER@NetK37_KLV2_S1_7@PIN@OVCPMNHF@$$$\OVCPMNHF-2","NetK37_KLV2_S1_7","PIN","R_KLV1_S1.2","R_KLV1_S1","OVCPMNHF","$$$\OVCPMNHF-2","","","1","2","2","Passive","","","","","","","","","","2"
"C:\Users\shiwei.yang\Desktop\dali\PCB_Project\Sheet2.SchDoc","NET_MEMBER","NET_MEMBER@NetK37_KLV2_S1_7@PIN@QHOLJLRW@$$$\QHOLJLRW-1","NetK37_KLV2_S1_7","PIN","TP_KLV1_S_S1.1","TP_KLV1_S_S1","QHOLJLRW","$$$\QHOLJLRW-1","","","1","1","1","Passive","","","","","","","","","","1"
"C:\Users\shiwei.yang\Desktop\dali\PCB_Project\Sheet2.SchDoc","NET_MEMBER","NET_MEMBER@NetK41_BUS_FL_BST_S1_2@PORT@S5_ACM200_FH4@I/O","NetK41_BUS_FL_BST_S1_2","PORT","S5_ACM200_FH4","","","","","","","","","I/O","","","","","","","","","CONNECTED","S5_ACM200_FH4"
"C:\Users\shiwei.yang\Desktop\dali\PCB_Project\Sheet2.SchDoc","NET_MEMBER","NET_MEMBER@NetK41_BUS_FL_BST_S1_2@PIN@RBLRCCHF@$$$\RBLRCCHF-2","NetK41_BUS_FL_BST_S1_2","PIN","K41_BUS_FL_BST_S1.2","K41_BUS_FL_BST_S1","RBLRCCHF","$$$\RBLRCCHF-2","","","1","2","NO","Passive","","","","","","","","","","2"
"C:\Users\shiwei.yang\Desktop\dali\PCB_Project\Sheet2.SchDoc","NET_MEMBER","NET_MEMBER@NetK41_BUS_FL_BST_S1_2@PIN@KVZCEJWV@$$$\KVZCEJWV-6","NetK41_BUS_FL_BST_S1_2","PIN","K42_AMP_PS_S1.6","K42_AMP_PS_S1","KVZCEJWV","$$$\KVZCEJWV-6","","","2","6","6","Passive","","","","","","","","","","6"
"C:\Users\shiwei.yang\Desktop\dali\PCB_Project\Sheet2.SchDoc","NET_MEMBER","NET_MEMBER@NetK41_BUS_SL_BST_S1_2@PORT@S5_ACM200_SH4@I/O","NetK41_BUS_SL_BST_S1_2","PORT","S5_ACM200_SH4","","","","","","","","","I/O","","","","","","","","","CONNECTED","S5_ACM200_SH4"
"C:\Users\shiwei.yang\Desktop\dali\PCB_Project\Sheet2.SchDoc","NET_MEMBER","NET_MEMBER@NetK41_BUS_SL_BST_S1_2@PIN@QOYIZLYT@$$$\QOYIZLYT-2","NetK41_BUS_SL_BST_S1_2","PIN","K41_BUS_SL_BST_S1.2","K41_BUS_SL_BST_S1","QOYIZLYT","$$$\QOYIZLYT-2","","","1","2","NO","Passive","","","","","","","","","","2"
"C:\Users\shiwei.yang\Desktop\dali\PCB_Project\Sheet2.SchDoc","NET_MEMBER","NET_MEMBER@NetK41_BUS_SL_BST_S1_2@PIN@FAVODOKF@$$$\FAVODOKF-3","NetK41_BUS_SL_BST_S1_2","PIN","K42_AMP_PS_S1.3","K42_AMP_PS_S1","FAVODOKF","$$$\FAVODOKF-3","","","1","3","3","Passive","","","","","","","","","","3"
"C:\Users\shiwei.yang\Desktop\dali\PCB_Project\Sheet2.SchDoc","NET_MEMBER","NET_MEMBER@NetK42_AMP_PS_S1_2@PIN@FAVODOKF@$$$\FAVODOKF-2","NetK42_AMP_PS_S1_2","PIN","K42_AMP_PS_S1.2","K42_AMP_PS_S1","FAVODOKF","$$$\FAVODOKF-2","","","1","2","2","Passive","","","","","","","","","","2"
"C:\Users\shiwei.yang\Desktop\dali\PCB_Project\Sheet2.SchDoc","NET_MEMBER","NET_MEMBER@NetK42_AMP_PS_S1_2@PIN@IKRHJKTJ@$$$\IKRHJKTJ-3","NetK42_AMP_PS_S1_2","PIN","K43_BST2_S1.3","K43_BST2_S1","IKRHJKTJ","$$$\IKRHJKTJ-3","","","1","3","3","Passive","","","","","","","","","","3"
"C:\Users\shiwei.yang\Desktop\dali\PCB_Project\Sheet2.SchDoc","NET_MEMBER","NET_MEMBER@NetK42_AMP_PS_S1_4@PIN@FAVODOKF@$$$\FAVODOKF-4","NetK42_AMP_PS_S1_4","PIN","K42_AMP_PS_S1.4","K42_AMP_PS_S1","FAVODOKF","$$$\FAVODOKF-4","","","1","4","4","Passive","","","","","","","","","","4"
"C:\Users\shiwei.yang\Desktop\dali\PCB_Project\Sheet2.SchDoc","NET_MEMBER","NET_MEMBER@NetK42_AMP_PS_S1_7@PIN@KVZCEJWV@$$$\KVZCEJWV-7","NetK42_AMP_PS_S1_7","PIN","K42_AMP_PS_S1.7","K42_AMP_PS_S1","KVZCEJWV","$$$\KVZCEJWV-7","","","2","7","7","Passive","","","","","","","","","","7"
"C:\Users\shiwei.yang\Desktop\dali\PCB_Project\Sheet2.SchDoc","NET_MEMBER","NET_MEMBER@NetK42_AMP_PS_S1_7@PIN@TRMANQIG@$$$\TRMANQIG-6","NetK42_AMP_PS_S1_7","PIN","K43_BST2_S1.6","K43_BST2_S1","TRMANQIG","$$$\TRMANQIG-6","","","2","6","6","Passive","","","","","","","","","","6"
"C:\Users\shiwei.yang\Desktop\dali\PCB_Project\Sheet2.SchDoc","NET_MEMBER","NET_MEMBER@NetK43_BST2_S1_2@PORT@BST1_S_S1@Output","NetK43_BST2_S1_2","PORT","BST1_S_S1","","","","","","","","","Output","","","","","","","","","CONNECTED","BST1_S_S1"
"C:\Users\shiwei.yang\Desktop\dali\PCB_Project\Sheet2.SchDoc","NET_MEMBER","NET_MEMBER@NetK43_BST2_S1_2@PIN@IKRHJKTJ@$$$\IKRHJKTJ-2","NetK43_BST2_S1_2","PIN","K43_BST2_S1.2","K43_BST2_S1","IKRHJKTJ","$$$\IKRHJKTJ-2","","","1","2","2","Passive","","","","","","","","","","2"
"C:\Users\shiwei.yang\Desktop\dali\PCB_Project\Sheet2.SchDoc","NET_MEMBER","NET_MEMBER@NetK43_BST2_S1_2@PIN@ODUXCSYZ@$$$\ODUXCSYZ-2","NetK43_BST2_S1_2","PIN","R_BST1_S1.2","R_BST1_S1","ODUXCSYZ","$$$\ODUXCSYZ-2","","","1","2","2","Passive","","","","","","","","","","2"
"C:\Users\shiwei.yang\Desktop\dali\PCB_Project\Sheet2.SchDoc","NET_MEMBER","NET_MEMBER@NetK43_BST2_S1_2@PIN@OGLGGQNZ@$$$\OGLGGQNZ-1","NetK43_BST2_S1_2","PIN","TP_BST1_S_S1.1","TP_BST1_S_S1","OGLGGQNZ","$$$\OGLGGQNZ-1","","","1","1","1","Passive","","","","","","","","","","1"
"C:\Users\shiwei.yang\Desktop\dali\PCB_Project\Sheet2.SchDoc","NET_MEMBER","NET_MEMBER@NetK43_BST2_S1_4@PORT@BST2_S_S1@Output","NetK43_BST2_S1_4","PORT","BST2_S_S1","","","","","","","","","Output","","","","","","","","","CONNECTED","BST2_S_S1"
"C:\Users\shiwei.yang\Desktop\dali\PCB_Project\Sheet2.SchDoc","NET_MEMBER","NET_MEMBER@NetK43_BST2_S1_4@PIN@IKRHJKTJ@$$$\IKRHJKTJ-4","NetK43_BST2_S1_4","PIN","K43_BST2_S1.4","K43_BST2_S1","IKRHJKTJ","$$$\IKRHJKTJ-4","","","1","4","4","Passive","","","","","","","","","","4"
"C:\Users\shiwei.yang\Desktop\dali\PCB_Project\Sheet2.SchDoc","NET_MEMBER","NET_MEMBER@NetK43_BST2_S1_4@PIN@SBXYWXSX@$$$\SBXYWXSX-2","NetK43_BST2_S1_4","PIN","R_BST2_S1.2","R_BST2_S1","SBXYWXSX","$$$\SBXYWXSX-2","","","1","2","2","Passive","","","","","","","","","","2"
"C:\Users\shiwei.yang\Desktop\dali\PCB_Project\Sheet2.SchDoc","NET_MEMBER","NET_MEMBER@NetK43_BST2_S1_4@PIN@LHFWXRDZ@$$$\LHFWXRDZ-1","NetK43_BST2_S1_4","PIN","TP_BST2_S_S1.1","TP_BST2_S_S1","LHFWXRDZ","$$$\LHFWXRDZ-1","","","1","1","1","Passive","","","","","","","","","","1"
"C:\Users\shiwei.yang\Desktop\dali\PCB_Project\Sheet2.SchDoc","NET_MEMBER","NET_MEMBER@NetK43_BST2_S1_5@PORT@BST2_F_S1@Output","NetK43_BST2_S1_5","PORT","BST2_F_S1","","","","","","","","","Output","","","","","","","","","CONNECTED","BST2_F_S1"
"C:\Users\shiwei.yang\Desktop\dali\PCB_Project\Sheet2.SchDoc","NET_MEMBER","NET_MEMBER@NetK43_BST2_S1_5@PIN@TRMANQIG@$$$\TRMANQIG-5","NetK43_BST2_S1_5","PIN","K43_BST2_S1.5","K43_BST2_S1","TRMANQIG","$$$\TRMANQIG-5","","","2","5","5","Passive","","","","","","","","","","5"
"C:\Users\shiwei.yang\Desktop\dali\PCB_Project\Sheet2.SchDoc","NET_MEMBER","NET_MEMBER@NetK43_BST2_S1_5@PIN@KROKEETC@$$$\KROKEETC-3","NetK43_BST2_S1_5","PIN","K44_Cap_SW2_BST2_S1S2.3","K44_Cap_SW2_BST2_S1S2","KROKEETC","$$$\KROKEETC-3","","","1","3","3","Passive","","","","","","","","","","3"
"C:\Users\shiwei.yang\Desktop\dali\PCB_Project\Sheet2.SchDoc","NET_MEMBER","NET_MEMBER@NetK43_BST2_S1_5@PIN@SBXYWXSX@$$$\SBXYWXSX-1","NetK43_BST2_S1_5","PIN","R_BST2_S1.1","R_BST2_S1","SBXYWXSX","$$$\SBXYWXSX-1","","","1","1","1","Passive","","","","","","","","","","1"
"C:\Users\shiwei.yang\Desktop\dali\PCB_Project\Sheet2.SchDoc","NET_MEMBER","NET_MEMBER@NetK43_BST2_S1_5@PIN@MQLOQXVJ@$$$\MQLOQXVJ-1","NetK43_BST2_S1_5","PIN","TP_BST2_F_S1.1","TP_BST2_F_S1","MQLOQXVJ","$$$\MQLOQXVJ-1","","","1","1","1","Passive","","","","","","","","","","1"
"C:\Users\shiwei.yang\Desktop\dali\PCB_Project\Sheet2.SchDoc","NET_MEMBER","NET_MEMBER@NetK44_Cap_SW2_BST2_S1S2_4@PIN@KROKEETC@$$$\KROKEETC-4","NetK44_Cap_SW2_BST2_S1S2_4","PIN","K44_Cap_SW2_BST2_S1S2.4","K44_Cap_SW2_BST2_S1S2","KROKEETC","$$$\KROKEETC-4","","","1","4","4","Passive","","","","","","","","","","4"
"C:\Users\shiwei.yang\Desktop\dali\PCB_Project\Sheet2.SchDoc","NET_MEMBER","NET_MEMBER@NetK43_BST2_S1_7@PORT@BST1_F_S1@Output","NetK43_BST2_S1_7","PORT","BST1_F_S1","","","","","","","","","Output","","","","","","","","","CONNECTED","BST1_F_S1"
"C:\Users\shiwei.yang\Desktop\dali\PCB_Project\Sheet2.SchDoc","NET_MEMBER","NET_MEMBER@NetK43_BST2_S1_7@PIN@TRMANQIG@$$$\TRMANQIG-7","NetK43_BST2_S1_7","PIN","K43_BST2_S1.7","K43_BST2_S1","TRMANQIG","$$$\TRMANQIG-7","","","2","7","7","Passive","","","","","","","","","","7"
"C:\Users\shiwei.yang\Desktop\dali\PCB_Project\Sheet2.SchDoc","NET_MEMBER","NET_MEMBER@NetK43_BST2_S1_7@PIN@ZMKKRCOA@$$$\ZMKKRCOA-3","NetK43_BST2_S1_7","PIN","K45_Cap_SW1_BST1_S1S2.3","K45_Cap_SW1_BST1_S1S2","ZMKKRCOA","$$$\ZMKKRCOA-3","","","1","3","3","Passive","","","","","","","","","","3"
"C:\Users\shiwei.yang\Desktop\dali\PCB_Project\Sheet2.SchDoc","NET_MEMBER","NET_MEMBER@NetK43_BST2_S1_7@PIN@ODUXCSYZ@$$$\ODUXCSYZ-1","NetK43_BST2_S1_7","PIN","R_BST1_S1.1","R_BST1_S1","ODUXCSYZ","$$$\ODUXCSYZ-1","","","1","1","1","Passive","","","","","","","","","","1"
"C:\Users\shiwei.yang\Desktop\dali\PCB_Project\Sheet2.SchDoc","NET_MEMBER","NET_MEMBER@NetK43_BST2_S1_7@PIN@EMAIJKNX@$$$\EMAIJKNX-1","NetK43_BST2_S1_7","PIN","TP_BST1_F_S1.1","TP_BST1_F_S1","EMAIJKNX","$$$\EMAIJKNX-1","","","1","1","1","Passive","","","","","","","","","","1"
"C:\Users\shiwei.yang\Desktop\dali\PCB_Project\Sheet2.SchDoc","NET_MEMBER","NET_MEMBER@NetK45_Cap_SW1_BST1_S1S2_4@PIN@ZMKKRCOA@$$$\ZMKKRCOA-4","NetK45_Cap_SW1_BST1_S1S2_4","PIN","K45_Cap_SW1_BST1_S1S2.4","K45_Cap_SW1_BST1_S1S2","ZMKKRCOA","$$$\ZMKKRCOA-4","","","1","4","4","Passive","","","","","","","","","","4"
"C:\Users\shiwei.yang\Desktop\dali\PCB_Project\Sheet2.SchDoc","NET_MEMBER","NET_MEMBER@NetK46_BUS_FH_SW1_S1_2@PORT@S5_ACM200_FH5@I/O","NetK46_BUS_FH_SW1_S1_2","PORT","S5_ACM200_FH5","","","","","","","","","I/O","","","","","","","","","CONNECTED","S5_ACM200_FH5"
"C:\Users\shiwei.yang\Desktop\dali\PCB_Project\Sheet2.SchDoc","NET_MEMBER","NET_MEMBER@NetK46_BUS_FH_SW1_S1_2@PIN@JBMVQVJN@$$$\JBMVQVJN-2","NetK46_BUS_FH_SW1_S1_2","PIN","K46_BUS_FH_SW1_S1.2","K46_BUS_FH_SW1_S1","JBMVQVJN","$$$\JBMVQVJN-2","","","1","2","NO","Passive","","","","","","","","","","2"
"C:\Users\shiwei.yang\Desktop\dali\PCB_Project\Sheet2.SchDoc","NET_MEMBER","NET_MEMBER@NetK46_BUS_FH_SW1_S1_2@PIN@LDKRKHUN@$$$\LDKRKHUN-6","NetK46_BUS_FH_SW1_S1_2","PIN","K48_AMP_REF_S1.6","K48_AMP_REF_S1","LDKRKHUN","$$$\LDKRKHUN-6","","","2","6","6","Passive","","","","","","","","","","6"
"C:\Users\shiwei.yang\Desktop\dali\PCB_Project\Sheet2.SchDoc","NET_MEMBER","NET_MEMBER@NetK46_BUS_SH_SW1_S1_2@PORT@S5_ACM200_SH5@I/O","NetK46_BUS_SH_SW1_S1_2","PORT","S5_ACM200_SH5","","","","","","","","","I/O","","","","","","","","","CONNECTED","S5_ACM200_SH5"
"C:\Users\shiwei.yang\Desktop\dali\PCB_Project\Sheet2.SchDoc","NET_MEMBER","NET_MEMBER@NetK46_BUS_SH_SW1_S1_2@PIN@IMGIBZGQ@$$$\IMGIBZGQ-2","NetK46_BUS_SH_SW1_S1_2","PIN","K46_BUS_SH_SW1_S1.2","K46_BUS_SH_SW1_S1","IMGIBZGQ","$$$\IMGIBZGQ-2","","","1","2","NO","Passive","","","","","","","","","","2"
"C:\Users\shiwei.yang\Desktop\dali\PCB_Project\Sheet2.SchDoc","NET_MEMBER","NET_MEMBER@NetK46_BUS_SH_SW1_S1_2@PIN@GHXBNIIJ@$$$\GHXBNIIJ-3","NetK46_BUS_SH_SW1_S1_2","PIN","K48_AMP_REF_S1.3","K48_AMP_REF_S1","GHXBNIIJ","$$$\GHXBNIIJ-3","","","1","3","3","Passive","","","","","","","","","","3"
"C:\Users\shiwei.yang\Desktop\dali\PCB_Project\Sheet2.SchDoc","NET_MEMBER","NET_MEMBER@NetK47_BUS_FL_SW1_S1_2@PORT@S3_FOVIe_FH0@I/O","NetK47_BUS_FL_SW1_S1_2","PORT","S3_FOVIe_FH0","","","","","","","","","I/O","","","","","","","","","CONNECTED","S3_FOVIe_FH0"
"C:\Users\shiwei.yang\Desktop\dali\PCB_Project\Sheet2.SchDoc","NET_MEMBER","NET_MEMBER@NetK47_BUS_FL_SW1_S1_2@PIN@RMRGQDBH@$$$\RMRGQDBH-2","NetK47_BUS_FL_SW1_S1_2","PIN","K47_BUS_FL_SW1_S1.2","K47_BUS_FL_SW1_S1","RMRGQDBH","$$$\RMRGQDBH-2","","","1","2","NO","Passive","","","","","","","","","","2"
"C:\Users\shiwei.yang\Desktop\dali\PCB_Project\Sheet2.SchDoc","NET_MEMBER","NET_MEMBER@NetK47_BUS_FL_SW1_S1_2@PIN@TZDXVPTU@$$$\TZDXVPTU-3","NetK47_BUS_FL_SW1_S1_2","PIN","K50_FOVI_SW2_S1.3","K50_FOVI_SW2_S1","TZDXVPTU","$$$\TZDXVPTU-3","","","1","3","3","Passive","","","","","","","","","","3"
"C:\Users\shiwei.yang\Desktop\dali\PCB_Project\Sheet2.SchDoc","NET_MEMBER","NET_MEMBER@NetK47_BUS_SL_SW1_S1_2@PORT@S3_FOVIe_SH0@I/O","NetK47_BUS_SL_SW1_S1_2","PORT","S3_FOVIe_SH0","","","","","","","","","I/O","","","","","","","","","CONNECTED","S3_FOVIe_SH0"
"C:\Users\shiwei.yang\Desktop\dali\PCB_Project\Sheet2.SchDoc","NET_MEMBER","NET_MEMBER@NetK47_BUS_SL_SW1_S1_2@PIN@GOHMVFOC@$$$\GOHMVFOC-2","NetK47_BUS_SL_SW1_S1_2","PIN","K47_BUS_SL_SW1_S1.2","K47_BUS_SL_SW1_S1","GOHMVFOC","$$$\GOHMVFOC-2","","","1","2","NO","Passive","","","","","","","","","","2"
"C:\Users\shiwei.yang\Desktop\dali\PCB_Project\Sheet2.SchDoc","NET_MEMBER","NET_MEMBER@NetK47_BUS_SL_SW1_S1_2@PIN@NYWIOBVB@$$$\NYWIOBVB-6","NetK47_BUS_SL_SW1_S1_2","PIN","K50_FOVI_SW2_S1.6","K50_FOVI_SW2_S1","NYWIOBVB","$$$\NYWIOBVB-6","","","2","6","6","Passive","","","","","","","","","","6"
"C:\Users\shiwei.yang\Desktop\dali\PCB_Project\Sheet2.SchDoc","NET_MEMBER","NET_MEMBER@NetK48_AMP_REF_S1_2@PIN@GHXBNIIJ@$$$\GHXBNIIJ-2","NetK48_AMP_REF_S1_2","PIN","K48_AMP_REF_S1.2","K48_AMP_REF_S1","GHXBNIIJ","$$$\GHXBNIIJ-2","","","1","2","2","Passive","","","","","","","","","","2"
"C:\Users\shiwei.yang\Desktop\dali\PCB_Project\Sheet2.SchDoc","NET_MEMBER","NET_MEMBER@NetK48_AMP_REF_S1_2@PIN@PJQWTADX@$$$\PJQWTADX-3","NetK48_AMP_REF_S1_2","PIN","K49_ACM_SW2_S1.3","K49_ACM_SW2_S1","PJQWTADX","$$$\PJQWTADX-3","","","1","3","3","Passive","","","","","","","","","","3"
"C:\Users\shiwei.yang\Desktop\dali\PCB_Project\Sheet2.SchDoc","NET_MEMBER","NET_MEMBER@NetK48_AMP_REF_S1_4@PIN@GHXBNIIJ@$$$\GHXBNIIJ-4","NetK48_AMP_REF_S1_4","PIN","K48_AMP_REF_S1.4","K48_AMP_REF_S1","GHXBNIIJ","$$$\GHXBNIIJ-4","","","1","4","4","Passive","","","","","","","","","","4"
"C:\Users\shiwei.yang\Desktop\dali\PCB_Project\Sheet2.SchDoc","NET_MEMBER","NET_MEMBER@NetK48_AMP_REF_S1_4@PIN@HXWSFPLJ@$$$\HXWSFPLJ-3","NetK48_AMP_REF_S1_4","PIN","K76_ACM_BST_S1.3","K76_ACM_BST_S1","HXWSFPLJ","$$$\HXWSFPLJ-3","","","1","3","3","Passive","","","","","","","","","","3"
"C:\Users\shiwei.yang\Desktop\dali\PCB_Project\Sheet2.SchDoc","NET_MEMBER","NET_MEMBER@NetK48_AMP_REF_S1_5@PIN@LDKRKHUN@$$$\LDKRKHUN-5","NetK48_AMP_REF_S1_5","PIN","K48_AMP_REF_S1.5","K48_AMP_REF_S1","LDKRKHUN","$$$\LDKRKHUN-5","","","2","5","5","Passive","","","","","","","","","","5"
"C:\Users\shiwei.yang\Desktop\dali\PCB_Project\Sheet2.SchDoc","NET_MEMBER","NET_MEMBER@NetK48_AMP_REF_S1_5@PIN@BTRQTUDU@$$$\BTRQTUDU-6","NetK48_AMP_REF_S1_5","PIN","K76_ACM_BST_S1.6","K76_ACM_BST_S1","BTRQTUDU","$$$\BTRQTUDU-6","","","2","6","6","Passive","","","","","","","","","","6"
"C:\Users\shiwei.yang\Desktop\dali\PCB_Project\Sheet2.SchDoc","NET_MEMBER","NET_MEMBER@NetK48_AMP_REF_S1_7@PIN@LDKRKHUN@$$$\LDKRKHUN-7","NetK48_AMP_REF_S1_7","PIN","K48_AMP_REF_S1.7","K48_AMP_REF_S1","LDKRKHUN","$$$\LDKRKHUN-7","","","2","7","7","Passive","","","","","","","","","","7"
"C:\Users\shiwei.yang\Desktop\dali\PCB_Project\Sheet2.SchDoc","NET_MEMBER","NET_MEMBER@NetK48_AMP_REF_S1_7@PIN@QGKPTHQK@$$$\QGKPTHQK-6","NetK48_AMP_REF_S1_7","PIN","K49_ACM_SW2_S1.6","K49_ACM_SW2_S1","QGKPTHQK","$$$\QGKPTHQK-6","","","2","6","6","Passive","","","","","","","","","","6"
"C:\Users\shiwei.yang\Desktop\dali\PCB_Project\Sheet2.SchDoc","NET_MEMBER","NET_MEMBER@NetK49_ACM_SW2_S1_2@PORT@SW1_S_S1@Output","NetK49_ACM_SW2_S1_2","PORT","SW1_S_S1","","","","","","","","","Output","","","","","","","","","CONNECTED","SW1_S_S1"
"C:\Users\shiwei.yang\Desktop\dali\PCB_Project\Sheet2.SchDoc","NET_MEMBER","NET_MEMBER@NetK49_ACM_SW2_S1_2@PIN@PJQWTADX@$$$\PJQWTADX-2","NetK49_ACM_SW2_S1_2","PIN","K49_ACM_SW2_S1.2","K49_ACM_SW2_S1","PJQWTADX","$$$\PJQWTADX-2","","","1","2","2","Passive","","","","","","","","","","2"
"C:\Users\shiwei.yang\Desktop\dali\PCB_Project\Sheet2.SchDoc","NET_MEMBER","NET_MEMBER@NetK49_ACM_SW2_S1_2@PIN@NYWIOBVB@$$$\NYWIOBVB-7","NetK49_ACM_SW2_S1_2","PIN","K50_FOVI_SW2_S1.7","K50_FOVI_SW2_S1","NYWIOBVB","$$$\NYWIOBVB-7","","","2","7","7","Passive","","","","","","","","","","7"
"C:\Users\shiwei.yang\Desktop\dali\PCB_Project\Sheet2.SchDoc","NET_MEMBER","NET_MEMBER@NetK49_ACM_SW2_S1_2@PIN@VJTUMGHJ@$$$\VJTUMGHJ-2","NetK49_ACM_SW2_S1_2","PIN","R_SW1_KLV_S1.2","R_SW1_KLV_S1","VJTUMGHJ","$$$\VJTUMGHJ-2","","","1","2","2","Passive","","","","","","","","","","2"
"C:\Users\shiwei.yang\Desktop\dali\PCB_Project\Sheet2.SchDoc","NET_MEMBER","NET_MEMBER@NetK49_ACM_SW2_S1_2@PIN@WCBEXVBR@$$$\WCBEXVBR-1","NetK49_ACM_SW2_S1_2","PIN","TP_SW1_S_S1.1","TP_SW1_S_S1","WCBEXVBR","$$$\WCBEXVBR-1","","","1","1","1","Passive","","","","","","","","","","1"
"C:\Users\shiwei.yang\Desktop\dali\PCB_Project\Sheet2.SchDoc","NET_MEMBER","NET_MEMBER@NetK49_ACM_SW2_S1_4@PORT@SW2_S_S1@Output","NetK49_ACM_SW2_S1_4","PORT","SW2_S_S1","","","","","","","","","Output","","","","","","","","","CONNECTED","SW2_S_S1"
"C:\Users\shiwei.yang\Desktop\dali\PCB_Project\Sheet2.SchDoc","NET_MEMBER","NET_MEMBER@NetK49_ACM_SW2_S1_4@PIN@PJQWTADX@$$$\PJQWTADX-4","NetK49_ACM_SW2_S1_4","PIN","K49_ACM_SW2_S1.4","K49_ACM_SW2_S1","PJQWTADX","$$$\PJQWTADX-4","","","1","4","4","Passive","","","","","","","","","","4"
"C:\Users\shiwei.yang\Desktop\dali\PCB_Project\Sheet2.SchDoc","NET_MEMBER","NET_MEMBER@NetK49_ACM_SW2_S1_4@PIN@NYWIOBVB@$$$\NYWIOBVB-5","NetK49_ACM_SW2_S1_4","PIN","K50_FOVI_SW2_S1.5","K50_FOVI_SW2_S1","NYWIOBVB","$$$\NYWIOBVB-5","","","2","5","5","Passive","","","","","","","","","","5"
"C:\Users\shiwei.yang\Desktop\dali\PCB_Project\Sheet2.SchDoc","NET_MEMBER","NET_MEMBER@NetK49_ACM_SW2_S1_4@PIN@FWHEQFGR@$$$\FWHEQFGR-2","NetK49_ACM_SW2_S1_4","PIN","R_SW2_KLV_S1.2","R_SW2_KLV_S1","FWHEQFGR","$$$\FWHEQFGR-2","","","1","2","2","Passive","","","","","","","","","","2"
"C:\Users\shiwei.yang\Desktop\dali\PCB_Project\Sheet2.SchDoc","NET_MEMBER","NET_MEMBER@NetK49_ACM_SW2_S1_4@PIN@ILBNCDIM@$$$\ILBNCDIM-1","NetK49_ACM_SW2_S1_4","PIN","TP_SW2_S_S1.1","TP_SW2_S_S1","ILBNCDIM","$$$\ILBNCDIM-1","","","1","1","1","Passive","","","","","","","","","","1"
"C:\Users\shiwei.yang\Desktop\dali\PCB_Project\Sheet2.SchDoc","NET_MEMBER","NET_MEMBER@NetK51_BUSL_LG_S1_2@PIN@DQMOZEGU@$$$\DQMOZEGU-2","NetK51_BUSL_LG_S1_2","PIN","K51_BUSL_LG_S1.2","K51_BUSL_LG_S1","DQMOZEGU","$$$\DQMOZEGU-2","","","1","2","2","Passive","","","","","","","","","","2"
"C:\Users\shiwei.yang\Desktop\dali\PCB_Project\Sheet2.SchDoc","NET_MEMBER","NET_MEMBER@NetK51_BUSL_LG_S1_4@PORT@S5_ACM200_FH6@I/O","NetK51_BUSL_LG_S1_4","PORT","S5_ACM200_FH6","","","","","","","","","I/O","","","","","","","","","CONNECTED","S5_ACM200_FH6"
"C:\Users\shiwei.yang\Desktop\dali\PCB_Project\Sheet2.SchDoc","NET_MEMBER","NET_MEMBER@NetK51_BUSL_LG_S1_4@PIN@DQMOZEGU@$$$\DQMOZEGU-4","NetK51_BUSL_LG_S1_4","PIN","K51_BUSL_LG_S1.4","K51_BUSL_LG_S1","DQMOZEGU","$$$\DQMOZEGU-4","","","1","4","4","Passive","","","","","","","","","","4"
"C:\Users\shiwei.yang\Desktop\dali\PCB_Project\Sheet2.SchDoc","NET_MEMBER","NET_MEMBER@NetK51_BUSL_LG_S1_4@PIN@BZEZSJUB@$$$\BZEZSJUB-6","NetK51_BUSL_LG_S1_4","PIN","K52_LG2_S1.6","K52_LG2_S1","BZEZSJUB","$$$\BZEZSJUB-6","","","2","6","6","Passive","","","","","","","","","","6"
"C:\Users\shiwei.yang\Desktop\dali\PCB_Project\Sheet2.SchDoc","NET_MEMBER","NET_MEMBER@NetK51_BUSL_LG_S1_5@PORT@S5_ACM200_SH6@I/O","NetK51_BUSL_LG_S1_5","PORT","S5_ACM200_SH6","","","","","","","","","I/O","","","","","","","","","CONNECTED","S5_ACM200_SH6"
"C:\Users\shiwei.yang\Desktop\dali\PCB_Project\Sheet2.SchDoc","NET_MEMBER","NET_MEMBER@NetK51_BUSL_LG_S1_5@PIN@LCPAYSUF@$$$\LCPAYSUF-5","NetK51_BUSL_LG_S1_5","PIN","K51_BUSL_LG_S1.5","K51_BUSL_LG_S1","LCPAYSUF","$$$\LCPAYSUF-5","","","2","5","5","Passive","","","","","","","","","","5"
"C:\Users\shiwei.yang\Desktop\dali\PCB_Project\Sheet2.SchDoc","NET_MEMBER","NET_MEMBER@NetK51_BUSL_LG_S1_5@PIN@GCYFGEMZ@$$$\GCYFGEMZ-3","NetK51_BUSL_LG_S1_5","PIN","K52_LG2_S1.3","K52_LG2_S1","GCYFGEMZ","$$$\GCYFGEMZ-3","","","1","3","3","Passive","","","","","","","","","","3"
"C:\Users\shiwei.yang\Desktop\dali\PCB_Project\Sheet2.SchDoc","NET_MEMBER","NET_MEMBER@NetK51_BUSL_LG_S1_7@PIN@LCPAYSUF@$$$\LCPAYSUF-7","NetK51_BUSL_LG_S1_7","PIN","K51_BUSL_LG_S1.7","K51_BUSL_LG_S1","LCPAYSUF","$$$\LCPAYSUF-7","","","2","7","7","Passive","","","","","","","","","","7"
"C:\Users\shiwei.yang\Desktop\dali\PCB_Project\Sheet2.SchDoc","NET_MEMBER","NET_MEMBER@NetK52_LG2_S1_2@PORT@LG1_F_S1@Output","NetK52_LG2_S1_2","PORT","LG1_F_S1","","","","","","","","","Output","","","","","","","","","CONNECTED","LG1_F_S1"
"C:\Users\shiwei.yang\Desktop\dali\PCB_Project\Sheet2.SchDoc","NET_MEMBER","NET_MEMBER@NetK52_LG2_S1_2@PIN@GCYFGEMZ@$$$\GCYFGEMZ-2","NetK52_LG2_S1_2","PIN","K52_LG2_S1.2","K52_LG2_S1","GCYFGEMZ","$$$\GCYFGEMZ-2","","","1","2","2","Passive","","","","","","","","","","2"
"C:\Users\shiwei.yang\Desktop\dali\PCB_Project\Sheet2.SchDoc","NET_MEMBER","NET_MEMBER@NetK52_LG2_S1_2@PIN@BZEZSJUB@$$$\BZEZSJUB-7","NetK52_LG2_S1_2","PIN","K52_LG2_S1.7","K52_LG2_S1","BZEZSJUB","$$$\BZEZSJUB-7","","","2","7","7","Passive","","","","","","","","","","7"
"C:\Users\shiwei.yang\Desktop\dali\PCB_Project\Sheet2.SchDoc","NET_MEMBER","NET_MEMBER@NetK52_LG2_S1_2@PIN@MMOITJTZ@$$$\MMOITJTZ-1","NetK52_LG2_S1_2","PIN","K53_LG2_P2P_S1.1","K53_LG2_P2P_S1","MMOITJTZ","$$$\MMOITJTZ-1","","","1","1","COMMON","Passive","","","","","","","","","","1"
"C:\Users\shiwei.yang\Desktop\dali\PCB_Project\Sheet2.SchDoc","NET_MEMBER","NET_MEMBER@NetK52_LG2_S1_2@PIN@EIQESIDL@$$$\EIQESIDL-1","NetK52_LG2_S1_2","PIN","K54_LG1_P2P_S1.1","K54_LG1_P2P_S1","EIQESIDL","$$$\EIQESIDL-1","","","1","1","COMMON","Passive","","","","","","","","","","1"
"C:\Users\shiwei.yang\Desktop\dali\PCB_Project\Sheet2.SchDoc","NET_MEMBER","NET_MEMBER@NetK52_LG2_S1_2@PIN@CTGXREEA@$$$\CTGXREEA-1","NetK52_LG2_S1_2","PIN","R_LG1_S1.1","R_LG1_S1","CTGXREEA","$$$\CTGXREEA-1","","","1","1","1","Passive","","","","","","","","","","1"
"C:\Users\shiwei.yang\Desktop\dali\PCB_Project\Sheet2.SchDoc","NET_MEMBER","NET_MEMBER@NetK52_LG2_S1_2@PIN@OIMTODOZ@$$$\OIMTODOZ-1","NetK52_LG2_S1_2","PIN","R_LG2_S1.1","R_LG2_S1","OIMTODOZ","$$$\OIMTODOZ-1","","","1","1","1","Passive","","","","","","","","","","1"
"C:\Users\shiwei.yang\Desktop\dali\PCB_Project\Sheet2.SchDoc","NET_MEMBER","NET_MEMBER@NetK52_LG2_S1_2@PIN@QEOPEPJQ@$$$\QEOPEPJQ-1","NetK52_LG2_S1_2","PIN","TP_LG1_F_S1.1","TP_LG1_F_S1","QEOPEPJQ","$$$\QEOPEPJQ-1","","","1","1","1","Passive","","","","","","","","","","1"
"C:\Users\shiwei.yang\Desktop\dali\PCB_Project\Sheet2.SchDoc","NET_MEMBER","NET_MEMBER@NetK52_LG2_S1_2@PIN@FTNDGHAS@$$$\FTNDGHAS-1","NetK52_LG2_S1_2","PIN","TP_LG2_F_S1.1","TP_LG2_F_S1","FTNDGHAS","$$$\FTNDGHAS-1","","","1","1","1","Passive","","","","","","","","","","1"
"C:\Users\shiwei.yang\Desktop\dali\PCB_Project\Sheet2.SchDoc","NET_MEMBER","NET_MEMBER@NetK52_LG2_S1_4@PORT@LG2_S_S1@Output","NetK52_LG2_S1_4","PORT","LG2_S_S1","","","","","","","","","Output","","","","","","","","","CONNECTED","LG2_S_S1"
"C:\Users\shiwei.yang\Desktop\dali\PCB_Project\Sheet2.SchDoc","NET_MEMBER","NET_MEMBER@NetK52_LG2_S1_4@PIN@GCYFGEMZ@$$$\GCYFGEMZ-4","NetK52_LG2_S1_4","PIN","K52_LG2_S1.4","K52_LG2_S1","GCYFGEMZ","$$$\GCYFGEMZ-4","","","1","4","4","Passive","","","","","","","","","","4"
"C:\Users\shiwei.yang\Desktop\dali\PCB_Project\Sheet2.SchDoc","NET_MEMBER","NET_MEMBER@NetK52_LG2_S1_4@PIN@BZEZSJUB@$$$\BZEZSJUB-5","NetK52_LG2_S1_4","PIN","K52_LG2_S1.5","K52_LG2_S1","BZEZSJUB","$$$\BZEZSJUB-5","","","2","5","5","Passive","","","","","","","","","","5"
"C:\Users\shiwei.yang\Desktop\dali\PCB_Project\Sheet2.SchDoc","NET_MEMBER","NET_MEMBER@NetK52_LG2_S1_4@PIN@CTGXREEA@$$$\CTGXREEA-2","NetK52_LG2_S1_4","PIN","R_LG1_S1.2","R_LG1_S1","CTGXREEA","$$$\CTGXREEA-2","","","1","2","2","Passive","","","","","","","","","","2"
"C:\Users\shiwei.yang\Desktop\dali\PCB_Project\Sheet2.SchDoc","NET_MEMBER","NET_MEMBER@NetK52_LG2_S1_4@PIN@OIMTODOZ@$$$\OIMTODOZ-2","NetK52_LG2_S1_4","PIN","R_LG2_S1.2","R_LG2_S1","OIMTODOZ","$$$\OIMTODOZ-2","","","1","2","2","Passive","","","","","","","","","","2"
"C:\Users\shiwei.yang\Desktop\dali\PCB_Project\Sheet2.SchDoc","NET_MEMBER","NET_MEMBER@NetK52_LG2_S1_4@PIN@DRFXIOMZ@$$$\DRFXIOMZ-1","NetK52_LG2_S1_4","PIN","TP_LG1_S_S1.1","TP_LG1_S_S1","DRFXIOMZ","$$$\DRFXIOMZ-1","","","1","1","1","Passive","","","","","","","","","","1"
"C:\Users\shiwei.yang\Desktop\dali\PCB_Project\Sheet2.SchDoc","NET_MEMBER","NET_MEMBER@NetK52_LG2_S1_4@PIN@LCFYIVWJ@$$$\LCFYIVWJ-1","NetK52_LG2_S1_4","PIN","TP_LG2_S_S1.1","TP_LG2_S_S1","LCFYIVWJ","$$$\LCFYIVWJ-1","","","1","1","1","Passive","","","","","","","","","","1"
"C:\Users\shiwei.yang\Desktop\dali\PCB_Project\Sheet2.SchDoc","NET_MEMBER","NET_MEMBER@NetK55_HG2_P2P_S1_1@PORT@HG2_F_S1@Output","NetK55_HG2_P2P_S1_1","PORT","HG2_F_S1","","","","","","","","","Output","","","","","","","","","CONNECTED","HG2_F_S1"
"C:\Users\shiwei.yang\Desktop\dali\PCB_Project\Sheet2.SchDoc","NET_MEMBER","NET_MEMBER@NetK55_HG2_P2P_S1_1@PIN@FIKFOCMG@$$$\FIKFOCMG-1","NetK55_HG2_P2P_S1_1","PIN","K55_HG2_P2P_S1.1","K55_HG2_P2P_S1","FIKFOCMG","$$$\FIKFOCMG-1","","","1","1","COMMON","Passive","","","","","","","","","","1"
"C:\Users\shiwei.yang\Desktop\dali\PCB_Project\Sheet2.SchDoc","NET_MEMBER","NET_MEMBER@NetK55_HG2_P2P_S1_1@PIN@JVZOSWXQ@$$$\JVZOSWXQ-4","NetK55_HG2_P2P_S1_1","PIN","K84_HG2_S1.4","K84_HG2_S1","JVZOSWXQ","$$$\JVZOSWXQ-4","","","1","4","4","Passive","","","","","","","","","","4"
"C:\Users\shiwei.yang\Desktop\dali\PCB_Project\Sheet2.SchDoc","NET_MEMBER","NET_MEMBER@NetK55_HG2_P2P_S1_1@PIN@PNWEPIHO@$$$\PNWEPIHO-1","NetK55_HG2_P2P_S1_1","PIN","R_HG2_S1.1","R_HG2_S1","PNWEPIHO","$$$\PNWEPIHO-1","","","1","1","1","Passive","","","","","","","","","","1"
"C:\Users\shiwei.yang\Desktop\dali\PCB_Project\Sheet2.SchDoc","NET_MEMBER","NET_MEMBER@NetK55_HG2_P2P_S1_1@PIN@QWFMPOLN@$$$\QWFMPOLN-1","NetK55_HG2_P2P_S1_1","PIN","TP_HG2_F_S1.1","TP_HG2_F_S1","QWFMPOLN","$$$\QWFMPOLN-1","","","1","1","1","Passive","","","","","","","","","","1"
"C:\Users\shiwei.yang\Desktop\dali\PCB_Project\Sheet2.SchDoc","NET_MEMBER","NET_MEMBER@NetK56_HG1_P2P_S1_1@PORT@HG1_S_S1@Output","NetK56_HG1_P2P_S1_1","PORT","HG1_S_S1","","","","","","","","","Output","","","","","","","","","CONNECTED","HG1_S_S1"
"C:\Users\shiwei.yang\Desktop\dali\PCB_Project\Sheet2.SchDoc","NET_MEMBER","NET_MEMBER@NetK56_HG1_P2P_S1_1@PIN@SMCWJTCE@$$$\SMCWJTCE-1","NetK56_HG1_P2P_S1_1","PIN","K56_HG1_P2P_S1.1","K56_HG1_P2P_S1","SMCWJTCE","$$$\SMCWJTCE-1","","","1","1","COMMON","Passive","","","","","","","","","","1"
"C:\Users\shiwei.yang\Desktop\dali\PCB_Project\Sheet2.SchDoc","NET_MEMBER","NET_MEMBER@NetK56_HG1_P2P_S1_1@PIN@EFUVOAWN@$$$\EFUVOAWN-4","NetK56_HG1_P2P_S1_1","PIN","K64_HG1_S1.4","K64_HG1_S1","EFUVOAWN","$$$\EFUVOAWN-4","","","1","4","4","Passive","","","","","","","","","","4"
"C:\Users\shiwei.yang\Desktop\dali\PCB_Project\Sheet2.SchDoc","NET_MEMBER","NET_MEMBER@NetK56_HG1_P2P_S1_1@PIN@KSKVODCX@$$$\KSKVODCX-2","NetK56_HG1_P2P_S1_1","PIN","R_HG1_S1.2","R_HG1_S1","KSKVODCX","$$$\KSKVODCX-2","","","1","2","2","Passive","","","","","","","","","","2"
"C:\Users\shiwei.yang\Desktop\dali\PCB_Project\Sheet2.SchDoc","NET_MEMBER","NET_MEMBER@NetK56_HG1_P2P_S1_1@PIN@ZDDFUTKH@$$$\ZDDFUTKH-1","NetK56_HG1_P2P_S1_1","PIN","TP_HG1_S_S1.1","TP_HG1_S_S1","ZDDFUTKH","$$$\ZDDFUTKH-1","","","1","1","1","Passive","","","","","","","","","","1"
"C:\Users\shiwei.yang\Desktop\dali\PCB_Project\Sheet2.SchDoc","NET_MEMBER","NET_MEMBER@NetK57_CAP_BST_SW_S1S2_4@PIN@IEZNXRCJ@$$$\IEZNXRCJ-4","NetK57_CAP_BST_SW_S1S2_4","PIN","K57_CAP_BST_SW_S1S2.4","K57_CAP_BST_SW_S1S2","IEZNXRCJ","$$$\IEZNXRCJ-4","","","1","4","4","Passive","","","","","","","","","","4"
"C:\Users\shiwei.yang\Desktop\dali\PCB_Project\Sheet2.SchDoc","NET_MEMBER","NET_MEMBER@NetK58_BUSH_VDM_S1_2@PIN@MYTSJDTD@$$$\MYTSJDTD-2","NetK58_BUSH_VDM_S1_2","PIN","K58_BUSH_VDM_S1.2","K58_BUSH_VDM_S1","MYTSJDTD","$$$\MYTSJDTD-2","","","1","2","2","Passive","","","","","","","","","","2"
"C:\Users\shiwei.yang\Desktop\dali\PCB_Project\Sheet2.SchDoc","NET_MEMBER","NET_MEMBER@NetK58_BUSH_VDM_S1_4@PORT@S5_ACM200_FH7@I/O","NetK58_BUSH_VDM_S1_4","PORT","S5_ACM200_FH7","","","","","","","","","I/O","","","","","","","","","CONNECTED","S5_ACM200_FH7"
"C:\Users\shiwei.yang\Desktop\dali\PCB_Project\Sheet2.SchDoc","NET_MEMBER","NET_MEMBER@NetK58_BUSH_VDM_S1_4@PIN@MYTSJDTD@$$$\MYTSJDTD-4","NetK58_BUSH_VDM_S1_4","PIN","K58_BUSH_VDM_S1.4","K58_BUSH_VDM_S1","MYTSJDTD","$$$\MYTSJDTD-4","","","1","4","4","Passive","","","","","","","","","","4"
"C:\Users\shiwei.yang\Desktop\dali\PCB_Project\Sheet2.SchDoc","NET_MEMBER","NET_MEMBER@NetK58_BUSH_VDM_S1_4@PIN@FHFANXSB@$$$\FHFANXSB-6","NetK58_BUSH_VDM_S1_4","PIN","K59_SDA_S1.6","K59_SDA_S1","FHFANXSB","$$$\FHFANXSB-6","","","2","6","6","Passive","","","","","","","","","","6"
"C:\Users\shiwei.yang\Desktop\dali\PCB_Project\Sheet2.SchDoc","NET_MEMBER","NET_MEMBER@NetK58_BUSH_VDM_S1_5@PORT@S5_ACM200_SH7@I/O","NetK58_BUSH_VDM_S1_5","PORT","S5_ACM200_SH7","","","","","","","","","I/O","","","","","","","","","CONNECTED","S5_ACM200_SH7"
"C:\Users\shiwei.yang\Desktop\dali\PCB_Project\Sheet2.SchDoc","NET_MEMBER","NET_MEMBER@NetK58_BUSH_VDM_S1_5@PIN@DPJHTTBK@$$$\DPJHTTBK-5","NetK58_BUSH_VDM_S1_5","PIN","K58_BUSH_VDM_S1.5","K58_BUSH_VDM_S1","DPJHTTBK","$$$\DPJHTTBK-5","","","2","5","5","Passive","","","","","","","","","","5"
"C:\Users\shiwei.yang\Desktop\dali\PCB_Project\Sheet2.SchDoc","NET_MEMBER","NET_MEMBER@NetK58_BUSH_VDM_S1_5@PIN@AFWAASGM@$$$\AFWAASGM-3","NetK58_BUSH_VDM_S1_5","PIN","K59_SDA_S1.3","K59_SDA_S1","AFWAASGM","$$$\AFWAASGM-3","","","1","3","3","Passive","","","","","","","","","","3"
"C:\Users\shiwei.yang\Desktop\dali\PCB_Project\Sheet2.SchDoc","NET_MEMBER","NET_MEMBER@NetK58_BUSH_VDM_S1_7@PIN@DPJHTTBK@$$$\DPJHTTBK-7","NetK58_BUSH_VDM_S1_7","PIN","K58_BUSH_VDM_S1.7","K58_BUSH_VDM_S1","DPJHTTBK","$$$\DPJHTTBK-7","","","2","7","7","Passive","","","","","","","","","","7"
"C:\Users\shiwei.yang\Desktop\dali\PCB_Project\Sheet2.SchDoc","NET_MEMBER","NET_MEMBER@NetK59_SDA_S1_2@PORT@VDM_S_S1@Output","NetK59_SDA_S1_2","PORT","VDM_S_S1","","","","","","","","","Output","","","","","","","","","CONNECTED","VDM_S_S1"
"C:\Users\shiwei.yang\Desktop\dali\PCB_Project\Sheet2.SchDoc","NET_MEMBER","NET_MEMBER@NetK59_SDA_S1_2@PIN@AFWAASGM@$$$\AFWAASGM-2","NetK59_SDA_S1_2","PIN","K59_SDA_S1.2","K59_SDA_S1","AFWAASGM","$$$\AFWAASGM-2","","","1","2","2","Passive","","","","","","","","","","2"
"C:\Users\shiwei.yang\Desktop\dali\PCB_Project\Sheet2.SchDoc","NET_MEMBER","NET_MEMBER@NetK59_SDA_S1_2@PIN@ISCVRKRL@$$$\ISCVRKRL-1","NetK59_SDA_S1_2","PIN","R_SDA_PU_S1.1","R_SDA_PU_S1","ISCVRKRL","$$$\ISCVRKRL-1","","","1","1","1","Passive","","","","","","","","","","1"
"C:\Users\shiwei.yang\Desktop\dali\PCB_Project\Sheet2.SchDoc","NET_MEMBER","NET_MEMBER@NetK59_SDA_S1_2@PIN@RNHZYEVU@$$$\RNHZYEVU-1","NetK59_SDA_S1_2","PIN","R_SDA_S1.1","R_SDA_S1","RNHZYEVU","$$$\RNHZYEVU-1","","","1","1","1","Passive","","","","","","","","","","1"
"C:\Users\shiwei.yang\Desktop\dali\PCB_Project\Sheet2.SchDoc","NET_MEMBER","NET_MEMBER@NetK59_SDA_S1_2@PIN@ZCCKFECI@$$$\ZCCKFECI-1","NetK59_SDA_S1_2","PIN","TP_VDM_S_S1.1","TP_VDM_S_S1","ZCCKFECI","$$$\ZCCKFECI-1","","","1","1","1","Passive","","","","","","","","","","1"
"C:\Users\shiwei.yang\Desktop\dali\PCB_Project\Sheet2.SchDoc","NET_MEMBER","NET_MEMBER@NetK59_SDA_S1_4@PORT@SDA_S_S1@Output","NetK59_SDA_S1_4","PORT","SDA_S_S1","","","","","","","","","Output","","","","","","","","","CONNECTED","SDA_S_S1"
"C:\Users\shiwei.yang\Desktop\dali\PCB_Project\Sheet2.SchDoc","NET_MEMBER","NET_MEMBER@NetK59_SDA_S1_4@PIN@AFWAASGM@$$$\AFWAASGM-4","NetK59_SDA_S1_4","PIN","K59_SDA_S1.4","K59_SDA_S1","AFWAASGM","$$$\AFWAASGM-4","","","1","4","4","Passive","","","","","","","","","","4"
"C:\Users\shiwei.yang\Desktop\dali\PCB_Project\Sheet2.SchDoc","NET_MEMBER","NET_MEMBER@NetK59_SDA_S1_4@PIN@RNHZYEVU@$$$\RNHZYEVU-2","NetK59_SDA_S1_4","PIN","R_SDA_S1.2","R_SDA_S1","RNHZYEVU","$$$\RNHZYEVU-2","","","1","2","2","Passive","","","","","","","","","","2"
"C:\Users\shiwei.yang\Desktop\dali\PCB_Project\Sheet2.SchDoc","NET_MEMBER","NET_MEMBER@NetK59_SDA_S1_4@PIN@WRZZHQMT@$$$\WRZZHQMT-1","NetK59_SDA_S1_4","PIN","TP_SDA_S_S1.1","TP_SDA_S_S1","WRZZHQMT","$$$\WRZZHQMT-1","","","1","1","1","Passive","","","","","","","","","","1"
"C:\Users\shiwei.yang\Desktop\dali\PCB_Project\Sheet2.SchDoc","NET_MEMBER","NET_MEMBER@NetK59_SDA_S1_5@PORT@S24_P2@I/O","NetK59_SDA_S1_5","PORT","S24_P2","","","","","","","","","I/O","","","","","","","","","CONNECTED","S24_P2"
"C:\Users\shiwei.yang\Desktop\dali\PCB_Project\Sheet2.SchDoc","NET_MEMBER","NET_MEMBER@NetK59_SDA_S1_5@PORT@SDA_F_S1@Output","NetK59_SDA_S1_5","PORT","SDA_F_S1","","","","","","","","","Output","","","","","","","","","CONNECTED","SDA_F_S1"
"C:\Users\shiwei.yang\Desktop\dali\PCB_Project\Sheet2.SchDoc","NET_MEMBER","NET_MEMBER@NetK59_SDA_S1_5@PIN@FHFANXSB@$$$\FHFANXSB-5","NetK59_SDA_S1_5","PIN","K59_SDA_S1.5","K59_SDA_S1","FHFANXSB","$$$\FHFANXSB-5","","","2","5","5","Passive","","","","","","","","","","5"
"C:\Users\shiwei.yang\Desktop\dali\PCB_Project\Sheet2.SchDoc","NET_MEMBER","NET_MEMBER@NetK59_SDA_S1_5@PIN@VHJZGTRR@$$$\VHJZGTRR-2","NetK59_SDA_S1_5","PIN","R_VDM_S1.2","R_VDM_S1","VHJZGTRR","$$$\VHJZGTRR-2","","","1","2","2","Passive","","","","","","","","","","2"
"C:\Users\shiwei.yang\Desktop\dali\PCB_Project\Sheet2.SchDoc","NET_MEMBER","NET_MEMBER@NetK59_SDA_S1_5@PIN@FXSFHXTP@$$$\FXSFHXTP-1","NetK59_SDA_S1_5","PIN","TP_SDA_F_S1.1","TP_SDA_F_S1","FXSFHXTP","$$$\FXSFHXTP-1","","","1","1","1","Passive","","","","","","","","","","1"
"C:\Users\shiwei.yang\Desktop\dali\PCB_Project\Sheet2.SchDoc","NET_MEMBER","NET_MEMBER@NetK59_SDA_S1_7@PORT@S24_P3@I/O","NetK59_SDA_S1_7","PORT","S24_P3","","","","","","","","","I/O","","","","","","","","","CONNECTED","S24_P3"
"C:\Users\shiwei.yang\Desktop\dali\PCB_Project\Sheet2.SchDoc","NET_MEMBER","NET_MEMBER@NetK59_SDA_S1_7@PORT@VDM_F_S1@Output","NetK59_SDA_S1_7","PORT","VDM_F_S1","","","","","","","","","Output","","","","","","","","","CONNECTED","VDM_F_S1"
"C:\Users\shiwei.yang\Desktop\dali\PCB_Project\Sheet2.SchDoc","NET_MEMBER","NET_MEMBER@NetK59_SDA_S1_7@PIN@FHFANXSB@$$$\FHFANXSB-7","NetK59_SDA_S1_7","PIN","K59_SDA_S1.7","K59_SDA_S1","FHFANXSB","$$$\FHFANXSB-7","","","2","7","7","Passive","","","","","","","","","","7"
"C:\Users\shiwei.yang\Desktop\dali\PCB_Project\Sheet2.SchDoc","NET_MEMBER","NET_MEMBER@NetK59_SDA_S1_7@PIN@LWEAPQHZ@$$$\LWEAPQHZ-1","NetK59_SDA_S1_7","PIN","K152_VDM_TMU_S1.1","K152_VDM_TMU_S1","LWEAPQHZ","$$$\LWEAPQHZ-1","","","1","1","COMMON","Passive","","","","","","","","","","1"
"C:\Users\shiwei.yang\Desktop\dali\PCB_Project\Sheet2.SchDoc","NET_MEMBER","NET_MEMBER@NetK59_SDA_S1_7@PIN@VHJZGTRR@$$$\VHJZGTRR-1","NetK59_SDA_S1_7","PIN","R_VDM_S1.1","R_VDM_S1","VHJZGTRR","$$$\VHJZGTRR-1","","","1","1","1","Passive","","","","","","","","","","1"
"C:\Users\shiwei.yang\Desktop\dali\PCB_Project\Sheet2.SchDoc","NET_MEMBER","NET_MEMBER@NetK59_SDA_S1_7@PIN@AJRPWJPI@$$$\AJRPWJPI-1","NetK59_SDA_S1_7","PIN","TP_VDM_F_S1.1","TP_VDM_F_S1","AJRPWJPI","$$$\AJRPWJPI-1","","","1","1","1","Passive","","","","","","","","","","1"
"C:\Users\shiwei.yang\Desktop\dali\PCB_Project\Sheet2.SchDoc","NET_MEMBER","NET_MEMBER@NetK60_BUSL_VCP_S1_2@PIN@ELPABVXF@$$$\ELPABVXF-2","NetK60_BUSL_VCP_S1_2","PIN","K60_BUSL_VCP_S1.2","K60_BUSL_VCP_S1","ELPABVXF","$$$\ELPABVXF-2","","","1","2","2","Passive","","","","","","","","","","2"
"C:\Users\shiwei.yang\Desktop\dali\PCB_Project\Sheet2.SchDoc","NET_MEMBER","NET_MEMBER@NetK60_BUSL_VCP_S1_4@PORT@S5_ACM200_FH8@I/O","NetK60_BUSL_VCP_S1_4","PORT","S5_ACM200_FH8","","","","","","","","","I/O","","","","","","","","","CONNECTED","S5_ACM200_FH8"
"C:\Users\shiwei.yang\Desktop\dali\PCB_Project\Sheet2.SchDoc","NET_MEMBER","NET_MEMBER@NetK60_BUSL_VCP_S1_4@PIN@ELPABVXF@$$$\ELPABVXF-4","NetK60_BUSL_VCP_S1_4","PIN","K60_BUSL_VCP_S1.4","K60_BUSL_VCP_S1","ELPABVXF","$$$\ELPABVXF-4","","","1","4","4","Passive","","","","","","","","","","4"
"C:\Users\shiwei.yang\Desktop\dali\PCB_Project\Sheet2.SchDoc","NET_MEMBER","NET_MEMBER@NetK60_BUSL_VCP_S1_4@PIN@TWFOPUXZ@$$$\TWFOPUXZ-6","NetK60_BUSL_VCP_S1_4","PIN","K61_SW_S1.6","K61_SW_S1","TWFOPUXZ","$$$\TWFOPUXZ-6","","","2","6","6","Passive","","","","","","","","","","6"
"C:\Users\shiwei.yang\Desktop\dali\PCB_Project\Sheet2.SchDoc","NET_MEMBER","NET_MEMBER@NetK60_BUSL_VCP_S1_5@PORT@S5_ACM200_SH8@I/O","NetK60_BUSL_VCP_S1_5","PORT","S5_ACM200_SH8","","","","","","","","","I/O","","","","","","","","","CONNECTED","S5_ACM200_SH8"
"C:\Users\shiwei.yang\Desktop\dali\PCB_Project\Sheet2.SchDoc","NET_MEMBER","NET_MEMBER@NetK60_BUSL_VCP_S1_5@PIN@IIYPXUMS@$$$\IIYPXUMS-5","NetK60_BUSL_VCP_S1_5","PIN","K60_BUSL_VCP_S1.5","K60_BUSL_VCP_S1","IIYPXUMS","$$$\IIYPXUMS-5","","","2","5","5","Passive","","","","","","","","","","5"
"C:\Users\shiwei.yang\Desktop\dali\PCB_Project\Sheet2.SchDoc","NET_MEMBER","NET_MEMBER@NetK60_BUSL_VCP_S1_5@PIN@RJIWJJXF@$$$\RJIWJJXF-3","NetK60_BUSL_VCP_S1_5","PIN","K61_SW_S1.3","K61_SW_S1","RJIWJJXF","$$$\RJIWJJXF-3","","","1","3","3","Passive","","","","","","","","","","3"
"C:\Users\shiwei.yang\Desktop\dali\PCB_Project\Sheet2.SchDoc","NET_MEMBER","NET_MEMBER@NetK60_BUSL_VCP_S1_7@PIN@IIYPXUMS@$$$\IIYPXUMS-7","NetK60_BUSL_VCP_S1_7","PIN","K60_BUSL_VCP_S1.7","K60_BUSL_VCP_S1","IIYPXUMS","$$$\IIYPXUMS-7","","","2","7","7","Passive","","","","","","","","","","7"
"C:\Users\shiwei.yang\Desktop\dali\PCB_Project\Sheet2.SchDoc","NET_MEMBER","NET_MEMBER@NetK61_SW_S1_2@PORT@VCP_S_S1@Output","NetK61_SW_S1_2","PORT","VCP_S_S1","","","","","","","","","Output","","","","","","","","","CONNECTED","VCP_S_S1"
"C:\Users\shiwei.yang\Desktop\dali\PCB_Project\Sheet2.SchDoc","NET_MEMBER","NET_MEMBER@NetK61_SW_S1_2@PIN@RJIWJJXF@$$$\RJIWJJXF-2","NetK61_SW_S1_2","PIN","K61_SW_S1.2","K61_SW_S1","RJIWJJXF","$$$\RJIWJJXF-2","","","1","2","2","Passive","","","","","","","","","","2"
"C:\Users\shiwei.yang\Desktop\dali\PCB_Project\Sheet2.SchDoc","NET_MEMBER","NET_MEMBER@NetK61_SW_S1_2@PIN@XOFOUWRA@$$$\XOFOUWRA-2","NetK61_SW_S1_2","PIN","R_VCP_S1.2","R_VCP_S1","XOFOUWRA","$$$\XOFOUWRA-2","","","1","2","2","Passive","","","","","","","","","","2"
"C:\Users\shiwei.yang\Desktop\dali\PCB_Project\Sheet2.SchDoc","NET_MEMBER","NET_MEMBER@NetK61_SW_S1_2@PIN@SDBKCZAS@$$$\SDBKCZAS-1","NetK61_SW_S1_2","PIN","TP_VCP_S_S1.1","TP_VCP_S_S1","SDBKCZAS","$$$\SDBKCZAS-1","","","1","1","1","Passive","","","","","","","","","","1"
"C:\Users\shiwei.yang\Desktop\dali\PCB_Project\Sheet2.SchDoc","NET_MEMBER","NET_MEMBER@NetK62_BUS_FH_QON_S1_2@PORT@S5_ACM200_FH9@I/O","NetK62_BUS_FH_QON_S1_2","PORT","S5_ACM200_FH9","","","","","","","","","I/O","","","","","","","","","CONNECTED","S5_ACM200_FH9"
"C:\Users\shiwei.yang\Desktop\dali\PCB_Project\Sheet2.SchDoc","NET_MEMBER","NET_MEMBER@NetK62_BUS_FH_QON_S1_2@PIN@MHHANLDE@$$$\MHHANLDE-2","NetK62_BUS_FH_QON_S1_2","PIN","K62_BUS_FH_QON_S1.2","K62_BUS_FH_QON_S1","MHHANLDE","$$$\MHHANLDE-2","","","1","2","NO","Passive","","","","","","","","","","2"
"C:\Users\shiwei.yang\Desktop\dali\PCB_Project\Sheet2.SchDoc","NET_MEMBER","NET_MEMBER@NetK62_BUS_FH_QON_S1_2@PIN@NSPUOKJC@$$$\NSPUOKJC-6","NetK62_BUS_FH_QON_S1_2","PIN","K64_HG1_S1.6","K64_HG1_S1","NSPUOKJC","$$$\NSPUOKJC-6","","","2","6","6","Passive","","","","","","","","","","6"
"C:\Users\shiwei.yang\Desktop\dali\PCB_Project\Sheet2.SchDoc","NET_MEMBER","NET_MEMBER@NetK62_BUS_SH_QON_S1_2@PORT@S5_ACM200_SH9@I/O","NetK62_BUS_SH_QON_S1_2","PORT","S5_ACM200_SH9","","","","","","","","","I/O","","","","","","","","","CONNECTED","S5_ACM200_SH9"
"C:\Users\shiwei.yang\Desktop\dali\PCB_Project\Sheet2.SchDoc","NET_MEMBER","NET_MEMBER@NetK62_BUS_SH_QON_S1_2@PIN@XTLUVTZR@$$$\XTLUVTZR-2","NetK62_BUS_SH_QON_S1_2","PIN","K62_BUS_SH_QON_S1.2","K62_BUS_SH_QON_S1","XTLUVTZR","$$$\XTLUVTZR-2","","","1","2","NO","Passive","","","","","","","","","","2"
"C:\Users\shiwei.yang\Desktop\dali\PCB_Project\Sheet2.SchDoc","NET_MEMBER","NET_MEMBER@NetK62_BUS_SH_QON_S1_2@PIN@EFUVOAWN@$$$\EFUVOAWN-3","NetK62_BUS_SH_QON_S1_2","PIN","K64_HG1_S1.3","K64_HG1_S1","EFUVOAWN","$$$\EFUVOAWN-3","","","1","3","3","Passive","","","","","","","","","","3"
"C:\Users\shiwei.yang\Desktop\dali\PCB_Project\Sheet2.SchDoc","NET_MEMBER","NET_MEMBER@NetK63_SDA_PU_S1_1@PIN@KRFUIGYF@$$$\KRFUIGYF-1","NetK63_SDA_PU_S1_1","PIN","K63_SDA_PU_S1.1","K63_SDA_PU_S1","KRFUIGYF","$$$\KRFUIGYF-1","","","1","1","COMMON","Passive","","","","","","","","","","1"
"C:\Users\shiwei.yang\Desktop\dali\PCB_Project\Sheet2.SchDoc","NET_MEMBER","NET_MEMBER@NetK63_SDA_PU_S1_1@PIN@ISCVRKRL@$$$\ISCVRKRL-2","NetK63_SDA_PU_S1_1","PIN","R_SDA_PU_S1.2","R_SDA_PU_S1","ISCVRKRL","$$$\ISCVRKRL-2","","","1","2","2","Passive","","","","","","","","","","2"
"C:\Users\shiwei.yang\Desktop\dali\PCB_Project\Sheet2.SchDoc","NET_MEMBER","NET_MEMBER@NetK64_HG1_S1_2@PORT@nQON_S_S1@Output","NetK64_HG1_S1_2","PORT","nQON_S_S1","","","","","","","","","Output","","","","","","","","","CONNECTED","nQON_S_S1"
"C:\Users\shiwei.yang\Desktop\dali\PCB_Project\Sheet2.SchDoc","NET_MEMBER","NET_MEMBER@NetK64_HG1_S1_2@PIN@EFUVOAWN@$$$\EFUVOAWN-2","NetK64_HG1_S1_2","PIN","K64_HG1_S1.2","K64_HG1_S1","EFUVOAWN","$$$\EFUVOAWN-2","","","1","2","2","Passive","","","","","","","","","","2"
"C:\Users\shiwei.yang\Desktop\dali\PCB_Project\Sheet2.SchDoc","NET_MEMBER","NET_MEMBER@NetK64_HG1_S1_2@PIN@ZYNCWASP@$$$\ZYNCWASP-1","NetK64_HG1_S1_2","PIN","R_nQON_S1.1","R_nQON_S1","ZYNCWASP","$$$\ZYNCWASP-1","","","1","1","1","Passive","","","","","","","","","","1"
"C:\Users\shiwei.yang\Desktop\dali\PCB_Project\Sheet2.SchDoc","NET_MEMBER","NET_MEMBER@NetK64_HG1_S1_2@PIN@BCMNXOCD@$$$\BCMNXOCD-1","NetK64_HG1_S1_2","PIN","TP_nQON_S_S1.1","TP_nQON_S_S1","BCMNXOCD","$$$\BCMNXOCD-1","","","1","1","1","Passive","","","","","","","","","","1"
"C:\Users\shiwei.yang\Desktop\dali\PCB_Project\Sheet2.SchDoc","NET_MEMBER","NET_MEMBER@NetK64_HG1_S1_5@PORT@HG1_F_S1@Output","NetK64_HG1_S1_5","PORT","HG1_F_S1","","","","","","","","","Output","","","","","","","","","CONNECTED","HG1_F_S1"
"C:\Users\shiwei.yang\Desktop\dali\PCB_Project\Sheet2.SchDoc","NET_MEMBER","NET_MEMBER@NetK64_HG1_S1_5@PIN@NSPUOKJC@$$$\NSPUOKJC-5","NetK64_HG1_S1_5","PIN","K64_HG1_S1.5","K64_HG1_S1","NSPUOKJC","$$$\NSPUOKJC-5","","","2","5","5","Passive","","","","","","","","","","5"
"C:\Users\shiwei.yang\Desktop\dali\PCB_Project\Sheet2.SchDoc","NET_MEMBER","NET_MEMBER@NetK64_HG1_S1_5@PIN@KSKVODCX@$$$\KSKVODCX-1","NetK64_HG1_S1_5","PIN","R_HG1_S1.1","R_HG1_S1","KSKVODCX","$$$\KSKVODCX-1","","","1","1","1","Passive","","","","","","","","","","1"
"C:\Users\shiwei.yang\Desktop\dali\PCB_Project\Sheet2.SchDoc","NET_MEMBER","NET_MEMBER@NetK64_HG1_S1_5@PIN@GEZFWCOX@$$$\GEZFWCOX-1","NetK64_HG1_S1_5","PIN","TP_HG1_F_S1.1","TP_HG1_F_S1","GEZFWCOX","$$$\GEZFWCOX-1","","","1","1","1","Passive","","","","","","","","","","1"
"C:\Users\shiwei.yang\Desktop\dali\PCB_Project\Sheet2.SchDoc","NET_MEMBER","NET_MEMBER@NetK64_HG1_S1_7@PORT@nQON_F_S1@Output","NetK64_HG1_S1_7","PORT","nQON_F_S1","","","","","","","","","Output","","","","","","","","","CONNECTED","nQON_F_S1"
"C:\Users\shiwei.yang\Desktop\dali\PCB_Project\Sheet2.SchDoc","NET_MEMBER","NET_MEMBER@NetK64_HG1_S1_7@PORT@S24_P0@I/O","NetK64_HG1_S1_7","PORT","S24_P0","","","","","","","","","I/O","","","","","","","","","CONNECTED","S24_P0"
"C:\Users\shiwei.yang\Desktop\dali\PCB_Project\Sheet2.SchDoc","NET_MEMBER","NET_MEMBER@NetK64_HG1_S1_7@PIN@NSPUOKJC@$$$\NSPUOKJC-7","NetK64_HG1_S1_7","PIN","K64_HG1_S1.7","K64_HG1_S1","NSPUOKJC","$$$\NSPUOKJC-7","","","2","7","7","Passive","","","","","","","","","","7"
"C:\Users\shiwei.yang\Desktop\dali\PCB_Project\Sheet2.SchDoc","NET_MEMBER","NET_MEMBER@NetK64_HG1_S1_7@PIN@FJKPAYTH@$$$\FJKPAYTH-1","NetK64_HG1_S1_7","PIN","K65_nQON_PU_S1.1","K65_nQON_PU_S1","FJKPAYTH","$$$\FJKPAYTH-1","","","1","1","COMMON","Passive","","","","","","","","","","1"
"C:\Users\shiwei.yang\Desktop\dali\PCB_Project\Sheet2.SchDoc","NET_MEMBER","NET_MEMBER@NetK64_HG1_S1_7@PIN@JQMLARJS@$$$\JQMLARJS-1","NetK64_HG1_S1_7","PIN","K66_TMU_nQON_S1.1","K66_TMU_nQON_S1","JQMLARJS","$$$\JQMLARJS-1","","","1","1","COMMON","Passive","","","","","","","","","","1"
"C:\Users\shiwei.yang\Desktop\dali\PCB_Project\Sheet2.SchDoc","NET_MEMBER","NET_MEMBER@NetK64_HG1_S1_7@PIN@ZYNCWASP@$$$\ZYNCWASP-2","NetK64_HG1_S1_7","PIN","R_nQON_S1.2","R_nQON_S1","ZYNCWASP","$$$\ZYNCWASP-2","","","1","2","2","Passive","","","","","","","","","","2"
"C:\Users\shiwei.yang\Desktop\dali\PCB_Project\Sheet2.SchDoc","NET_MEMBER","NET_MEMBER@NetK64_HG1_S1_7@PIN@LBFRCMWC@$$$\LBFRCMWC-1","NetK64_HG1_S1_7","PIN","TP_nQON_F_S1.1","TP_nQON_F_S1","LBFRCMWC","$$$\LBFRCMWC-1","","","1","1","1","Passive","","","","","","","","","","1"
"C:\Users\shiwei.yang\Desktop\dali\PCB_Project\Sheet2.SchDoc","NET_MEMBER","NET_MEMBER@NetK65_nQON_PU_S1_2@PIN@FJKPAYTH@$$$\FJKPAYTH-2","NetK65_nQON_PU_S1_2","PIN","K65_nQON_PU_S1.2","K65_nQON_PU_S1","FJKPAYTH","$$$\FJKPAYTH-2","","","1","2","NO","Passive","","","","","","","","","","2"
"C:\Users\shiwei.yang\Desktop\dali\PCB_Project\Sheet2.SchDoc","NET_MEMBER","NET_MEMBER@NetK65_nQON_PU_S1_2@PIN@IOCYIUTP@$$$\IOCYIUTP-2","NetK65_nQON_PU_S1_2","PIN","R_nQON_PU_S1.2","R_nQON_PU_S1","IOCYIUTP","$$$\IOCYIUTP-2","","","1","2","2","Passive","","","","","","","","","","2"
"C:\Users\shiwei.yang\Desktop\dali\PCB_Project\Sheet2.SchDoc","NET_MEMBER","NET_MEMBER@NetK68_VCP_F_S1_1@PIN@UAXJYIKU@$$$\UAXJYIKU-1","NetK68_VCP_F_S1_1","PIN","K68_VCP_F_S1.1","K68_VCP_F_S1","UAXJYIKU","$$$\UAXJYIKU-1","","","1","1","COMMON","Passive","","","","","","","","","","1"
"C:\Users\shiwei.yang\Desktop\dali\PCB_Project\Sheet2.SchDoc","NET_MEMBER","NET_MEMBER@NetK68_VCP_F_S1_1@PIN@QZPPWEPT@$$$\QZPPWEPT-1","NetK68_VCP_F_S1_1","PIN","K69_PB5_F_S1.1","K69_PB5_F_S1","QZPPWEPT","$$$\QZPPWEPT-1","","","1","1","COMMON","Passive","","","","","","","","","","1"
"C:\Users\shiwei.yang\Desktop\dali\PCB_Project\Sheet2.SchDoc","NET_MEMBER","NET_MEMBER@NetK68_VCP_F_S1_1@PIN@NVEAJORD@$$$\NVEAJORD-1","NetK68_VCP_F_S1_1","PIN","K70_VAC_F_S1.1","K70_VAC_F_S1","NVEAJORD","$$$\NVEAJORD-1","","","1","1","COMMON","Passive","","","","","","","","","","1"
"C:\Users\shiwei.yang\Desktop\dali\PCB_Project\Sheet2.SchDoc","NET_MEMBER","NET_MEMBER@NetK68_VCP_F_S1_1@PIN@XICWVABU@$$$\XICWVABU-4","NetK68_VCP_F_S1_1","PIN","K82_R_CS_S1S2.4","K82_R_CS_S1S2","XICWVABU","$$$\XICWVABU-4","","","1","4","4","Passive","","","","","","","","","","4"
"C:\Users\shiwei.yang\Desktop\dali\PCB_Project\Sheet2.SchDoc","NET_MEMBER","NET_MEMBER@NetK74_GAIN1_SEL_S1S2_3@PIN@QKKYUPHS@$$$\QKKYUPHS-3","NetK74_GAIN1_SEL_S1S2_3","PIN","K74_GAIN1_SEL_S1S2.3","K74_GAIN1_SEL_S1S2","QKKYUPHS","$$$\QKKYUPHS-3","","","1","3","3","Passive","","","","","","","","","","3"
"C:\Users\shiwei.yang\Desktop\dali\PCB_Project\Sheet2.SchDoc","NET_MEMBER","NET_MEMBER@NetK74_GAIN1_SEL_S1S2_3@PIN@HMRSZTXB@$$$\HMRSZTXB-10","NetK74_GAIN1_SEL_S1S2_3","PIN","U1_S1.10","U1_S1","HMRSZTXB","$$$\HMRSZTXB-10","","","1","10","GAIN1","Passive","","","","","","","","","","10"
"C:\Users\shiwei.yang\Desktop\dali\PCB_Project\Sheet2.SchDoc","NET_MEMBER","NET_MEMBER@NetK75_GAIN2_SEL_S1S2_3@PIN@SUGXGJMJ@$$$\SUGXGJMJ-3","NetK75_GAIN2_SEL_S1S2_3","PIN","K75_GAIN2_SEL_S1S2.3","K75_GAIN2_SEL_S1S2","SUGXGJMJ","$$$\SUGXGJMJ-3","","","1","3","3","Passive","","","","","","","","","","3"
"C:\Users\shiwei.yang\Desktop\dali\PCB_Project\Sheet2.SchDoc","NET_MEMBER","NET_MEMBER@NetK75_GAIN2_SEL_S1S2_3@PIN@HMRSZTXB@$$$\HMRSZTXB-9","NetK75_GAIN2_SEL_S1S2_3","PIN","U1_S1.9","U1_S1","HMRSZTXB","$$$\HMRSZTXB-9","","","1","9","GAIN2","Passive","","","","","","","","","","9"
"C:\Users\shiwei.yang\Desktop\dali\PCB_Project\Sheet2.SchDoc","NET_MEMBER","NET_MEMBER@NetK77_VAC_S_S1_1@PIN@OAKOBOVC@$$$\OAKOBOVC-1","NetK77_VAC_S_S1_1","PIN","K77_VAC_S_S1.1","K77_VAC_S_S1","OAKOBOVC","$$$\OAKOBOVC-1","","","1","1","COMMON","Passive","","","","","","","","","","1"
"C:\Users\shiwei.yang\Desktop\dali\PCB_Project\Sheet2.SchDoc","NET_MEMBER","NET_MEMBER@NetK77_VAC_S_S1_1@PIN@ETXIXTLF@$$$\ETXIXTLF-1","NetK77_VAC_S_S1_1","PIN","K78_PB5_S_S1.1","K78_PB5_S_S1","ETXIXTLF","$$$\ETXIXTLF-1","","","1","1","COMMON","Passive","","","","","","","","","","1"
"C:\Users\shiwei.yang\Desktop\dali\PCB_Project\Sheet2.SchDoc","NET_MEMBER","NET_MEMBER@NetK77_VAC_S_S1_1@PIN@HMRSZTXB@$$$\HMRSZTXB-2","NetK77_VAC_S_S1_1","PIN","U1_S1.2","U1_S1","HMRSZTXB","$$$\HMRSZTXB-2","","","1","2","RS-","Passive","","","","","","","","","","2"
"C:\Users\shiwei.yang\Desktop\dali\PCB_Project\Sheet2.SchDoc","NET_MEMBER","NET_MEMBER@NetK79_KLV_S_S1_1@PIN@UZCRWROK@$$$\UZCRWROK-1","NetK79_KLV_S_S1_1","PIN","K79_KLV_S_S1.1","K79_KLV_S_S1","UZCRWROK","$$$\UZCRWROK-1","","","1","1","COMMON","Passive","","","","","","","","","","1"
"C:\Users\shiwei.yang\Desktop\dali\PCB_Project\Sheet2.SchDoc","NET_MEMBER","NET_MEMBER@NetK79_KLV_S_S1_1@PIN@NJEBRXCH@$$$\NJEBRXCH-1","NetK79_KLV_S_S1_1","PIN","K80_PA5_S_S1.1","K80_PA5_S_S1","NJEBRXCH","$$$\NJEBRXCH-1","","","1","1","COMMON","Passive","","","","","","","","","","1"
"C:\Users\shiwei.yang\Desktop\dali\PCB_Project\Sheet2.SchDoc","NET_MEMBER","NET_MEMBER@NetK79_KLV_S_S1_1@PIN@HMRSZTXB@$$$\HMRSZTXB-1","NetK79_KLV_S_S1_1","PIN","U1_S1.1","U1_S1","HMRSZTXB","$$$\HMRSZTXB-1","","","1","1","RS+","Passive","","","","","","","","","","1"
"C:\Users\shiwei.yang\Desktop\dali\PCB_Project\Sheet2.SchDoc","NET_MEMBER","NET_MEMBER@NetK2_BUF_S1S2_4@PORT@S8_QVM_CH0+@I/O","NetK2_BUF_S1S2_4","PORT","S8_QVM_CH0+","","","","","","","","","I/O","","","","","","","","","CONNECTED","S8_QVM_CH0+"
"C:\Users\shiwei.yang\Desktop\dali\PCB_Project\Sheet2.SchDoc","NET_MEMBER","NET_MEMBER@NetK2_BUF_S1S2_4@PIN@CREZPDMZ@$$$\CREZPDMZ-4","NetK2_BUF_S1S2_4","PIN","K2_BUF_S1S2.4","K2_BUF_S1S2","CREZPDMZ","$$$\CREZPDMZ-4","","","1","4","4","Passive","","","","","","","","","","4"
"C:\Users\shiwei.yang\Desktop\dali\PCB_Project\Sheet2.SchDoc","NET_MEMBER","NET_MEMBER@NetK2_BUF_S1S2_4@PIN@FSVVFNOP@$$$\FSVVFNOP-2","NetK2_BUF_S1S2_4","PIN","K81_AMPOUT_QVM_S1.2","K81_AMPOUT_QVM_S1","FSVVFNOP","$$$\FSVVFNOP-2","","","1","2","NO","Passive","","","","","","","","","","2"
"C:\Users\shiwei.yang\Desktop\dali\PCB_Project\Sheet2.SchDoc","NET_MEMBER","NET_MEMBER@NetK2_BUF_S1S2_4@PIN@SFFZCWYU@$$$\SFFZCWYU-1","NetK2_BUF_S1S2_4","PIN","K136_QVMH_BUS0_S1.1","K136_QVMH_BUS0_S1","SFFZCWYU","$$$\SFFZCWYU-1","","","1","1","COMMON","Passive","","","","","","","","","","1"
"C:\Users\shiwei.yang\Desktop\dali\PCB_Project\Sheet2.SchDoc","NET_MEMBER","NET_MEMBER@NetK2_BUF_S1S2_4@PIN@IEXLXSIS@$$$\IEXLXSIS-1","NetK2_BUF_S1S2_4","PIN","K137_QVMH_BUS1_S1.1","K137_QVMH_BUS1_S1","IEXLXSIS","$$$\IEXLXSIS-1","","","1","1","COMMON","Passive","","","","","","","","","","1"
"C:\Users\shiwei.yang\Desktop\dali\PCB_Project\Sheet2.SchDoc","NET_MEMBER","NET_MEMBER@NetK2_BUF_S1S2_4@PIN@XOJWBTLC@$$$\XOJWBTLC-1","NetK2_BUF_S1S2_4","PIN","TP_BUFOUT_S1.1","TP_BUFOUT_S1","XOJWBTLC","$$$\XOJWBTLC-1","","","1","1","1","Passive","","","","","","","","","","1"
"C:\Users\shiwei.yang\Desktop\dali\PCB_Project\Sheet2.SchDoc","NET_MEMBER","NET_MEMBER@NetK82_R_CS_S1S2_3@PIN@XICWVABU@$$$\XICWVABU-3","NetK82_R_CS_S1S2_3","PIN","K82_R_CS_S1S2.3","K82_R_CS_S1S2","XICWVABU","$$$\XICWVABU-3","","","1","3","3","Passive","","","","","","","","","","3"
"C:\Users\shiwei.yang\Desktop\dali\PCB_Project\Sheet2.SchDoc","NET_TIE_ENDPOINT","NET_TIE_ENDPOINT@NetK82_R_CS_S1S2_3@REXTUFSA@$$$\REXTUFSA-1","NetK82_R_CS_S1S2_3","NET_TIE_PIN","NT1.1","NT1","REXTUFSA","$$$\REXTUFSA-1","NET_TIE","","1","1","net1","Passive","INTENTIONAL_SHORT_MEMBER","SHORT_GROUP_MEMBER","","","","","","","","1"
"C:\Users\shiwei.yang\Desktop\dali\PCB_Project\Sheet2.SchDoc","NET_MEMBER","NET_MEMBER@NetK83_BUSH_PMID_S1_2@PORT@S3_FOVIe_FH1@I/O","NetK83_BUSH_PMID_S1_2","PORT","S3_FOVIe_FH1","","","","","","","","","I/O","","","","","","","","","CONNECTED","S3_FOVIe_FH1"
"C:\Users\shiwei.yang\Desktop\dali\PCB_Project\Sheet2.SchDoc","NET_MEMBER","NET_MEMBER@NetK83_BUSH_PMID_S1_2@PIN@RZEAPGLN@$$$\RZEAPGLN-2","NetK83_BUSH_PMID_S1_2","PIN","K83_BUSH_PMID_S1.2","K83_BUSH_PMID_S1","RZEAPGLN","$$$\RZEAPGLN-2","","","1","2","2","Passive","","","","","","","","","","2"
"C:\Users\shiwei.yang\Desktop\dali\PCB_Project\Sheet2.SchDoc","NET_MEMBER","NET_MEMBER@NetK83_BUSH_PMID_S1_2@PIN@JVZOSWXQ@$$$\JVZOSWXQ-3","NetK83_BUSH_PMID_S1_2","PIN","K84_HG2_S1.3","K84_HG2_S1","JVZOSWXQ","$$$\JVZOSWXQ-3","","","1","3","3","Passive","","","","","","","","","","3"
"C:\Users\shiwei.yang\Desktop\dali\PCB_Project\Sheet2.SchDoc","NET_MEMBER","NET_MEMBER@NetK83_BUSH_PMID_S1_4@PIN@RZEAPGLN@$$$\RZEAPGLN-4","NetK83_BUSH_PMID_S1_4","PIN","K83_BUSH_PMID_S1.4","K83_BUSH_PMID_S1","RZEAPGLN","$$$\RZEAPGLN-4","","","1","4","4","Passive","","","","","","","","","","4"
"C:\Users\shiwei.yang\Desktop\dali\PCB_Project\Sheet2.SchDoc","NET_MEMBER","NET_MEMBER@NetK83_BUSH_PMID_S1_5@PORT@S3_FOVIe_SH1@I/O","NetK83_BUSH_PMID_S1_5","PORT","S3_FOVIe_SH1","","","","","","","","","I/O","","","","","","","","","CONNECTED","S3_FOVIe_SH1"
"C:\Users\shiwei.yang\Desktop\dali\PCB_Project\Sheet2.SchDoc","NET_MEMBER","NET_MEMBER@NetK83_BUSH_PMID_S1_5@PIN@HMLCELOX@$$$\HMLCELOX-5","NetK83_BUSH_PMID_S1_5","PIN","K83_BUSH_PMID_S1.5","K83_BUSH_PMID_S1","HMLCELOX","$$$\HMLCELOX-5","","","2","5","5","Passive","","","","","","","","","","5"
"C:\Users\shiwei.yang\Desktop\dali\PCB_Project\Sheet2.SchDoc","NET_MEMBER","NET_MEMBER@NetK83_BUSH_PMID_S1_5@PIN@YRTRPLQO@$$$\YRTRPLQO-6","NetK83_BUSH_PMID_S1_5","PIN","K84_HG2_S1.6","K84_HG2_S1","YRTRPLQO","$$$\YRTRPLQO-6","","","2","6","6","Passive","","","","","","","","","","6"
"C:\Users\shiwei.yang\Desktop\dali\PCB_Project\Sheet2.SchDoc","NET_MEMBER","NET_MEMBER@NetK83_BUSH_PMID_S1_7@PIN@HMLCELOX@$$$\HMLCELOX-7","NetK83_BUSH_PMID_S1_7","PIN","K83_BUSH_PMID_S1.7","K83_BUSH_PMID_S1","HMLCELOX","$$$\HMLCELOX-7","","","2","7","7","Passive","","","","","","","","","","7"
"C:\Users\shiwei.yang\Desktop\dali\PCB_Project\Sheet2.SchDoc","NET_MEMBER","NET_MEMBER@NetK84_HG2_S1_5@PORT@HG2_S_S1@Output","NetK84_HG2_S1_5","PORT","HG2_S_S1","","","","","","","","","Output","","","","","","","","","CONNECTED","HG2_S_S1"
"C:\Users\shiwei.yang\Desktop\dali\PCB_Project\Sheet2.SchDoc","NET_MEMBER","NET_MEMBER@NetK84_HG2_S1_5@PIN@YRTRPLQO@$$$\YRTRPLQO-5","NetK84_HG2_S1_5","PIN","K84_HG2_S1.5","K84_HG2_S1","YRTRPLQO","$$$\YRTRPLQO-5","","","2","5","5","Passive","","","","","","","","","","5"
"C:\Users\shiwei.yang\Desktop\dali\PCB_Project\Sheet2.SchDoc","NET_MEMBER","NET_MEMBER@NetK84_HG2_S1_5@PIN@PNWEPIHO@$$$\PNWEPIHO-2","NetK84_HG2_S1_5","PIN","R_HG2_S1.2","R_HG2_S1","PNWEPIHO","$$$\PNWEPIHO-2","","","1","2","2","Passive","","","","","","","","","","2"
"C:\Users\shiwei.yang\Desktop\dali\PCB_Project\Sheet2.SchDoc","NET_MEMBER","NET_MEMBER@NetK84_HG2_S1_5@PIN@TXUHYNDF@$$$\TXUHYNDF-1","NetK84_HG2_S1_5","PIN","TP_HG2_S_S1.1","TP_HG2_S_S1","TXUHYNDF","$$$\TXUHYNDF-1","","","1","1","1","Passive","","","","","","","","","","1"
"C:\Users\shiwei.yang\Desktop\dali\PCB_Project\Sheet2.SchDoc","NET_MEMBER","NET_MEMBER@NetK84_HG2_S1_7@PORT@PMID_S_S1@Output","NetK84_HG2_S1_7","PORT","PMID_S_S1","","","","","","","","","Output","","","","","","","","","CONNECTED","PMID_S_S1"
"C:\Users\shiwei.yang\Desktop\dali\PCB_Project\Sheet2.SchDoc","NET_MEMBER","NET_MEMBER@NetK84_HG2_S1_7@PIN@YRTRPLQO@$$$\YRTRPLQO-7","NetK84_HG2_S1_7","PIN","K84_HG2_S1.7","K84_HG2_S1","YRTRPLQO","$$$\YRTRPLQO-7","","","2","7","7","Passive","","","","","","","","","","7"
"C:\Users\shiwei.yang\Desktop\dali\PCB_Project\Sheet2.SchDoc","NET_MEMBER","NET_MEMBER@NetK84_HG2_S1_7@PIN@WMLTAADE@$$$\WMLTAADE-2","NetK84_HG2_S1_7","PIN","R_PMID_KLV_S1.2","R_PMID_KLV_S1","WMLTAADE","$$$\WMLTAADE-2","","","1","2","2","Passive","","","","","","","","","","2"
"C:\Users\shiwei.yang\Desktop\dali\PCB_Project\Sheet2.SchDoc","NET_MEMBER","NET_MEMBER@NetK84_HG2_S1_7@PIN@OIRYHNWT@$$$\OIRYHNWT-1","NetK84_HG2_S1_7","PIN","TP_PMID_S_S1.1","TP_PMID_S_S1","OIRYHNWT","$$$\OIRYHNWT-1","","","1","1","1","Passive","","","","","","","","","","1"
"C:\Users\shiwei.yang\Desktop\dali\PCB_Project\Sheet2.SchDoc","NET_MEMBER","NET_MEMBER@NetK85_CAP_PMID_S1S2_2@PIN@TCRWINTX@$$$\TCRWINTX-2","NetK85_CAP_PMID_S1S2_2","PIN","K85_CAP_PMID_S1S2.2","K85_CAP_PMID_S1S2","TCRWINTX","$$$\TCRWINTX-2","","","1","2","2","Passive","","","","","","","","","","2"
"C:\Users\shiwei.yang\Desktop\dali\PCB_Project\Sheet2.SchDoc","NET_MEMBER","NET_MEMBER@NetK85_CAP_PMID_S1S2_2@PIN@ECYSYZMD@$$$\ECYSYZMD-1","NetK85_CAP_PMID_S1S2_2","PIN","R_PMID_S1.1","R_PMID_S1","ECYSYZMD","$$$\ECYSYZMD-1","","","1","1","1","Passive","","","","","","","","","","1"
"C:\Users\shiwei.yang\Desktop\dali\PCB_Project\Sheet2.SchDoc","NET_MEMBER","NET_MEMBER@NetK86_KELVIN0_F_S1_1@PORT@S1_FPVIe_SH0@I/O","NetK86_KELVIN0_F_S1_1","PORT","S1_FPVIe_SH0","","","","","","","","","I/O","","","","","","","","","CONNECTED","S1_FPVIe_SH0"
"C:\Users\shiwei.yang\Desktop\dali\PCB_Project\Sheet2.SchDoc","NET_MEMBER","NET_MEMBER@NetK86_KELVIN0_F_S1_1@PIN@KLBWNOYA@$$$\KLBWNOYA-1","NetK86_KELVIN0_F_S1_1","PIN","K86_KELVIN0_F_S1.1","K86_KELVIN0_F_S1","KLBWNOYA","$$$\KLBWNOYA-1","","","1","1","COMMON","Passive","","","","","","","","","","1"
"C:\Users\shiwei.yang\Desktop\dali\PCB_Project\Sheet2.SchDoc","NET_MEMBER","NET_MEMBER@NetK86_KELVIN0_F_S1_1@PIN@DTCTDUKQ@$$$\DTCTDUKQ-3","NetK86_KELVIN0_F_S1_1","PIN","K88_KELVIN0_S1.3","K88_KELVIN0_S1","DTCTDUKQ","$$$\DTCTDUKQ-3","","","1","3","3","Passive","","","","","","","","","","3"
"C:\Users\shiwei.yang\Desktop\dali\PCB_Project\Sheet2.SchDoc","NET_MEMBER","NET_MEMBER@NetK86_KELVIN0_F_S1_2@PORT@S1_FPVIe_FH0@I/O","NetK86_KELVIN0_F_S1_2","PORT","S1_FPVIe_FH0","","","","","","","","","I/O","","","","","","","","","CONNECTED","S1_FPVIe_FH0"
"C:\Users\shiwei.yang\Desktop\dali\PCB_Project\Sheet2.SchDoc","NET_MEMBER","NET_MEMBER@NetK86_KELVIN0_F_S1_2@PIN@KLBWNOYA@$$$\KLBWNOYA-2","NetK86_KELVIN0_F_S1_2","PIN","K86_KELVIN0_F_S1.2","K86_KELVIN0_F_S1","KLBWNOYA","$$$\KLBWNOYA-2","","","1","2","NO","Passive","","","","","","","","","","2"
"C:\Users\shiwei.yang\Desktop\dali\PCB_Project\Sheet2.SchDoc","NET_MEMBER","NET_MEMBER@NetK86_KELVIN0_F_S1_2@PIN@HWCXOZEY@$$$\HWCXOZEY-3","NetK86_KELVIN0_F_S1_2","PIN","K87_KELVIN0_S1S2.3","K87_KELVIN0_S1S2","HWCXOZEY","$$$\HWCXOZEY-3","","","1","3","3","Passive","","","","","","","","","","3"
"C:\Users\shiwei.yang\Desktop\dali\PCB_Project\Sheet2.SchDoc","NET_MEMBER","NET_MEMBER@NetK86_KELVIN0_S_S1_1@PORT@S1_FPVIe_SL0@I/O","NetK86_KELVIN0_S_S1_1","PORT","S1_FPVIe_SL0","","","","","","","","","I/O","","","","","","","","","CONNECTED","S1_FPVIe_SL0"
"C:\Users\shiwei.yang\Desktop\dali\PCB_Project\Sheet2.SchDoc","NET_MEMBER","NET_MEMBER@NetK86_KELVIN0_S_S1_1@PIN@DOLNYRTX@$$$\DOLNYRTX-1","NetK86_KELVIN0_S_S1_1","PIN","K86_KELVIN0_S_S1.1","K86_KELVIN0_S_S1","DOLNYRTX","$$$\DOLNYRTX-1","","","1","1","COMMON","Passive","","","","","","","","","","1"
"C:\Users\shiwei.yang\Desktop\dali\PCB_Project\Sheet2.SchDoc","NET_MEMBER","NET_MEMBER@NetK86_KELVIN0_S_S1_1@PIN@HYGXIGSG@$$$\HYGXIGSG-6","NetK86_KELVIN0_S_S1_1","PIN","K88_KELVIN0_S1.6","K88_KELVIN0_S1","HYGXIGSG","$$$\HYGXIGSG-6","","","2","6","6","Passive","","","","","","","","","","6"
"C:\Users\shiwei.yang\Desktop\dali\PCB_Project\Sheet2.SchDoc","NET_MEMBER","NET_MEMBER@NetK86_KELVIN0_S_S1_2@PORT@S1_FPVIe_FL0@I/O","NetK86_KELVIN0_S_S1_2","PORT","S1_FPVIe_FL0","","","","","","","","","I/O","","","","","","","","","CONNECTED","S1_FPVIe_FL0"
"C:\Users\shiwei.yang\Desktop\dali\PCB_Project\Sheet2.SchDoc","NET_MEMBER","NET_MEMBER@NetK86_KELVIN0_S_S1_2@PIN@DOLNYRTX@$$$\DOLNYRTX-2","NetK86_KELVIN0_S_S1_2","PIN","K86_KELVIN0_S_S1.2","K86_KELVIN0_S_S1","DOLNYRTX","$$$\DOLNYRTX-2","","","1","2","NO","Passive","","","","","","","","","","2"
"C:\Users\shiwei.yang\Desktop\dali\PCB_Project\Sheet2.SchDoc","NET_MEMBER","NET_MEMBER@NetK86_KELVIN0_S_S1_2@PIN@AVROULZK@$$$\AVROULZK-3","NetK86_KELVIN0_S_S1_2","PIN","K89_KELVIN0_S1S2.3","K89_KELVIN0_S1S2","AVROULZK","$$$\AVROULZK-3","","","1","3","3","Passive","","","","","","","","","","3"
"C:\Users\shiwei.yang\Desktop\dali\PCB_Project\Sheet2.SchDoc","NET_MEMBER","NET_MEMBER@NetK87_KELVIN0_S1S2_4@PIN@HWCXOZEY@$$$\HWCXOZEY-4","NetK87_KELVIN0_S1S2_4","PIN","K87_KELVIN0_S1S2.4","K87_KELVIN0_S1S2","HWCXOZEY","$$$\HWCXOZEY-4","","","1","4","4","Passive","","","","","","","","","","4"
"C:\Users\shiwei.yang\Desktop\dali\PCB_Project\Sheet2.SchDoc","NET_MEMBER","NET_MEMBER@NetK87_KELVIN0_S1S2_4@PIN@VEYMFEHZ@$$$\VEYMFEHZ-3","NetK87_KELVIN0_S1S2_4","PIN","K90_PC0_Force_S1.3","K90_PC0_Force_S1","VEYMFEHZ","$$$\VEYMFEHZ-3","","","1","3","3","Passive","","","","","","","","","","3"
"C:\Users\shiwei.yang\Desktop\dali\PCB_Project\Sheet2.SchDoc","NET_MEMBER","NET_MEMBER@NetK88_KELVIN0_S1_4@PIN@DTCTDUKQ@$$$\DTCTDUKQ-4","NetK88_KELVIN0_S1_4","PIN","K88_KELVIN0_S1.4","K88_KELVIN0_S1","DTCTDUKQ","$$$\DTCTDUKQ-4","","","1","4","4","Passive","","","","","","","","","","4"
"C:\Users\shiwei.yang\Desktop\dali\PCB_Project\Sheet2.SchDoc","NET_MEMBER","NET_MEMBER@NetK88_KELVIN0_S1_4@PIN@IFZWVOZR@$$$\IFZWVOZR-3","NetK88_KELVIN0_S1_4","PIN","K91_PC0_Sense_S1.3","K91_PC0_Sense_S1","IFZWVOZR","$$$\IFZWVOZR-3","","","1","3","3","Passive","","","","","","","","","","3"
"C:\Users\shiwei.yang\Desktop\dali\PCB_Project\Sheet2.SchDoc","NET_MEMBER","NET_MEMBER@NetK88_KELVIN0_S1_5@PIN@HYGXIGSG@$$$\HYGXIGSG-5","NetK88_KELVIN0_S1_5","PIN","K88_KELVIN0_S1.5","K88_KELVIN0_S1","HYGXIGSG","$$$\HYGXIGSG-5","","","2","5","5","Passive","","","","","","","","","","5"
"C:\Users\shiwei.yang\Desktop\dali\PCB_Project\Sheet2.SchDoc","NET_MEMBER","NET_MEMBER@NetK88_KELVIN0_S1_5@PIN@MXDSTKTR@$$$\MXDSTKTR-6","NetK88_KELVIN0_S1_5","PIN","K91_PC0_Sense_S1.6","K91_PC0_Sense_S1","MXDSTKTR","$$$\MXDSTKTR-6","","","2","6","6","Passive","","","","","","","","","","6"
"C:\Users\shiwei.yang\Desktop\dali\PCB_Project\Sheet2.SchDoc","NET_MEMBER","NET_MEMBER@NetK89_KELVIN0_S1S2_4@PIN@AVROULZK@$$$\AVROULZK-4","NetK89_KELVIN0_S1S2_4","PIN","K89_KELVIN0_S1S2.4","K89_KELVIN0_S1S2","AVROULZK","$$$\AVROULZK-4","","","1","4","4","Passive","","","","","","","","","","4"
"C:\Users\shiwei.yang\Desktop\dali\PCB_Project\Sheet2.SchDoc","NET_MEMBER","NET_MEMBER@NetK89_KELVIN0_S1S2_4@PIN@SPPLLCUF@$$$\SPPLLCUF-6","NetK89_KELVIN0_S1S2_4","PIN","K90_PC0_Force_S1.6","K90_PC0_Force_S1","SPPLLCUF","$$$\SPPLLCUF-6","","","2","6","6","Passive","","","","","","","","","","6"
"C:\Users\shiwei.yang\Desktop\dali\PCB_Project\Sheet2.SchDoc","NET_MEMBER","NET_MEMBER@NetK91_PC0_Sense_S1_2@PIN@IFZWVOZR@$$$\IFZWVOZR-2","NetK91_PC0_Sense_S1_2","PIN","K91_PC0_Sense_S1.2","K91_PC0_Sense_S1","IFZWVOZR","$$$\IFZWVOZR-2","","","1","2","2","Passive","","","","","","","","","","2"
"C:\Users\shiwei.yang\Desktop\dali\PCB_Project\Sheet2.SchDoc","NET_MEMBER","NET_MEMBER@NetK91_PC0_Sense_S1_7@PIN@MXDSTKTR@$$$\MXDSTKTR-7","NetK91_PC0_Sense_S1_7","PIN","K91_PC0_Sense_S1.7","K91_PC0_Sense_S1","MXDSTKTR","$$$\MXDSTKTR-7","","","2","7","7","Passive","","","","","","","","","","7"
"C:\Users\shiwei.yang\Desktop\dali\PCB_Project\Sheet2.SchDoc","NET_MEMBER","NET_MEMBER@NetK92_AGND_F2S_S1_2@PORT@AGND_S_S1@I/O","NetK92_AGND_F2S_S1_2","PORT","AGND_S_S1","","","","","","","","","I/O","","","","","","","","","CONNECTED","AGND_S_S1"
"C:\Users\shiwei.yang\Desktop\dali\PCB_Project\Sheet2.SchDoc","NET_MEMBER","NET_MEMBER@NetK92_AGND_F2S_S1_2@PORT@AGND_S_S1@Output","NetK92_AGND_F2S_S1_2","PORT","AGND_S_S1","","","","","","","","","Output","","","","","","","","","CONNECTED","AGND_S_S1"
"C:\Users\shiwei.yang\Desktop\dali\PCB_Project\Sheet2.SchDoc","NET_MEMBER","NET_MEMBER@NetK92_AGND_F2S_S1_2@PORT@S3_FOVIe_SL(0-3)@I/O","NetK92_AGND_F2S_S1_2","PORT","S3_FOVIe_SL(0-3)","","","","","","","","","I/O","","","","","","","","","CONNECTED","S3_FOVIe_SL(0-3)"
"C:\Users\shiwei.yang\Desktop\dali\PCB_Project\Sheet2.SchDoc","NET_MEMBER","NET_MEMBER@NetK92_AGND_F2S_S1_2@PORT@S3_FOVIe_SL(4-7)@I/O","NetK92_AGND_F2S_S1_2","PORT","S3_FOVIe_SL(4-7)","","","","","","","","","I/O","","","","","","","","","CONNECTED","S3_FOVIe_SL(4-7)"
"C:\Users\shiwei.yang\Desktop\dali\PCB_Project\Sheet2.SchDoc","NET_MEMBER","NET_MEMBER@NetK92_AGND_F2S_S1_2@PORT@S5_ACM200_SL(0-5)@I/O","NetK92_AGND_F2S_S1_2","PORT","S5_ACM200_SL(0-5)","","","","","","","","","I/O","","","","","","","","","CONNECTED","S5_ACM200_SL(0-5)"
"C:\Users\shiwei.yang\Desktop\dali\PCB_Project\Sheet2.SchDoc","NET_MEMBER","NET_MEMBER@NetK92_AGND_F2S_S1_2@PORT@S5_ACM200_SL(6-11)@I/O","NetK92_AGND_F2S_S1_2","PORT","S5_ACM200_SL(6-11)","","","","","","","","","I/O","","","","","","","","","CONNECTED","S5_ACM200_SL(6-11)"
"C:\Users\shiwei.yang\Desktop\dali\PCB_Project\Sheet2.SchDoc","NET_MEMBER","NET_MEMBER@NetK92_AGND_F2S_S1_2@PORT@S5_ACM200_SL(12-17)@I/O","NetK92_AGND_F2S_S1_2","PORT","S5_ACM200_SL(12-17)","","","","","","","","","I/O","","","","","","","","","CONNECTED","S5_ACM200_SL(12-17)"
"C:\Users\shiwei.yang\Desktop\dali\PCB_Project\Sheet2.SchDoc","NET_MEMBER","NET_MEMBER@NetK92_AGND_F2S_S1_2@PORT@S5_ACM200_SL(18-23)@I/O","NetK92_AGND_F2S_S1_2","PORT","S5_ACM200_SL(18-23)","","","","","","","","","I/O","","","","","","","","","CONNECTED","S5_ACM200_SL(18-23)"
"C:\Users\shiwei.yang\Desktop\dali\PCB_Project\Sheet2.SchDoc","NET_MEMBER","NET_MEMBER@NetK92_AGND_F2S_S1_2@PIN@OXWRPCFQ@$$$\OXWRPCFQ-2","NetK92_AGND_F2S_S1_2","PIN","K92_AGND_F2S_S1.2","K92_AGND_F2S_S1","OXWRPCFQ","$$$\OXWRPCFQ-2","","","1","2","NO","Passive","","","","","","","","","","2"
"C:\Users\shiwei.yang\Desktop\dali\PCB_Project\Sheet2.SchDoc","NET_MEMBER","NET_MEMBER@NetK92_AGND_F2S_S1_2@PIN@TLOEXHBO@$$$\TLOEXHBO-6","NetK92_AGND_F2S_S1_2","PIN","K93_AGND2PGND_S1.6","K93_AGND2PGND_S1","TLOEXHBO","$$$\TLOEXHBO-6","","","2","6","6","Passive","","","","","","","","","","6"
"C:\Users\shiwei.yang\Desktop\dali\PCB_Project\Sheet2.SchDoc","NET_MEMBER","NET_MEMBER@NetK92_AGND_F2S_S1_2@PIN@WCUFQTVL@$$$\WCUFQTVL-2","NetK92_AGND_F2S_S1_2","PIN","K140_QVML_AGND_S1.2","K140_QVML_AGND_S1","WCUFQTVL","$$$\WCUFQTVL-2","","","1","2","NO","Passive","","","","","","","","","","2"
"C:\Users\shiwei.yang\Desktop\dali\PCB_Project\Sheet2.SchDoc","NET_MEMBER","NET_MEMBER@NetK93_AGND2PGND_S1_2@PIN@SUFTKYKT@$$$\SUFTKYKT-2","NetK93_AGND2PGND_S1_2","PIN","K93_AGND2PGND_S1.2","K93_AGND2PGND_S1","SUFTKYKT","$$$\SUFTKYKT-2","","","1","2","2","Passive","","","","","","","","","","2"
"C:\Users\shiwei.yang\Desktop\dali\PCB_Project\Sheet2.SchDoc","NET_MEMBER","NET_MEMBER@NetK93_AGND2PGND_S1_4@PORT@PGND_F_S1@Output","NetK93_AGND2PGND_S1_4","PORT","PGND_F_S1","","","","","","","","","Output","","","","","","","","","CONNECTED","PGND_F_S1"
"C:\Users\shiwei.yang\Desktop\dali\PCB_Project\Sheet2.SchDoc","NET_MEMBER","NET_MEMBER@NetK93_AGND2PGND_S1_4@PIN@SUFTKYKT@$$$\SUFTKYKT-4","NetK93_AGND2PGND_S1_4","PIN","K93_AGND2PGND_S1.4","K93_AGND2PGND_S1","SUFTKYKT","$$$\SUFTKYKT-4","","","1","4","4","Passive","","","","","","","","","","4"
"C:\Users\shiwei.yang\Desktop\dali\PCB_Project\Sheet2.SchDoc","NET_MEMBER","NET_MEMBER@NetK93_AGND2PGND_S1_4@PIN@GFFROEGO@$$$\GFFROEGO-4","NetK93_AGND2PGND_S1_4","PIN","K155_FOVI_PGND_S1.4","K155_FOVI_PGND_S1","GFFROEGO","$$$\GFFROEGO-4","","","1","4","4","Passive","","","","","","","","","","4"
"C:\Users\shiwei.yang\Desktop\dali\PCB_Project\Sheet2.SchDoc","NET_MEMBER","NET_MEMBER@NetK93_AGND2PGND_S1_4@PIN@NBYYBKNF@$$$\NBYYBKNF-1","NetK93_AGND2PGND_S1_4","PIN","R_PGND_S1.1","R_PGND_S1","NBYYBKNF","$$$\NBYYBKNF-1","","","1","1","1","Passive","","","","","","","","","","1"
"C:\Users\shiwei.yang\Desktop\dali\PCB_Project\Sheet2.SchDoc","NET_MEMBER","NET_MEMBER@NetK93_AGND2PGND_S1_4@PIN@VZOMKNXR@$$$\VZOMKNXR-1","NetK93_AGND2PGND_S1_4","PIN","TP_PGND_F_S1.1","TP_PGND_F_S1","VZOMKNXR","$$$\VZOMKNXR-1","","","1","1","1","Passive","","","","","","","","","","1"
"C:\Users\shiwei.yang\Desktop\dali\PCB_Project\Sheet2.SchDoc","NET_MEMBER","NET_MEMBER@NetK93_AGND2PGND_S1_5@PORT@PGND_S_S1@Output","NetK93_AGND2PGND_S1_5","PORT","PGND_S_S1","","","","","","","","","Output","","","","","","","","","CONNECTED","PGND_S_S1"
"C:\Users\shiwei.yang\Desktop\dali\PCB_Project\Sheet2.SchDoc","NET_MEMBER","NET_MEMBER@NetK93_AGND2PGND_S1_5@PIN@TLOEXHBO@$$$\TLOEXHBO-5","NetK93_AGND2PGND_S1_5","PIN","K93_AGND2PGND_S1.5","K93_AGND2PGND_S1","TLOEXHBO","$$$\TLOEXHBO-5","","","2","5","5","Passive","","","","","","","","","","5"
"C:\Users\shiwei.yang\Desktop\dali\PCB_Project\Sheet2.SchDoc","NET_MEMBER","NET_MEMBER@NetK93_AGND2PGND_S1_5@PIN@MLDRPDMJ@$$$\MLDRPDMJ-5","NetK93_AGND2PGND_S1_5","PIN","K155_FOVI_PGND_S1.5","K155_FOVI_PGND_S1","MLDRPDMJ","$$$\MLDRPDMJ-5","","","2","5","5","Passive","","","","","","","","","","5"
"C:\Users\shiwei.yang\Desktop\dali\PCB_Project\Sheet2.SchDoc","NET_MEMBER","NET_MEMBER@NetK93_AGND2PGND_S1_5@PIN@KFDNKDEE@$$$\KFDNKDEE-1","NetK93_AGND2PGND_S1_5","PIN","R_AMUX_S1.1","R_AMUX_S1","KFDNKDEE","$$$\KFDNKDEE-1","","","1","1","1","Passive","","","","","","","","","","1"
"C:\Users\shiwei.yang\Desktop\dali\PCB_Project\Sheet2.SchDoc","NET_MEMBER","NET_MEMBER@NetK93_AGND2PGND_S1_5@PIN@NBYYBKNF@$$$\NBYYBKNF-2","NetK93_AGND2PGND_S1_5","PIN","R_PGND_S1.2","R_PGND_S1","NBYYBKNF","$$$\NBYYBKNF-2","","","1","2","2","Passive","","","","","","","","","","2"
"C:\Users\shiwei.yang\Desktop\dali\PCB_Project\Sheet2.SchDoc","NET_MEMBER","NET_MEMBER@NetK93_AGND2PGND_S1_5@PIN@GHNHSTQK@$$$\GHNHSTQK-1","NetK93_AGND2PGND_S1_5","PIN","TP_PGND_S_S1.1","TP_PGND_S_S1","GHNHSTQK","$$$\GHNHSTQK-1","","","1","1","1","Passive","","","","","","","","","","1"
"C:\Users\shiwei.yang\Desktop\dali\PCB_Project\Sheet2.SchDoc","NET_MEMBER","NET_MEMBER@NetK93_AGND2PGND_S1_7@PIN@TLOEXHBO@$$$\TLOEXHBO-7","NetK93_AGND2PGND_S1_7","PIN","K93_AGND2PGND_S1.7","K93_AGND2PGND_S1","TLOEXHBO","$$$\TLOEXHBO-7","","","2","7","7","Passive","","","","","","","","","","7"
"C:\Users\shiwei.yang\Desktop\dali\PCB_Project\Sheet2.SchDoc","NET_MEMBER","NET_MEMBER@NetK94_BUS_FL_PC8_S1_2@PORT@S5_ACM200_FH12@I/O","NetK94_BUS_FL_PC8_S1_2","PORT","S5_ACM200_FH12","","","","","","","","","I/O","","","","","","","","","CONNECTED","S5_ACM200_FH12"
"C:\Users\shiwei.yang\Desktop\dali\PCB_Project\Sheet2.SchDoc","NET_MEMBER","NET_MEMBER@NetK94_BUS_FL_PC8_S1_2@PIN@ECWLUSQT@$$$\ECWLUSQT-2","NetK94_BUS_FL_PC8_S1_2","PIN","K94_BUS_FL_PC8_S1.2","K94_BUS_FL_PC8_S1","ECWLUSQT","$$$\ECWLUSQT-2","","","1","2","NO","Passive","","","","","","","","","","2"
"C:\Users\shiwei.yang\Desktop\dali\PCB_Project\Sheet2.SchDoc","NET_MEMBER","NET_MEMBER@NetK94_BUS_FL_PC8_S1_2@PIN@VVVWVKGY@$$$\VVVWVKGY-6","NetK94_BUS_FL_PC8_S1_2","PIN","K95_PC6_S1.6","K95_PC6_S1","VVVWVKGY","$$$\VVVWVKGY-6","","","2","6","6","Passive","","","","","","","","","","6"
"C:\Users\shiwei.yang\Desktop\dali\PCB_Project\Sheet2.SchDoc","NET_MEMBER","NET_MEMBER@NetK94_BUS_SL_PC8_S1_2@PORT@S5_ACM200_SH12@I/O","NetK94_BUS_SL_PC8_S1_2","PORT","S5_ACM200_SH12","","","","","","","","","I/O","","","","","","","","","CONNECTED","S5_ACM200_SH12"
"C:\Users\shiwei.yang\Desktop\dali\PCB_Project\Sheet2.SchDoc","NET_MEMBER","NET_MEMBER@NetK94_BUS_SL_PC8_S1_2@PIN@XFGNZOJF@$$$\XFGNZOJF-2","NetK94_BUS_SL_PC8_S1_2","PIN","K94_BUS_SL_PC8_S1.2","K94_BUS_SL_PC8_S1","XFGNZOJF","$$$\XFGNZOJF-2","","","1","2","NO","Passive","","","","","","","","","","2"
"C:\Users\shiwei.yang\Desktop\dali\PCB_Project\Sheet2.SchDoc","NET_MEMBER","NET_MEMBER@NetK94_BUS_SL_PC8_S1_2@PIN@BSGHAWFF@$$$\BSGHAWFF-3","NetK94_BUS_SL_PC8_S1_2","PIN","K95_PC6_S1.3","K95_PC6_S1","BSGHAWFF","$$$\BSGHAWFF-3","","","1","3","3","Passive","","","","","","","","","","3"
"C:\Users\shiwei.yang\Desktop\dali\PCB_Project\Sheet2.SchDoc","NET_MEMBER","NET_MEMBER@NetK95_PC6_S1_2@PORT@PC8_S_S1@Output","NetK95_PC6_S1_2","PORT","PC8_S_S1","","","","","","","","","Output","","","","","","","","","CONNECTED","PC8_S_S1"
"C:\Users\shiwei.yang\Desktop\dali\PCB_Project\Sheet2.SchDoc","NET_MEMBER","NET_MEMBER@NetK95_PC6_S1_2@PIN@BSGHAWFF@$$$\BSGHAWFF-2","NetK95_PC6_S1_2","PIN","K95_PC6_S1.2","K95_PC6_S1","BSGHAWFF","$$$\BSGHAWFF-2","","","1","2","2","Passive","","","","","","","","","","2"
"C:\Users\shiwei.yang\Desktop\dali\PCB_Project\Sheet2.SchDoc","NET_MEMBER","NET_MEMBER@NetK95_PC6_S1_2@PIN@FMFBHNUB@$$$\FMFBHNUB-2","NetK95_PC6_S1_2","PIN","R_PC8_S1.2","R_PC8_S1","FMFBHNUB","$$$\FMFBHNUB-2","","","1","2","2","Passive","","","","","","","","","","2"
"C:\Users\shiwei.yang\Desktop\dali\PCB_Project\Sheet2.SchDoc","NET_MEMBER","NET_MEMBER@NetK95_PC6_S1_2@PIN@TLNBBWVG@$$$\TLNBBWVG-1","NetK95_PC6_S1_2","PIN","TP_PC8_S_S1.1","TP_PC8_S_S1","TLNBBWVG","$$$\TLNBBWVG-1","","","1","1","1","Passive","","","","","","","","","","1"
"C:\Users\shiwei.yang\Desktop\dali\PCB_Project\Sheet2.SchDoc","NET_MEMBER","NET_MEMBER@NetK95_PC6_S1_4@PORT@DMO_S_S1@Output","NetK95_PC6_S1_4","PORT","DMO_S_S1","","","","","","","","","Output","","","","","","","","","CONNECTED","DMO_S_S1"
"C:\Users\shiwei.yang\Desktop\dali\PCB_Project\Sheet2.SchDoc","NET_MEMBER","NET_MEMBER@NetK95_PC6_S1_4@PORT@PC6_S_S1@Output","NetK95_PC6_S1_4","PORT","PC6_S_S1","","","","","","","","","Output","","","","","","","","","CONNECTED","PC6_S_S1"
"C:\Users\shiwei.yang\Desktop\dali\PCB_Project\Sheet2.SchDoc","NET_MEMBER","NET_MEMBER@NetK95_PC6_S1_4@PIN@BSGHAWFF@$$$\BSGHAWFF-4","NetK95_PC6_S1_4","PIN","K95_PC6_S1.4","K95_PC6_S1","BSGHAWFF","$$$\BSGHAWFF-4","","","1","4","4","Passive","","","","","","","","","","4"
"C:\Users\shiwei.yang\Desktop\dali\PCB_Project\Sheet2.SchDoc","NET_MEMBER","NET_MEMBER@NetK95_PC6_S1_4@PIN@PCBVURKZ@$$$\PCBVURKZ-2","NetK95_PC6_S1_4","PIN","R_PC6_S1.2","R_PC6_S1","PCBVURKZ","$$$\PCBVURKZ-2","","","1","2","2","Passive","","","","","","","","","","2"
"C:\Users\shiwei.yang\Desktop\dali\PCB_Project\Sheet2.SchDoc","NET_MEMBER","NET_MEMBER@NetK95_PC6_S1_4@PIN@SYGTHYOF@$$$\SYGTHYOF-1","NetK95_PC6_S1_4","PIN","TP_PC6_S_S1.1","TP_PC6_S_S1","SYGTHYOF","$$$\SYGTHYOF-1","","","1","1","1","Passive","","","","","","","","","","1"
"C:\Users\shiwei.yang\Desktop\dali\PCB_Project\Sheet2.SchDoc","NET_MEMBER","NET_MEMBER@NetK95_PC6_S1_5@PORT@DMO_F_S1@Output","NetK95_PC6_S1_5","PORT","DMO_F_S1","","","","","","","","","Output","","","","","","","","","CONNECTED","DMO_F_S1"
"C:\Users\shiwei.yang\Desktop\dali\PCB_Project\Sheet2.SchDoc","NET_MEMBER","NET_MEMBER@NetK95_PC6_S1_5@PORT@PC6_F_S1@Output","NetK95_PC6_S1_5","PORT","PC6_F_S1","","","","","","","","","Output","","","","","","","","","CONNECTED","PC6_F_S1"
"C:\Users\shiwei.yang\Desktop\dali\PCB_Project\Sheet2.SchDoc","NET_MEMBER","NET_MEMBER@NetK95_PC6_S1_5@PORT@S24_P13@I/O","NetK95_PC6_S1_5","PORT","S24_P13","","","","","","","","","I/O","","","","","","","","","CONNECTED","S24_P13"
"C:\Users\shiwei.yang\Desktop\dali\PCB_Project\Sheet2.SchDoc","NET_MEMBER","NET_MEMBER@NetK95_PC6_S1_5@PIN@VVVWVKGY@$$$\VVVWVKGY-5","NetK95_PC6_S1_5","PIN","K95_PC6_S1.5","K95_PC6_S1","VVVWVKGY","$$$\VVVWVKGY-5","","","2","5","5","Passive","","","","","","","","","","5"
"C:\Users\shiwei.yang\Desktop\dali\PCB_Project\Sheet2.SchDoc","NET_MEMBER","NET_MEMBER@NetK95_PC6_S1_5@PIN@PCBVURKZ@$$$\PCBVURKZ-1","NetK95_PC6_S1_5","PIN","R_PC6_S1.1","R_PC6_S1","PCBVURKZ","$$$\PCBVURKZ-1","","","1","1","1","Passive","","","","","","","","","","1"
"C:\Users\shiwei.yang\Desktop\dali\PCB_Project\Sheet2.SchDoc","NET_MEMBER","NET_MEMBER@NetK95_PC6_S1_5@PIN@RGVBXKNK@$$$\RGVBXKNK-1","NetK95_PC6_S1_5","PIN","TP_PC6_F_S1.1","TP_PC6_F_S1","RGVBXKNK","$$$\RGVBXKNK-1","","","1","1","1","Passive","","","","","","","","","","1"
"C:\Users\shiwei.yang\Desktop\dali\PCB_Project\Sheet2.SchDoc","NET_MEMBER","NET_MEMBER@NetK95_PC6_S1_7@PORT@PC8_F_S1@Output","NetK95_PC6_S1_7","PORT","PC8_F_S1","","","","","","","","","Output","","","","","","","","","CONNECTED","PC8_F_S1"
"C:\Users\shiwei.yang\Desktop\dali\PCB_Project\Sheet2.SchDoc","NET_MEMBER","NET_MEMBER@NetK95_PC6_S1_7@PIN@VVVWVKGY@$$$\VVVWVKGY-7","NetK95_PC6_S1_7","PIN","K95_PC6_S1.7","K95_PC6_S1","VVVWVKGY","$$$\VVVWVKGY-7","","","2","7","7","Passive","","","","","","","","","","7"
"C:\Users\shiwei.yang\Desktop\dali\PCB_Project\Sheet2.SchDoc","NET_MEMBER","NET_MEMBER@NetK95_PC6_S1_7@PIN@FMFBHNUB@$$$\FMFBHNUB-1","NetK95_PC6_S1_7","PIN","R_PC8_S1.1","R_PC8_S1","FMFBHNUB","$$$\FMFBHNUB-1","","","1","1","1","Passive","","","","","","","","","","1"
"C:\Users\shiwei.yang\Desktop\dali\PCB_Project\Sheet2.SchDoc","NET_MEMBER","NET_MEMBER@NetK95_PC6_S1_7@PIN@RXWALUFU@$$$\RXWALUFU-1","NetK95_PC6_S1_7","PIN","TP_PC8_F_S1.1","TP_PC8_F_S1","RXWALUFU","$$$\RXWALUFU-1","","","1","1","1","Passive","","","","","","","","","","1"
"C:\Users\shiwei.yang\Desktop\dali\PCB_Project\Sheet2.SchDoc","NET_MEMBER","NET_MEMBER@NetK96_BUS_FH_CC1_S1_2@PORT@S5_ACM200_FH13@I/O","NetK96_BUS_FH_CC1_S1_2","PORT","S5_ACM200_FH13","","","","","","","","","I/O","","","","","","","","","CONNECTED","S5_ACM200_FH13"
"C:\Users\shiwei.yang\Desktop\dali\PCB_Project\Sheet2.SchDoc","NET_MEMBER","NET_MEMBER@NetK96_BUS_FH_CC1_S1_2@PIN@WWRJXDBV@$$$\WWRJXDBV-2","NetK96_BUS_FH_CC1_S1_2","PIN","K96_BUS_FH_CC1_S1.2","K96_BUS_FH_CC1_S1","WWRJXDBV","$$$\WWRJXDBV-2","","","1","2","NO","Passive","","","","","","","","","","2"
"C:\Users\shiwei.yang\Desktop\dali\PCB_Project\Sheet2.SchDoc","NET_MEMBER","NET_MEMBER@NetK96_BUS_FH_CC1_S1_2@PIN@LGKINLFW@$$$\LGKINLFW-6","NetK96_BUS_FH_CC1_S1_2","PIN","K97_Qpoint_S1.6","K97_Qpoint_S1","LGKINLFW","$$$\LGKINLFW-6","","","2","6","6","Passive","","","","","","","","","","6"
"C:\Users\shiwei.yang\Desktop\dali\PCB_Project\Sheet2.SchDoc","NET_MEMBER","NET_MEMBER@NetK96_BUS_SH_CC1_S1_2@PORT@S5_ACM200_SH13@I/O","NetK96_BUS_SH_CC1_S1_2","PORT","S5_ACM200_SH13","","","","","","","","","I/O","","","","","","","","","CONNECTED","S5_ACM200_SH13"
"C:\Users\shiwei.yang\Desktop\dali\PCB_Project\Sheet2.SchDoc","NET_MEMBER","NET_MEMBER@NetK96_BUS_SH_CC1_S1_2@PIN@TFDVBSCK@$$$\TFDVBSCK-2","NetK96_BUS_SH_CC1_S1_2","PIN","K96_BUS_SH_CC1_S1.2","K96_BUS_SH_CC1_S1","TFDVBSCK","$$$\TFDVBSCK-2","","","1","2","NO","Passive","","","","","","","","","","2"
"C:\Users\shiwei.yang\Desktop\dali\PCB_Project\Sheet2.SchDoc","NET_MEMBER","NET_MEMBER@NetK96_BUS_SH_CC1_S1_2@PIN@DUQQMRIF@$$$\DUQQMRIF-3","NetK96_BUS_SH_CC1_S1_2","PIN","K97_Qpoint_S1.3","K97_Qpoint_S1","DUQQMRIF","$$$\DUQQMRIF-3","","","1","3","3","Passive","","","","","","","","","","3"
"C:\Users\shiwei.yang\Desktop\dali\PCB_Project\Sheet2.SchDoc","NET_MEMBER","NET_MEMBER@NetK97_Qpoint_S1_2@PIN@DUQQMRIF@$$$\DUQQMRIF-2","NetK97_Qpoint_S1_2","PIN","K97_Qpoint_S1.2","K97_Qpoint_S1","DUQQMRIF","$$$\DUQQMRIF-2","","","1","2","2","Passive","","","","","","","","","","2"
"C:\Users\shiwei.yang\Desktop\dali\PCB_Project\Sheet2.SchDoc","NET_MEMBER","NET_MEMBER@NetK97_Qpoint_S1_2@PIN@IGTYARFX@$$$\IGTYARFX-3","NetK97_Qpoint_S1_2","PIN","K98_PB3_S1.3","K98_PB3_S1","IGTYARFX","$$$\IGTYARFX-3","","","1","3","3","Passive","","","","","","","","","","3"
"C:\Users\shiwei.yang\Desktop\dali\PCB_Project\Sheet2.SchDoc","NET_MEMBER","NET_MEMBER@NetK97_Qpoint_S1_7@PIN@LGKINLFW@$$$\LGKINLFW-7","NetK97_Qpoint_S1_7","PIN","K97_Qpoint_S1.7","K97_Qpoint_S1","LGKINLFW","$$$\LGKINLFW-7","","","2","7","7","Passive","","","","","","","","","","7"
"C:\Users\shiwei.yang\Desktop\dali\PCB_Project\Sheet2.SchDoc","NET_MEMBER","NET_MEMBER@NetK97_Qpoint_S1_7@PIN@YBDUMRLJ@$$$\YBDUMRLJ-6","NetK97_Qpoint_S1_7","PIN","K98_PB3_S1.6","K98_PB3_S1","YBDUMRLJ","$$$\YBDUMRLJ-6","","","2","6","6","Passive","","","","","","","","","","6"
"C:\Users\shiwei.yang\Desktop\dali\PCB_Project\Sheet2.SchDoc","NET_MEMBER","NET_MEMBER@NetK98_PB3_S1_2@PORT@CC1_S_S1@Output","NetK98_PB3_S1_2","PORT","CC1_S_S1","","","","","","","","","Output","","","","","","","","","CONNECTED","CC1_S_S1"
"C:\Users\shiwei.yang\Desktop\dali\PCB_Project\Sheet2.SchDoc","NET_MEMBER","NET_MEMBER@NetK98_PB3_S1_2@PIN@IGTYARFX@$$$\IGTYARFX-2","NetK98_PB3_S1_2","PIN","K98_PB3_S1.2","K98_PB3_S1","IGTYARFX","$$$\IGTYARFX-2","","","1","2","2","Passive","","","","","","","","","","2"
"C:\Users\shiwei.yang\Desktop\dali\PCB_Project\Sheet2.SchDoc","NET_MEMBER","NET_MEMBER@NetK98_PB3_S1_2@PIN@LTUPVKKY@$$$\LTUPVKKY-2","NetK98_PB3_S1_2","PIN","R_CC1_S1.2","R_CC1_S1","LTUPVKKY","$$$\LTUPVKKY-2","","","1","2","2","Passive","","","","","","","","","","2"
"C:\Users\shiwei.yang\Desktop\dali\PCB_Project\Sheet2.SchDoc","NET_MEMBER","NET_MEMBER@NetK98_PB3_S1_2@PIN@OIIQZJLG@$$$\OIIQZJLG-1","NetK98_PB3_S1_2","PIN","TP_CC1_S_S1.1","TP_CC1_S_S1","OIIQZJLG","$$$\OIIQZJLG-1","","","1","1","1","Passive","","","","","","","","","","1"
"C:\Users\shiwei.yang\Desktop\dali\PCB_Project\Sheet2.SchDoc","NET_MEMBER","NET_MEMBER@NetK98_PB3_S1_4@PORT@PB3_S_S1@Output","NetK98_PB3_S1_4","PORT","PB3_S_S1","","","","","","","","","Output","","","","","","","","","CONNECTED","PB3_S_S1"
"C:\Users\shiwei.yang\Desktop\dali\PCB_Project\Sheet2.SchDoc","NET_MEMBER","NET_MEMBER@NetK98_PB3_S1_4@PIN@IGTYARFX@$$$\IGTYARFX-4","NetK98_PB3_S1_4","PIN","K98_PB3_S1.4","K98_PB3_S1","IGTYARFX","$$$\IGTYARFX-4","","","1","4","4","Passive","","","","","","","","","","4"
"C:\Users\shiwei.yang\Desktop\dali\PCB_Project\Sheet2.SchDoc","NET_MEMBER","NET_MEMBER@NetK98_PB3_S1_4@PIN@NUDFNWHQ@$$$\NUDFNWHQ-2","NetK98_PB3_S1_4","PIN","R_PB3_S1.2","R_PB3_S1","NUDFNWHQ","$$$\NUDFNWHQ-2","","","1","2","2","Passive","","","","","","","","","","2"
"C:\Users\shiwei.yang\Desktop\dali\PCB_Project\Sheet2.SchDoc","NET_MEMBER","NET_MEMBER@NetK98_PB3_S1_4@PIN@QMOYGAGA@$$$\QMOYGAGA-1","NetK98_PB3_S1_4","PIN","TP_PB3_S_S1.1","TP_PB3_S_S1","QMOYGAGA","$$$\QMOYGAGA-1","","","1","1","1","Passive","","","","","","","","","","1"
"C:\Users\shiwei.yang\Desktop\dali\PCB_Project\Sheet2.SchDoc","NET_MEMBER","NET_MEMBER@NetK98_PB3_S1_5@PORT@PB3_F_S1@Output","NetK98_PB3_S1_5","PORT","PB3_F_S1","","","","","","","","","Output","","","","","","","","","CONNECTED","PB3_F_S1"
"C:\Users\shiwei.yang\Desktop\dali\PCB_Project\Sheet2.SchDoc","NET_MEMBER","NET_MEMBER@NetK98_PB3_S1_5@PIN@YBDUMRLJ@$$$\YBDUMRLJ-5","NetK98_PB3_S1_5","PIN","K98_PB3_S1.5","K98_PB3_S1","YBDUMRLJ","$$$\YBDUMRLJ-5","","","2","5","5","Passive","","","","","","","","","","5"
"C:\Users\shiwei.yang\Desktop\dali\PCB_Project\Sheet2.SchDoc","NET_MEMBER","NET_MEMBER@NetK98_PB3_S1_5@PIN@NUDFNWHQ@$$$\NUDFNWHQ-1","NetK98_PB3_S1_5","PIN","R_PB3_S1.1","R_PB3_S1","NUDFNWHQ","$$$\NUDFNWHQ-1","","","1","1","1","Passive","","","","","","","","","","1"
"C:\Users\shiwei.yang\Desktop\dali\PCB_Project\Sheet2.SchDoc","NET_MEMBER","NET_MEMBER@NetK98_PB3_S1_5@PIN@QBTXFEJW@$$$\QBTXFEJW-1","NetK98_PB3_S1_5","PIN","TP_PB3_F_S1.1","TP_PB3_F_S1","QBTXFEJW","$$$\QBTXFEJW-1","","","1","1","1","Passive","","","","","","","","","","1"
"C:\Users\shiwei.yang\Desktop\dali\PCB_Project\Sheet2.SchDoc","NET_MEMBER","NET_MEMBER@NetK98_PB3_S1_7@PORT@CC1_F_S1@Output","NetK98_PB3_S1_7","PORT","CC1_F_S1","","","","","","","","","Output","","","","","","","","","CONNECTED","CC1_F_S1"
"C:\Users\shiwei.yang\Desktop\dali\PCB_Project\Sheet2.SchDoc","NET_MEMBER","NET_MEMBER@NetK98_PB3_S1_7@PIN@YBDUMRLJ@$$$\YBDUMRLJ-7","NetK98_PB3_S1_7","PIN","K98_PB3_S1.7","K98_PB3_S1","YBDUMRLJ","$$$\YBDUMRLJ-7","","","2","7","7","Passive","","","","","","","","","","7"
"C:\Users\shiwei.yang\Desktop\dali\PCB_Project\Sheet2.SchDoc","NET_MEMBER","NET_MEMBER@NetK98_PB3_S1_7@PIN@LTUPVKKY@$$$\LTUPVKKY-1","NetK98_PB3_S1_7","PIN","R_CC1_S1.1","R_CC1_S1","LTUPVKKY","$$$\LTUPVKKY-1","","","1","1","1","Passive","","","","","","","","","","1"
"C:\Users\shiwei.yang\Desktop\dali\PCB_Project\Sheet2.SchDoc","NET_MEMBER","NET_MEMBER@NetK98_PB3_S1_7@PIN@VJSYPHGT@$$$\VJSYPHGT-1","NetK98_PB3_S1_7","PIN","TP_CC1_F_S1.1","TP_CC1_F_S1","VJSYPHGT","$$$\VJSYPHGT-1","","","1","1","1","Passive","","","","","","","","","","1"
"C:\Users\shiwei.yang\Desktop\dali\PCB_Project\Sheet2.SchDoc","NET_MEMBER","NET_MEMBER@NetK99_BUSL_PB5_S1_2@PIN@JONLKEYL@$$$\JONLKEYL-2","NetK99_BUSL_PB5_S1_2","PIN","K99_BUSL_PB5_S1.2","K99_BUSL_PB5_S1","JONLKEYL","$$$\JONLKEYL-2","","","1","2","2","Passive","","","","","","","","","","2"
"C:\Users\shiwei.yang\Desktop\dali\PCB_Project\Sheet2.SchDoc","NET_MEMBER","NET_MEMBER@NetK99_BUSL_PB5_S1_4@PORT@S5_ACM200_FH14@I/O","NetK99_BUSL_PB5_S1_4","PORT","S5_ACM200_FH14","","","","","","","","","I/O","","","","","","","","","CONNECTED","S5_ACM200_FH14"
"C:\Users\shiwei.yang\Desktop\dali\PCB_Project\Sheet2.SchDoc","NET_MEMBER","NET_MEMBER@NetK99_BUSL_PB5_S1_4@PIN@JONLKEYL@$$$\JONLKEYL-4","NetK99_BUSL_PB5_S1_4","PIN","K99_BUSL_PB5_S1.4","K99_BUSL_PB5_S1","JONLKEYL","$$$\JONLKEYL-4","","","1","4","4","Passive","","","","","","","","","","4"
"C:\Users\shiwei.yang\Desktop\dali\PCB_Project\Sheet2.SchDoc","NET_MEMBER","NET_MEMBER@NetK99_BUSL_PB5_S1_4@PIN@YLEUXFIS@$$$\YLEUXFIS-6","NetK99_BUSL_PB5_S1_4","PIN","K100_PC4_S1.6","K100_PC4_S1","YLEUXFIS","$$$\YLEUXFIS-6","","","2","6","6","Passive","","","","","","","","","","6"
"C:\Users\shiwei.yang\Desktop\dali\PCB_Project\Sheet2.SchDoc","NET_MEMBER","NET_MEMBER@NetK99_BUSL_PB5_S1_5@PORT@S5_ACM200_SH14@I/O","NetK99_BUSL_PB5_S1_5","PORT","S5_ACM200_SH14","","","","","","","","","I/O","","","","","","","","","CONNECTED","S5_ACM200_SH14"
"C:\Users\shiwei.yang\Desktop\dali\PCB_Project\Sheet2.SchDoc","NET_MEMBER","NET_MEMBER@NetK99_BUSL_PB5_S1_5@PIN@IRSMADGU@$$$\IRSMADGU-5","NetK99_BUSL_PB5_S1_5","PIN","K99_BUSL_PB5_S1.5","K99_BUSL_PB5_S1","IRSMADGU","$$$\IRSMADGU-5","","","2","5","5","Passive","","","","","","","","","","5"
"C:\Users\shiwei.yang\Desktop\dali\PCB_Project\Sheet2.SchDoc","NET_MEMBER","NET_MEMBER@NetK99_BUSL_PB5_S1_5@PIN@ZZQXFTGQ@$$$\ZZQXFTGQ-3","NetK99_BUSL_PB5_S1_5","PIN","K100_PC4_S1.3","K100_PC4_S1","ZZQXFTGQ","$$$\ZZQXFTGQ-3","","","1","3","3","Passive","","","","","","","","","","3"
"C:\Users\shiwei.yang\Desktop\dali\PCB_Project\Sheet2.SchDoc","NET_MEMBER","NET_MEMBER@NetK99_BUSL_PB5_S1_7@PIN@IRSMADGU@$$$\IRSMADGU-7","NetK99_BUSL_PB5_S1_7","PIN","K99_BUSL_PB5_S1.7","K99_BUSL_PB5_S1","IRSMADGU","$$$\IRSMADGU-7","","","2","7","7","Passive","","","","","","","","","","7"
"C:\Users\shiwei.yang\Desktop\dali\PCB_Project\Sheet2.SchDoc","NET_MEMBER","NET_MEMBER@NetK100_PC4_S1_4@PORT@PC4_S_S1@Output","NetK100_PC4_S1_4","PORT","PC4_S_S1","","","","","","","","","Output","","","","","","","","","CONNECTED","PC4_S_S1"
"C:\Users\shiwei.yang\Desktop\dali\PCB_Project\Sheet2.SchDoc","NET_MEMBER","NET_MEMBER@NetK100_PC4_S1_4@PIN@ZZQXFTGQ@$$$\ZZQXFTGQ-4","NetK100_PC4_S1_4","PIN","K100_PC4_S1.4","K100_PC4_S1","ZZQXFTGQ","$$$\ZZQXFTGQ-4","","","1","4","4","Passive","","","","","","","","","","4"
"C:\Users\shiwei.yang\Desktop\dali\PCB_Project\Sheet2.SchDoc","NET_MEMBER","NET_MEMBER@NetK100_PC4_S1_4@PIN@VOCPBJHE@$$$\VOCPBJHE-2","NetK100_PC4_S1_4","PIN","R_PC4_S1.2","R_PC4_S1","VOCPBJHE","$$$\VOCPBJHE-2","","","1","2","2","Passive","","","","","","","","","","2"
"C:\Users\shiwei.yang\Desktop\dali\PCB_Project\Sheet2.SchDoc","NET_MEMBER","NET_MEMBER@NetK100_PC4_S1_4@PIN@OPBGWLCX@$$$\OPBGWLCX-1","NetK100_PC4_S1_4","PIN","TP_PC4_S_S1.1","TP_PC4_S_S1","OPBGWLCX","$$$\OPBGWLCX-1","","","1","1","1","Passive","","","","","","","","","","1"
"C:\Users\shiwei.yang\Desktop\dali\PCB_Project\Sheet2.SchDoc","NET_MEMBER","NET_MEMBER@NetK100_PC4_S1_5@PORT@PC4_F_S1@Output","NetK100_PC4_S1_5","PORT","PC4_F_S1","","","","","","","","","Output","","","","","","","","","CONNECTED","PC4_F_S1"
"C:\Users\shiwei.yang\Desktop\dali\PCB_Project\Sheet2.SchDoc","NET_MEMBER","NET_MEMBER@NetK100_PC4_S1_5@PIN@YLEUXFIS@$$$\YLEUXFIS-5","NetK100_PC4_S1_5","PIN","K100_PC4_S1.5","K100_PC4_S1","YLEUXFIS","$$$\YLEUXFIS-5","","","2","5","5","Passive","","","","","","","","","","5"
"C:\Users\shiwei.yang\Desktop\dali\PCB_Project\Sheet2.SchDoc","NET_MEMBER","NET_MEMBER@NetK100_PC4_S1_5@PIN@RHVMBYCT@$$$\RHVMBYCT-1","NetK100_PC4_S1_5","PIN","R_PC4_PD_S1.1","R_PC4_PD_S1","RHVMBYCT","$$$\RHVMBYCT-1","","","1","1","1","Passive","","","","","","","","","","1"
"C:\Users\shiwei.yang\Desktop\dali\PCB_Project\Sheet2.SchDoc","NET_MEMBER","NET_MEMBER@NetK100_PC4_S1_5@PIN@VOCPBJHE@$$$\VOCPBJHE-1","NetK100_PC4_S1_5","PIN","R_PC4_S1.1","R_PC4_S1","VOCPBJHE","$$$\VOCPBJHE-1","","","1","1","1","Passive","","","","","","","","","","1"
"C:\Users\shiwei.yang\Desktop\dali\PCB_Project\Sheet2.SchDoc","NET_MEMBER","NET_MEMBER@NetK100_PC4_S1_5@PIN@XZAFNYQE@$$$\XZAFNYQE-1","NetK100_PC4_S1_5","PIN","TP_PC4_F_S1.1","TP_PC4_F_S1","XZAFNYQE","$$$\XZAFNYQE-1","","","1","1","1","Passive","","","","","","","","","","1"
"C:\Users\shiwei.yang\Desktop\dali\PCB_Project\Sheet2.SchDoc","NET_MEMBER","NET_MEMBER@NetK101_BUS_FH_PA0_S1_2@PORT@S5_ACM200_FH15@I/O","NetK101_BUS_FH_PA0_S1_2","PORT","S5_ACM200_FH15","","","","","","","","","I/O","","","","","","","","","CONNECTED","S5_ACM200_FH15"
"C:\Users\shiwei.yang\Desktop\dali\PCB_Project\Sheet2.SchDoc","NET_MEMBER","NET_MEMBER@NetK101_BUS_FH_PA0_S1_2@PIN@KMVPDWSV@$$$\KMVPDWSV-2","NetK101_BUS_FH_PA0_S1_2","PIN","K101_BUS_FH_PA0_S1.2","K101_BUS_FH_PA0_S1","KMVPDWSV","$$$\KMVPDWSV-2","","","1","2","NO","Passive","","","","","","","","","","2"
"C:\Users\shiwei.yang\Desktop\dali\PCB_Project\Sheet2.SchDoc","NET_MEMBER","NET_MEMBER@NetK101_BUS_FH_PA0_S1_2@PIN@FMHWFTAX@$$$\FMHWFTAX-6","NetK101_BUS_FH_PA0_S1_2","PIN","K102_PC3_S1.6","K102_PC3_S1","FMHWFTAX","$$$\FMHWFTAX-6","","","2","6","6","Passive","","","","","","","","","","6"
"C:\Users\shiwei.yang\Desktop\dali\PCB_Project\Sheet2.SchDoc","NET_MEMBER","NET_MEMBER@NetK101_BUS_SH_PA0_S1_2@PORT@S5_ACM200_SH15@I/O","NetK101_BUS_SH_PA0_S1_2","PORT","S5_ACM200_SH15","","","","","","","","","I/O","","","","","","","","","CONNECTED","S5_ACM200_SH15"
"C:\Users\shiwei.yang\Desktop\dali\PCB_Project\Sheet2.SchDoc","NET_MEMBER","NET_MEMBER@NetK101_BUS_SH_PA0_S1_2@PIN@TKKJVBJE@$$$\TKKJVBJE-2","NetK101_BUS_SH_PA0_S1_2","PIN","K101_BUS_SH_PA0_S1.2","K101_BUS_SH_PA0_S1","TKKJVBJE","$$$\TKKJVBJE-2","","","1","2","NO","Passive","","","","","","","","","","2"
"C:\Users\shiwei.yang\Desktop\dali\PCB_Project\Sheet2.SchDoc","NET_MEMBER","NET_MEMBER@NetK101_BUS_SH_PA0_S1_2@PIN@YDHGHCGI@$$$\YDHGHCGI-3","NetK101_BUS_SH_PA0_S1_2","PIN","K102_PC3_S1.3","K102_PC3_S1","YDHGHCGI","$$$\YDHGHCGI-3","","","1","3","3","Passive","","","","","","","","","","3"
"C:\Users\shiwei.yang\Desktop\dali\PCB_Project\Sheet2.SchDoc","NET_MEMBER","NET_MEMBER@NetK102_PC3_S1_2@PORT@INT_S_S1@Output","NetK102_PC3_S1_2","PORT","INT_S_S1","","","","","","","","","Output","","","","","","","","","CONNECTED","INT_S_S1"
"C:\Users\shiwei.yang\Desktop\dali\PCB_Project\Sheet2.SchDoc","NET_MEMBER","NET_MEMBER@NetK102_PC3_S1_2@PORT@PA0_S_S1@Output","NetK102_PC3_S1_2","PORT","PA0_S_S1","","","","","","","","","Output","","","","","","","","","CONNECTED","PA0_S_S1"
"C:\Users\shiwei.yang\Desktop\dali\PCB_Project\Sheet2.SchDoc","NET_MEMBER","NET_MEMBER@NetK102_PC3_S1_2@PIN@YDHGHCGI@$$$\YDHGHCGI-2","NetK102_PC3_S1_2","PIN","K102_PC3_S1.2","K102_PC3_S1","YDHGHCGI","$$$\YDHGHCGI-2","","","1","2","2","Passive","","","","","","","","","","2"
"C:\Users\shiwei.yang\Desktop\dali\PCB_Project\Sheet2.SchDoc","NET_MEMBER","NET_MEMBER@NetK102_PC3_S1_2@PIN@TRYOYVVG@$$$\TRYOYVVG-2","NetK102_PC3_S1_2","PIN","R_PA0_S1.2","R_PA0_S1","TRYOYVVG","$$$\TRYOYVVG-2","","","1","2","2","Passive","","","","","","","","","","2"
"C:\Users\shiwei.yang\Desktop\dali\PCB_Project\Sheet2.SchDoc","NET_MEMBER","NET_MEMBER@NetK102_PC3_S1_2@PIN@VYRCHWCJ@$$$\VYRCHWCJ-1","NetK102_PC3_S1_2","PIN","TP_PA0_S_S1.1","TP_PA0_S_S1","VYRCHWCJ","$$$\VYRCHWCJ-1","","","1","1","1","Passive","","","","","","","","","","1"
"C:\Users\shiwei.yang\Desktop\dali\PCB_Project\Sheet2.SchDoc","NET_MEMBER","NET_MEMBER@NetK102_PC3_S1_4@PORT@PC3_S_S1@Output","NetK102_PC3_S1_4","PORT","PC3_S_S1","","","","","","","","","Output","","","","","","","","","CONNECTED","PC3_S_S1"
"C:\Users\shiwei.yang\Desktop\dali\PCB_Project\Sheet2.SchDoc","NET_MEMBER","NET_MEMBER@NetK102_PC3_S1_4@PIN@YDHGHCGI@$$$\YDHGHCGI-4","NetK102_PC3_S1_4","PIN","K102_PC3_S1.4","K102_PC3_S1","YDHGHCGI","$$$\YDHGHCGI-4","","","1","4","4","Passive","","","","","","","","","","4"
"C:\Users\shiwei.yang\Desktop\dali\PCB_Project\Sheet2.SchDoc","NET_MEMBER","NET_MEMBER@NetK102_PC3_S1_4@PIN@ONUWFALY@$$$\ONUWFALY-2","NetK102_PC3_S1_4","PIN","R_PC3_S1.2","R_PC3_S1","ONUWFALY","$$$\ONUWFALY-2","","","1","2","2","Passive","","","","","","","","","","2"
"C:\Users\shiwei.yang\Desktop\dali\PCB_Project\Sheet2.SchDoc","NET_MEMBER","NET_MEMBER@NetK102_PC3_S1_4@PIN@IXWWXLWB@$$$\IXWWXLWB-1","NetK102_PC3_S1_4","PIN","TP_PC3_S_S1.1","TP_PC3_S_S1","IXWWXLWB","$$$\IXWWXLWB-1","","","1","1","1","Passive","","","","","","","","","","1"
"C:\Users\shiwei.yang\Desktop\dali\PCB_Project\Sheet2.SchDoc","NET_MEMBER","NET_MEMBER@NetK102_PC3_S1_5@PORT@PC3_F_S1@Output","NetK102_PC3_S1_5","PORT","PC3_F_S1","","","","","","","","","Output","","","","","","","","","CONNECTED","PC3_F_S1"
"C:\Users\shiwei.yang\Desktop\dali\PCB_Project\Sheet2.SchDoc","NET_MEMBER","NET_MEMBER@NetK102_PC3_S1_5@PIN@FMHWFTAX@$$$\FMHWFTAX-5","NetK102_PC3_S1_5","PIN","K102_PC3_S1.5","K102_PC3_S1","FMHWFTAX","$$$\FMHWFTAX-5","","","2","5","5","Passive","","","","","","","","","","5"
"C:\Users\shiwei.yang\Desktop\dali\PCB_Project\Sheet2.SchDoc","NET_MEMBER","NET_MEMBER@NetK102_PC3_S1_5@PIN@ONUWFALY@$$$\ONUWFALY-1","NetK102_PC3_S1_5","PIN","R_PC3_S1.1","R_PC3_S1","ONUWFALY","$$$\ONUWFALY-1","","","1","1","1","Passive","","","","","","","","","","1"
"C:\Users\shiwei.yang\Desktop\dali\PCB_Project\Sheet2.SchDoc","NET_MEMBER","NET_MEMBER@NetK102_PC3_S1_5@PIN@RGGWFUAK@$$$\RGGWFUAK-1","NetK102_PC3_S1_5","PIN","TP_PC3_F_S1.1","TP_PC3_F_S1","RGGWFUAK","$$$\RGGWFUAK-1","","","1","1","1","Passive","","","","","","","","","","1"
"C:\Users\shiwei.yang\Desktop\dali\PCB_Project\Sheet2.SchDoc","NET_MEMBER","NET_MEMBER@NetK102_PC3_S1_7@PORT@INT_F_S1@Output","NetK102_PC3_S1_7","PORT","INT_F_S1","","","","","","","","","Output","","","","","","","","","CONNECTED","INT_F_S1"
"C:\Users\shiwei.yang\Desktop\dali\PCB_Project\Sheet2.SchDoc","NET_MEMBER","NET_MEMBER@NetK102_PC3_S1_7@PORT@PA0_F_S1@Output","NetK102_PC3_S1_7","PORT","PA0_F_S1","","","","","","","","","Output","","","","","","","","","CONNECTED","PA0_F_S1"
"C:\Users\shiwei.yang\Desktop\dali\PCB_Project\Sheet2.SchDoc","NET_MEMBER","NET_MEMBER@NetK102_PC3_S1_7@PORT@S24_P14@I/O","NetK102_PC3_S1_7","PORT","S24_P14","","","","","","","","","I/O","","","","","","","","","CONNECTED","S24_P14"
"C:\Users\shiwei.yang\Desktop\dali\PCB_Project\Sheet2.SchDoc","NET_MEMBER","NET_MEMBER@NetK102_PC3_S1_7@PIN@FMHWFTAX@$$$\FMHWFTAX-7","NetK102_PC3_S1_7","PIN","K102_PC3_S1.7","K102_PC3_S1","FMHWFTAX","$$$\FMHWFTAX-7","","","2","7","7","Passive","","","","","","","","","","7"
"C:\Users\shiwei.yang\Desktop\dali\PCB_Project\Sheet2.SchDoc","NET_MEMBER","NET_MEMBER@NetK102_PC3_S1_7@PIN@UTUFRSEC@$$$\UTUFRSEC-1","NetK102_PC3_S1_7","PIN","R_PA0_PU_S1.1","R_PA0_PU_S1","UTUFRSEC","$$$\UTUFRSEC-1","","","1","1","1","Passive","","","","","","","","","","1"
"C:\Users\shiwei.yang\Desktop\dali\PCB_Project\Sheet2.SchDoc","NET_MEMBER","NET_MEMBER@NetK102_PC3_S1_7@PIN@TRYOYVVG@$$$\TRYOYVVG-1","NetK102_PC3_S1_7","PIN","R_PA0_S1.1","R_PA0_S1","TRYOYVVG","$$$\TRYOYVVG-1","","","1","1","1","Passive","","","","","","","","","","1"
"C:\Users\shiwei.yang\Desktop\dali\PCB_Project\Sheet2.SchDoc","NET_MEMBER","NET_MEMBER@NetK102_PC3_S1_7@PIN@LRETKPHU@$$$\LRETKPHU-1","NetK102_PC3_S1_7","PIN","TP_PA0_F_S1.1","TP_PA0_F_S1","LRETKPHU","$$$\LRETKPHU-1","","","1","1","1","Passive","","","","","","","","","","1"
"C:\Users\shiwei.yang\Desktop\dali\PCB_Project\Sheet2.SchDoc","NET_MEMBER","NET_MEMBER@NetK103_PA0_PU_S1_1@PIN@KPQCZDYO@$$$\KPQCZDYO-1","NetK103_PA0_PU_S1_1","PIN","K103_PA0_PU_S1.1","K103_PA0_PU_S1","KPQCZDYO","$$$\KPQCZDYO-1","","","1","1","COMMON","Passive","","","","","","","","","","1"
"C:\Users\shiwei.yang\Desktop\dali\PCB_Project\Sheet2.SchDoc","NET_MEMBER","NET_MEMBER@NetK103_PA0_PU_S1_1@PIN@UTUFRSEC@$$$\UTUFRSEC-2","NetK103_PA0_PU_S1_1","PIN","R_PA0_PU_S1.2","R_PA0_PU_S1","UTUFRSEC","$$$\UTUFRSEC-2","","","1","2","2","Passive","","","","","","","","","","2"
"C:\Users\shiwei.yang\Desktop\dali\PCB_Project\Sheet2.SchDoc","NET_MEMBER","NET_MEMBER@NetK104_BUS_FL_PD5_S1_2@PORT@S5_ACM200_FH16@I/O","NetK104_BUS_FL_PD5_S1_2","PORT","S5_ACM200_FH16","","","","","","","","","I/O","","","","","","","","","CONNECTED","S5_ACM200_FH16"
"C:\Users\shiwei.yang\Desktop\dali\PCB_Project\Sheet2.SchDoc","NET_MEMBER","NET_MEMBER@NetK104_BUS_FL_PD5_S1_2@PIN@OFRSLPIP@$$$\OFRSLPIP-2","NetK104_BUS_FL_PD5_S1_2","PIN","K104_BUS_FL_PD5_S1.2","K104_BUS_FL_PD5_S1","OFRSLPIP","$$$\OFRSLPIP-2","","","1","2","NO","Passive","","","","","","","","","","2"
"C:\Users\shiwei.yang\Desktop\dali\PCB_Project\Sheet2.SchDoc","NET_MEMBER","NET_MEMBER@NetK104_BUS_FL_PD5_S1_2@PIN@MTJMGDRB@$$$\MTJMGDRB-6","NetK104_BUS_FL_PD5_S1_2","PIN","K105_CC2_S1.6","K105_CC2_S1","MTJMGDRB","$$$\MTJMGDRB-6","","","2","6","6","Passive","","","","","","","","","","6"
"C:\Users\shiwei.yang\Desktop\dali\PCB_Project\Sheet2.SchDoc","NET_MEMBER","NET_MEMBER@NetK104_BUS_SL_PD5_S1_2@PORT@S5_ACM200_SH16@I/O","NetK104_BUS_SL_PD5_S1_2","PORT","S5_ACM200_SH16","","","","","","","","","I/O","","","","","","","","","CONNECTED","S5_ACM200_SH16"
"C:\Users\shiwei.yang\Desktop\dali\PCB_Project\Sheet2.SchDoc","NET_MEMBER","NET_MEMBER@NetK104_BUS_SL_PD5_S1_2@PIN@RWAFMLJX@$$$\RWAFMLJX-2","NetK104_BUS_SL_PD5_S1_2","PIN","K104_BUS_SL_PD5_S1.2","K104_BUS_SL_PD5_S1","RWAFMLJX","$$$\RWAFMLJX-2","","","1","2","NO","Passive","","","","","","","","","","2"
"C:\Users\shiwei.yang\Desktop\dali\PCB_Project\Sheet2.SchDoc","NET_MEMBER","NET_MEMBER@NetK104_BUS_SL_PD5_S1_2@PIN@ATCGCPDR@$$$\ATCGCPDR-3","NetK104_BUS_SL_PD5_S1_2","PIN","K105_CC2_S1.3","K105_CC2_S1","ATCGCPDR","$$$\ATCGCPDR-3","","","1","3","3","Passive","","","","","","","","","","3"
"C:\Users\shiwei.yang\Desktop\dali\PCB_Project\Sheet2.SchDoc","NET_MEMBER","NET_MEMBER@NetK105_CC2_S1_2@PORT@PD5_S_S1@Output","NetK105_CC2_S1_2","PORT","PD5_S_S1","","","","","","","","","Output","","","","","","","","","CONNECTED","PD5_S_S1"
"C:\Users\shiwei.yang\Desktop\dali\PCB_Project\Sheet2.SchDoc","NET_MEMBER","NET_MEMBER@NetK105_CC2_S1_2@PIN@ATCGCPDR@$$$\ATCGCPDR-2","NetK105_CC2_S1_2","PIN","K105_CC2_S1.2","K105_CC2_S1","ATCGCPDR","$$$\ATCGCPDR-2","","","1","2","2","Passive","","","","","","","","","","2"
"C:\Users\shiwei.yang\Desktop\dali\PCB_Project\Sheet2.SchDoc","NET_MEMBER","NET_MEMBER@NetK105_CC2_S1_2@PIN@GUOKIYUE@$$$\GUOKIYUE-2","NetK105_CC2_S1_2","PIN","R_PD5_S1.2","R_PD5_S1","GUOKIYUE","$$$\GUOKIYUE-2","","","1","2","2","Passive","","","","","","","","","","2"
"C:\Users\shiwei.yang\Desktop\dali\PCB_Project\Sheet2.SchDoc","NET_MEMBER","NET_MEMBER@NetK105_CC2_S1_2@PIN@QMWGYYSQ@$$$\QMWGYYSQ-1","NetK105_CC2_S1_2","PIN","TP_PD5_S_S1.1","TP_PD5_S_S1","QMWGYYSQ","$$$\QMWGYYSQ-1","","","1","1","1","Passive","","","","","","","","","","1"
"C:\Users\shiwei.yang\Desktop\dali\PCB_Project\Sheet2.SchDoc","NET_MEMBER","NET_MEMBER@NetK105_CC2_S1_4@PORT@CC2_S_S1@Output","NetK105_CC2_S1_4","PORT","CC2_S_S1","","","","","","","","","Output","","","","","","","","","CONNECTED","CC2_S_S1"
"C:\Users\shiwei.yang\Desktop\dali\PCB_Project\Sheet2.SchDoc","NET_MEMBER","NET_MEMBER@NetK105_CC2_S1_4@PIN@ATCGCPDR@$$$\ATCGCPDR-4","NetK105_CC2_S1_4","PIN","K105_CC2_S1.4","K105_CC2_S1","ATCGCPDR","$$$\ATCGCPDR-4","","","1","4","4","Passive","","","","","","","","","","4"
"C:\Users\shiwei.yang\Desktop\dali\PCB_Project\Sheet2.SchDoc","NET_MEMBER","NET_MEMBER@NetK105_CC2_S1_4@PIN@MWNRVYSX@$$$\MWNRVYSX-2","NetK105_CC2_S1_4","PIN","R_CC2_S1.2","R_CC2_S1","MWNRVYSX","$$$\MWNRVYSX-2","","","1","2","2","Passive","","","","","","","","","","2"
"C:\Users\shiwei.yang\Desktop\dali\PCB_Project\Sheet2.SchDoc","NET_MEMBER","NET_MEMBER@NetK105_CC2_S1_4@PIN@JUQLTNHP@$$$\JUQLTNHP-1","NetK105_CC2_S1_4","PIN","TP_CC2_S_S1.1","TP_CC2_S_S1","JUQLTNHP","$$$\JUQLTNHP-1","","","1","1","1","Passive","","","","","","","","","","1"
"C:\Users\shiwei.yang\Desktop\dali\PCB_Project\Sheet2.SchDoc","NET_MEMBER","NET_MEMBER@NetK105_CC2_S1_5@PORT@CC2_F_S1@Output","NetK105_CC2_S1_5","PORT","CC2_F_S1","","","","","","","","","Output","","","","","","","","","CONNECTED","CC2_F_S1"
"C:\Users\shiwei.yang\Desktop\dali\PCB_Project\Sheet2.SchDoc","NET_MEMBER","NET_MEMBER@NetK105_CC2_S1_5@PIN@MTJMGDRB@$$$\MTJMGDRB-5","NetK105_CC2_S1_5","PIN","K105_CC2_S1.5","K105_CC2_S1","MTJMGDRB","$$$\MTJMGDRB-5","","","2","5","5","Passive","","","","","","","","","","5"
"C:\Users\shiwei.yang\Desktop\dali\PCB_Project\Sheet2.SchDoc","NET_MEMBER","NET_MEMBER@NetK105_CC2_S1_5@PIN@MWNRVYSX@$$$\MWNRVYSX-1","NetK105_CC2_S1_5","PIN","R_CC2_S1.1","R_CC2_S1","MWNRVYSX","$$$\MWNRVYSX-1","","","1","1","1","Passive","","","","","","","","","","1"
"C:\Users\shiwei.yang\Desktop\dali\PCB_Project\Sheet2.SchDoc","NET_MEMBER","NET_MEMBER@NetK105_CC2_S1_5@PIN@XMRMKSPH@$$$\XMRMKSPH-1","NetK105_CC2_S1_5","PIN","TP_CC2_F_S1.1","TP_CC2_F_S1","XMRMKSPH","$$$\XMRMKSPH-1","","","1","1","1","Passive","","","","","","","","","","1"
"C:\Users\shiwei.yang\Desktop\dali\PCB_Project\Sheet2.SchDoc","NET_MEMBER","NET_MEMBER@NetK105_CC2_S1_7@PORT@PD5_F_S1@Output","NetK105_CC2_S1_7","PORT","PD5_F_S1","","","","","","","","","Output","","","","","","","","","CONNECTED","PD5_F_S1"
"C:\Users\shiwei.yang\Desktop\dali\PCB_Project\Sheet2.SchDoc","NET_MEMBER","NET_MEMBER@NetK105_CC2_S1_7@PIN@MTJMGDRB@$$$\MTJMGDRB-7","NetK105_CC2_S1_7","PIN","K105_CC2_S1.7","K105_CC2_S1","MTJMGDRB","$$$\MTJMGDRB-7","","","2","7","7","Passive","","","","","","","","","","7"
"C:\Users\shiwei.yang\Desktop\dali\PCB_Project\Sheet2.SchDoc","NET_MEMBER","NET_MEMBER@NetK105_CC2_S1_7@PIN@GUOKIYUE@$$$\GUOKIYUE-1","NetK105_CC2_S1_7","PIN","R_PD5_S1.1","R_PD5_S1","GUOKIYUE","$$$\GUOKIYUE-1","","","1","1","1","Passive","","","","","","","","","","1"
"C:\Users\shiwei.yang\Desktop\dali\PCB_Project\Sheet2.SchDoc","NET_MEMBER","NET_MEMBER@NetK105_CC2_S1_7@PIN@XSIOOZMD@$$$\XSIOOZMD-1","NetK105_CC2_S1_7","PIN","TP_PD5_F_S1.1","TP_PD5_F_S1","XSIOOZMD","$$$\XSIOOZMD-1","","","1","1","1","Passive","","","","","","","","","","1"
"C:\Users\shiwei.yang\Desktop\dali\PCB_Project\Sheet2.SchDoc","NET_MEMBER","NET_MEMBER@NetK106_BUS_FH_PA1_S1_2@PORT@S5_ACM200_FH17@I/O","NetK106_BUS_FH_PA1_S1_2","PORT","S5_ACM200_FH17","","","","","","","","","I/O","","","","","","","","","CONNECTED","S5_ACM200_FH17"
"C:\Users\shiwei.yang\Desktop\dali\PCB_Project\Sheet2.SchDoc","NET_MEMBER","NET_MEMBER@NetK106_BUS_FH_PA1_S1_2@PIN@DNMZFTGT@$$$\DNMZFTGT-2","NetK106_BUS_FH_PA1_S1_2","PIN","K106_BUS_FH_PA1_S1.2","K106_BUS_FH_PA1_S1","DNMZFTGT","$$$\DNMZFTGT-2","","","1","2","NO","Passive","","","","","","","","","","2"
"C:\Users\shiwei.yang\Desktop\dali\PCB_Project\Sheet2.SchDoc","NET_MEMBER","NET_MEMBER@NetK106_BUS_FH_PA1_S1_2@PIN@RWGCPRDB@$$$\RWGCPRDB-6","NetK106_BUS_FH_PA1_S1_2","PIN","K107_PB1_S1.6","K107_PB1_S1","RWGCPRDB","$$$\RWGCPRDB-6","","","2","6","6","Passive","","","","","","","","","","6"
"C:\Users\shiwei.yang\Desktop\dali\PCB_Project\Sheet2.SchDoc","NET_MEMBER","NET_MEMBER@NetK106_BUS_SH_PA1_S1_2@PORT@S5_ACM200_SH17@I/O","NetK106_BUS_SH_PA1_S1_2","PORT","S5_ACM200_SH17","","","","","","","","","I/O","","","","","","","","","CONNECTED","S5_ACM200_SH17"
"C:\Users\shiwei.yang\Desktop\dali\PCB_Project\Sheet2.SchDoc","NET_MEMBER","NET_MEMBER@NetK106_BUS_SH_PA1_S1_2@PIN@TWNJUSEF@$$$\TWNJUSEF-2","NetK106_BUS_SH_PA1_S1_2","PIN","K106_BUS_SH_PA1_S1.2","K106_BUS_SH_PA1_S1","TWNJUSEF","$$$\TWNJUSEF-2","","","1","2","NO","Passive","","","","","","","","","","2"
"C:\Users\shiwei.yang\Desktop\dali\PCB_Project\Sheet2.SchDoc","NET_MEMBER","NET_MEMBER@NetK106_BUS_SH_PA1_S1_2@PIN@NZBWZPHP@$$$\NZBWZPHP-3","NetK106_BUS_SH_PA1_S1_2","PIN","K107_PB1_S1.3","K107_PB1_S1","NZBWZPHP","$$$\NZBWZPHP-3","","","1","3","3","Passive","","","","","","","","","","3"
"C:\Users\shiwei.yang\Desktop\dali\PCB_Project\Sheet2.SchDoc","NET_MEMBER","NET_MEMBER@NetK107_PB1_S1_2@PORT@PA1_S_S1@Output","NetK107_PB1_S1_2","PORT","PA1_S_S1","","","","","","","","","Output","","","","","","","","","CONNECTED","PA1_S_S1"
"C:\Users\shiwei.yang\Desktop\dali\PCB_Project\Sheet2.SchDoc","NET_MEMBER","NET_MEMBER@NetK107_PB1_S1_2@PIN@NZBWZPHP@$$$\NZBWZPHP-2","NetK107_PB1_S1_2","PIN","K107_PB1_S1.2","K107_PB1_S1","NZBWZPHP","$$$\NZBWZPHP-2","","","1","2","2","Passive","","","","","","","","","","2"
"C:\Users\shiwei.yang\Desktop\dali\PCB_Project\Sheet2.SchDoc","NET_MEMBER","NET_MEMBER@NetK107_PB1_S1_2@PIN@ANUBRCCF@$$$\ANUBRCCF-2","NetK107_PB1_S1_2","PIN","R_PA1_S1.2","R_PA1_S1","ANUBRCCF","$$$\ANUBRCCF-2","","","1","2","2","Passive","","","","","","","","","","2"
"C:\Users\shiwei.yang\Desktop\dali\PCB_Project\Sheet2.SchDoc","NET_MEMBER","NET_MEMBER@NetK107_PB1_S1_2@PIN@ZNKHGUJP@$$$\ZNKHGUJP-1","NetK107_PB1_S1_2","PIN","TP_PA1_S_S1.1","TP_PA1_S_S1","ZNKHGUJP","$$$\ZNKHGUJP-1","","","1","1","1","Passive","","","","","","","","","","1"
"C:\Users\shiwei.yang\Desktop\dali\PCB_Project\Sheet2.SchDoc","NET_MEMBER","NET_MEMBER@NetK107_PB1_S1_4@PORT@PB1_S_S1@Output","NetK107_PB1_S1_4","PORT","PB1_S_S1","","","","","","","","","Output","","","","","","","","","CONNECTED","PB1_S_S1"
"C:\Users\shiwei.yang\Desktop\dali\PCB_Project\Sheet2.SchDoc","NET_MEMBER","NET_MEMBER@NetK107_PB1_S1_4@PIN@NZBWZPHP@$$$\NZBWZPHP-4","NetK107_PB1_S1_4","PIN","K107_PB1_S1.4","K107_PB1_S1","NZBWZPHP","$$$\NZBWZPHP-4","","","1","4","4","Passive","","","","","","","","","","4"
"C:\Users\shiwei.yang\Desktop\dali\PCB_Project\Sheet2.SchDoc","NET_MEMBER","NET_MEMBER@NetK107_PB1_S1_4@PIN@BXNERNER@$$$\BXNERNER-2","NetK107_PB1_S1_4","PIN","R_PB1_S1.2","R_PB1_S1","BXNERNER","$$$\BXNERNER-2","","","1","2","2","Passive","","","","","","","","","","2"
"C:\Users\shiwei.yang\Desktop\dali\PCB_Project\Sheet2.SchDoc","NET_MEMBER","NET_MEMBER@NetK107_PB1_S1_4@PIN@BUQKQUVF@$$$\BUQKQUVF-1","NetK107_PB1_S1_4","PIN","TP_PB1_S_S1.1","TP_PB1_S_S1","BUQKQUVF","$$$\BUQKQUVF-1","","","1","1","1","Passive","","","","","","","","","","1"
"C:\Users\shiwei.yang\Desktop\dali\PCB_Project\Sheet2.SchDoc","NET_MEMBER","NET_MEMBER@NetK107_PB1_S1_5@PORT@PB1_F_S1@Output","NetK107_PB1_S1_5","PORT","PB1_F_S1","","","","","","","","","Output","","","","","","","","","CONNECTED","PB1_F_S1"
"C:\Users\shiwei.yang\Desktop\dali\PCB_Project\Sheet2.SchDoc","NET_MEMBER","NET_MEMBER@NetK107_PB1_S1_5@PIN@RWGCPRDB@$$$\RWGCPRDB-5","NetK107_PB1_S1_5","PIN","K107_PB1_S1.5","K107_PB1_S1","RWGCPRDB","$$$\RWGCPRDB-5","","","2","5","5","Passive","","","","","","","","","","5"
"C:\Users\shiwei.yang\Desktop\dali\PCB_Project\Sheet2.SchDoc","NET_MEMBER","NET_MEMBER@NetK107_PB1_S1_5@PIN@BXNERNER@$$$\BXNERNER-1","NetK107_PB1_S1_5","PIN","R_PB1_S1.1","R_PB1_S1","BXNERNER","$$$\BXNERNER-1","","","1","1","1","Passive","","","","","","","","","","1"
"C:\Users\shiwei.yang\Desktop\dali\PCB_Project\Sheet2.SchDoc","NET_MEMBER","NET_MEMBER@NetK107_PB1_S1_5@PIN@ITGURZFQ@$$$\ITGURZFQ-1","NetK107_PB1_S1_5","PIN","TP_PB1_F_S1.1","TP_PB1_F_S1","ITGURZFQ","$$$\ITGURZFQ-1","","","1","1","1","Passive","","","","","","","","","","1"
"C:\Users\shiwei.yang\Desktop\dali\PCB_Project\Sheet2.SchDoc","NET_MEMBER","NET_MEMBER@NetK107_PB1_S1_7@PORT@PA1_F_S1@Output","NetK107_PB1_S1_7","PORT","PA1_F_S1","","","","","","","","","Output","","","","","","","","","CONNECTED","PA1_F_S1"
"C:\Users\shiwei.yang\Desktop\dali\PCB_Project\Sheet2.SchDoc","NET_MEMBER","NET_MEMBER@NetK107_PB1_S1_7@PORT@S24_P15@I/O","NetK107_PB1_S1_7","PORT","S24_P15","","","","","","","","","I/O","","","","","","","","","CONNECTED","S24_P15"
"C:\Users\shiwei.yang\Desktop\dali\PCB_Project\Sheet2.SchDoc","NET_MEMBER","NET_MEMBER@NetK107_PB1_S1_7@PIN@RWGCPRDB@$$$\RWGCPRDB-7","NetK107_PB1_S1_7","PIN","K107_PB1_S1.7","K107_PB1_S1","RWGCPRDB","$$$\RWGCPRDB-7","","","2","7","7","Passive","","","","","","","","","","7"
"C:\Users\shiwei.yang\Desktop\dali\PCB_Project\Sheet2.SchDoc","NET_MEMBER","NET_MEMBER@NetK107_PB1_S1_7@PIN@YQRLJKVS@$$$\YQRLJKVS-1","NetK107_PB1_S1_7","PIN","R_PA1_PD_S1.1","R_PA1_PD_S1","YQRLJKVS","$$$\YQRLJKVS-1","","","1","1","1","Passive","","","","","","","","","","1"
"C:\Users\shiwei.yang\Desktop\dali\PCB_Project\Sheet2.SchDoc","NET_MEMBER","NET_MEMBER@NetK107_PB1_S1_7@PIN@DKLQDXMT@$$$\DKLQDXMT-1","NetK107_PB1_S1_7","PIN","R_PA1_PU_S1.1","R_PA1_PU_S1","DKLQDXMT","$$$\DKLQDXMT-1","","","1","1","1","Passive","","","","","","","","","","1"
"C:\Users\shiwei.yang\Desktop\dali\PCB_Project\Sheet2.SchDoc","NET_MEMBER","NET_MEMBER@NetK107_PB1_S1_7@PIN@ANUBRCCF@$$$\ANUBRCCF-1","NetK107_PB1_S1_7","PIN","R_PA1_S1.1","R_PA1_S1","ANUBRCCF","$$$\ANUBRCCF-1","","","1","1","1","Passive","","","","","","","","","","1"
"C:\Users\shiwei.yang\Desktop\dali\PCB_Project\Sheet2.SchDoc","NET_MEMBER","NET_MEMBER@NetK107_PB1_S1_7@PIN@AKFYXYYU@$$$\AKFYXYYU-1","NetK107_PB1_S1_7","PIN","TP_PA1_F_S1.1","TP_PA1_F_S1","AKFYXYYU","$$$\AKFYXYYU-1","","","1","1","1","Passive","","","","","","","","","","1"
"C:\Users\shiwei.yang\Desktop\dali\PCB_Project\Sheet2.SchDoc","NET_MEMBER","NET_MEMBER@NetK108_PA1_PU_S1_1@PIN@VTDZQTBK@$$$\VTDZQTBK-1","NetK108_PA1_PU_S1_1","PIN","K108_PA1_PU_S1.1","K108_PA1_PU_S1","VTDZQTBK","$$$\VTDZQTBK-1","","","1","1","COMMON","Passive","","","","","","","","","","1"
"C:\Users\shiwei.yang\Desktop\dali\PCB_Project\Sheet2.SchDoc","NET_MEMBER","NET_MEMBER@NetK108_PA1_PU_S1_1@PIN@DKLQDXMT@$$$\DKLQDXMT-2","NetK108_PA1_PU_S1_1","PIN","R_PA1_PU_S1.2","R_PA1_PU_S1","DKLQDXMT","$$$\DKLQDXMT-2","","","1","2","2","Passive","","","","","","","","","","2"
"C:\Users\shiwei.yang\Desktop\dali\PCB_Project\Sheet2.SchDoc","NET_MEMBER","NET_MEMBER@NetK109_BUSL_PB0_S1_2@PIN@AIIQGUCK@$$$\AIIQGUCK-2","NetK109_BUSL_PB0_S1_2","PIN","K109_BUSL_PB0_S1.2","K109_BUSL_PB0_S1","AIIQGUCK","$$$\AIIQGUCK-2","","","1","2","2","Passive","","","","","","","","","","2"
"C:\Users\shiwei.yang\Desktop\dali\PCB_Project\Sheet2.SchDoc","NET_MEMBER","NET_MEMBER@NetK109_BUSL_PB0_S1_4@PORT@S5_ACM200_FH18@I/O","NetK109_BUSL_PB0_S1_4","PORT","S5_ACM200_FH18","","","","","","","","","I/O","","","","","","","","","CONNECTED","S5_ACM200_FH18"
"C:\Users\shiwei.yang\Desktop\dali\PCB_Project\Sheet2.SchDoc","NET_MEMBER","NET_MEMBER@NetK109_BUSL_PB0_S1_4@PIN@AIIQGUCK@$$$\AIIQGUCK-4","NetK109_BUSL_PB0_S1_4","PIN","K109_BUSL_PB0_S1.4","K109_BUSL_PB0_S1","AIIQGUCK","$$$\AIIQGUCK-4","","","1","4","4","Passive","","","","","","","","","","4"
"C:\Users\shiwei.yang\Desktop\dali\PCB_Project\Sheet2.SchDoc","NET_MEMBER","NET_MEMBER@NetK109_BUSL_PB0_S1_4@PIN@XQNMUPPD@$$$\XQNMUPPD-6","NetK109_BUSL_PB0_S1_4","PIN","K110_BST_S1.6","K110_BST_S1","XQNMUPPD","$$$\XQNMUPPD-6","","","2","6","6","Passive","","","","","","","","","","6"
"C:\Users\shiwei.yang\Desktop\dali\PCB_Project\Sheet2.SchDoc","NET_MEMBER","NET_MEMBER@NetK109_BUSL_PB0_S1_5@PORT@S5_ACM200_SH18@I/O","NetK109_BUSL_PB0_S1_5","PORT","S5_ACM200_SH18","","","","","","","","","I/O","","","","","","","","","CONNECTED","S5_ACM200_SH18"
"C:\Users\shiwei.yang\Desktop\dali\PCB_Project\Sheet2.SchDoc","NET_MEMBER","NET_MEMBER@NetK109_BUSL_PB0_S1_5@PIN@REJTYYHD@$$$\REJTYYHD-5","NetK109_BUSL_PB0_S1_5","PIN","K109_BUSL_PB0_S1.5","K109_BUSL_PB0_S1","REJTYYHD","$$$\REJTYYHD-5","","","2","5","5","Passive","","","","","","","","","","5"
"C:\Users\shiwei.yang\Desktop\dali\PCB_Project\Sheet2.SchDoc","NET_MEMBER","NET_MEMBER@NetK109_BUSL_PB0_S1_5@PIN@NOLPAYWM@$$$\NOLPAYWM-3","NetK109_BUSL_PB0_S1_5","PIN","K110_BST_S1.3","K110_BST_S1","NOLPAYWM","$$$\NOLPAYWM-3","","","1","3","3","Passive","","","","","","","","","","3"
"C:\Users\shiwei.yang\Desktop\dali\PCB_Project\Sheet2.SchDoc","NET_MEMBER","NET_MEMBER@NetK109_BUSL_PB0_S1_7@PIN@REJTYYHD@$$$\REJTYYHD-7","NetK109_BUSL_PB0_S1_7","PIN","K109_BUSL_PB0_S1.7","K109_BUSL_PB0_S1","REJTYYHD","$$$\REJTYYHD-7","","","2","7","7","Passive","","","","","","","","","","7"
"C:\Users\shiwei.yang\Desktop\dali\PCB_Project\Sheet2.SchDoc","NET_MEMBER","NET_MEMBER@NetK110_BST_S1_2@PORT@PB0_S_S1@Output","NetK110_BST_S1_2","PORT","PB0_S_S1","","","","","","","","","Output","","","","","","","","","CONNECTED","PB0_S_S1"
"C:\Users\shiwei.yang\Desktop\dali\PCB_Project\Sheet2.SchDoc","NET_MEMBER","NET_MEMBER@NetK110_BST_S1_2@PORT@PWM1_S_S1@Output","NetK110_BST_S1_2","PORT","PWM1_S_S1","","","","","","","","","Output","","","","","","","","","CONNECTED","PWM1_S_S1"
"C:\Users\shiwei.yang\Desktop\dali\PCB_Project\Sheet2.SchDoc","NET_MEMBER","NET_MEMBER@NetK110_BST_S1_2@PIN@NOLPAYWM@$$$\NOLPAYWM-2","NetK110_BST_S1_2","PIN","K110_BST_S1.2","K110_BST_S1","NOLPAYWM","$$$\NOLPAYWM-2","","","1","2","2","Passive","","","","","","","","","","2"
"C:\Users\shiwei.yang\Desktop\dali\PCB_Project\Sheet2.SchDoc","NET_MEMBER","NET_MEMBER@NetK110_BST_S1_2@PIN@MMHZZKTV@$$$\MMHZZKTV-2","NetK110_BST_S1_2","PIN","R_PB0_S1.2","R_PB0_S1","MMHZZKTV","$$$\MMHZZKTV-2","","","1","2","2","Passive","","","","","","","","","","2"
"C:\Users\shiwei.yang\Desktop\dali\PCB_Project\Sheet2.SchDoc","NET_MEMBER","NET_MEMBER@NetK110_BST_S1_2@PIN@DCWRNJTM@$$$\DCWRNJTM-1","NetK110_BST_S1_2","PIN","TP_PB0_S_S1.1","TP_PB0_S_S1","DCWRNJTM","$$$\DCWRNJTM-1","","","1","1","1","Passive","","","","","","","","","","1"
"C:\Users\shiwei.yang\Desktop\dali\PCB_Project\Sheet2.SchDoc","NET_MEMBER","NET_MEMBER@NetK110_BST_S1_7@PORT@PB0_F_S1@Output","NetK110_BST_S1_7","PORT","PB0_F_S1","","","","","","","","","Output","","","","","","","","","CONNECTED","PB0_F_S1"
"C:\Users\shiwei.yang\Desktop\dali\PCB_Project\Sheet2.SchDoc","NET_MEMBER","NET_MEMBER@NetK110_BST_S1_7@PORT@PWM1_F_S1@Output","NetK110_BST_S1_7","PORT","PWM1_F_S1","","","","","","","","","Output","","","","","","","","","CONNECTED","PWM1_F_S1"
"C:\Users\shiwei.yang\Desktop\dali\PCB_Project\Sheet2.SchDoc","NET_MEMBER","NET_MEMBER@NetK110_BST_S1_7@PORT@S24_P10@I/O","NetK110_BST_S1_7","PORT","S24_P10","","","","","","","","","I/O","","","","","","","","","CONNECTED","S24_P10"
"C:\Users\shiwei.yang\Desktop\dali\PCB_Project\Sheet2.SchDoc","NET_MEMBER","NET_MEMBER@NetK110_BST_S1_7@PIN@XQNMUPPD@$$$\XQNMUPPD-7","NetK110_BST_S1_7","PIN","K110_BST_S1.7","K110_BST_S1","XQNMUPPD","$$$\XQNMUPPD-7","","","2","7","7","Passive","","","","","","","","","","7"
"C:\Users\shiwei.yang\Desktop\dali\PCB_Project\Sheet2.SchDoc","NET_MEMBER","NET_MEMBER@NetK110_BST_S1_7@PIN@MMHZZKTV@$$$\MMHZZKTV-1","NetK110_BST_S1_7","PIN","R_PB0_S1.1","R_PB0_S1","MMHZZKTV","$$$\MMHZZKTV-1","","","1","1","1","Passive","","","","","","","","","","1"
"C:\Users\shiwei.yang\Desktop\dali\PCB_Project\Sheet2.SchDoc","NET_MEMBER","NET_MEMBER@NetK110_BST_S1_7@PIN@XNOKGWZD@$$$\XNOKGWZD-1","NetK110_BST_S1_7","PIN","TP_PB0_F_S1.1","TP_PB0_F_S1","XNOKGWZD","$$$\XNOKGWZD-1","","","1","1","1","Passive","","","","","","","","","","1"
"C:\Users\shiwei.yang\Desktop\dali\PCB_Project\Sheet2.SchDoc","NET_MEMBER","NET_MEMBER@NetK111_BUS_FH_PA6_S1_2@PORT@S5_ACM200_FH19@I/O","NetK111_BUS_FH_PA6_S1_2","PORT","S5_ACM200_FH19","","","","","","","","","I/O","","","","","","","","","CONNECTED","S5_ACM200_FH19"
"C:\Users\shiwei.yang\Desktop\dali\PCB_Project\Sheet2.SchDoc","NET_MEMBER","NET_MEMBER@NetK111_BUS_FH_PA6_S1_2@PIN@BUZYNIQL@$$$\BUZYNIQL-2","NetK111_BUS_FH_PA6_S1_2","PIN","K111_BUS_FH_PA6_S1.2","K111_BUS_FH_PA6_S1","BUZYNIQL","$$$\BUZYNIQL-2","","","1","2","NO","Passive","","","","","","","","","","2"
"C:\Users\shiwei.yang\Desktop\dali\PCB_Project\Sheet2.SchDoc","NET_MEMBER","NET_MEMBER@NetK111_BUS_FH_PA6_S1_2@PIN@DUKZWPTP@$$$\DUKZWPTP-6","NetK111_BUS_FH_PA6_S1_2","PIN","K112_PC5_S1.6","K112_PC5_S1","DUKZWPTP","$$$\DUKZWPTP-6","","","2","6","6","Passive","","","","","","","","","","6"
"C:\Users\shiwei.yang\Desktop\dali\PCB_Project\Sheet2.SchDoc","NET_MEMBER","NET_MEMBER@NetK111_BUS_SH_PA6_S1_2@PORT@S5_ACM200_SH19@I/O","NetK111_BUS_SH_PA6_S1_2","PORT","S5_ACM200_SH19","","","","","","","","","I/O","","","","","","","","","CONNECTED","S5_ACM200_SH19"
"C:\Users\shiwei.yang\Desktop\dali\PCB_Project\Sheet2.SchDoc","NET_MEMBER","NET_MEMBER@NetK111_BUS_SH_PA6_S1_2@PIN@EFNNTZCQ@$$$\EFNNTZCQ-2","NetK111_BUS_SH_PA6_S1_2","PIN","K111_BUS_SH_PA6_S1.2","K111_BUS_SH_PA6_S1","EFNNTZCQ","$$$\EFNNTZCQ-2","","","1","2","NO","Passive","","","","","","","","","","2"
"C:\Users\shiwei.yang\Desktop\dali\PCB_Project\Sheet2.SchDoc","NET_MEMBER","NET_MEMBER@NetK111_BUS_SH_PA6_S1_2@PIN@QYWPDVRI@$$$\QYWPDVRI-3","NetK111_BUS_SH_PA6_S1_2","PIN","K112_PC5_S1.3","K112_PC5_S1","QYWPDVRI","$$$\QYWPDVRI-3","","","1","3","3","Passive","","","","","","","","","","3"
"C:\Users\shiwei.yang\Desktop\dali\PCB_Project\Sheet2.SchDoc","NET_MEMBER","NET_MEMBER@NetK112_PC5_S1_2@PORT@PA6_S_S1@Output","NetK112_PC5_S1_2","PORT","PA6_S_S1","","","","","","","","","Output","","","","","","","","","CONNECTED","PA6_S_S1"
"C:\Users\shiwei.yang\Desktop\dali\PCB_Project\Sheet2.SchDoc","NET_MEMBER","NET_MEMBER@NetK112_PC5_S1_2@PORT@PWM2_S_S1@Output","NetK112_PC5_S1_2","PORT","PWM2_S_S1","","","","","","","","","Output","","","","","","","","","CONNECTED","PWM2_S_S1"
"C:\Users\shiwei.yang\Desktop\dali\PCB_Project\Sheet2.SchDoc","NET_MEMBER","NET_MEMBER@NetK112_PC5_S1_2@PIN@QYWPDVRI@$$$\QYWPDVRI-2","NetK112_PC5_S1_2","PIN","K112_PC5_S1.2","K112_PC5_S1","QYWPDVRI","$$$\QYWPDVRI-2","","","1","2","2","Passive","","","","","","","","","","2"
"C:\Users\shiwei.yang\Desktop\dali\PCB_Project\Sheet2.SchDoc","NET_MEMBER","NET_MEMBER@NetK112_PC5_S1_2@PIN@FQELXJYU@$$$\FQELXJYU-2","NetK112_PC5_S1_2","PIN","R_PA6_S1.2","R_PA6_S1","FQELXJYU","$$$\FQELXJYU-2","","","1","2","2","Passive","","","","","","","","","","2"
"C:\Users\shiwei.yang\Desktop\dali\PCB_Project\Sheet2.SchDoc","NET_MEMBER","NET_MEMBER@NetK112_PC5_S1_2@PIN@HCQARASJ@$$$\HCQARASJ-1","NetK112_PC5_S1_2","PIN","TP_PA6_S_S1.1","TP_PA6_S_S1","HCQARASJ","$$$\HCQARASJ-1","","","1","1","1","Passive","","","","","","","","","","1"
"C:\Users\shiwei.yang\Desktop\dali\PCB_Project\Sheet2.SchDoc","NET_MEMBER","NET_MEMBER@NetK112_PC5_S1_4@PORT@PC5_S_S1@Output","NetK112_PC5_S1_4","PORT","PC5_S_S1","","","","","","","","","Output","","","","","","","","","CONNECTED","PC5_S_S1"
"C:\Users\shiwei.yang\Desktop\dali\PCB_Project\Sheet2.SchDoc","NET_MEMBER","NET_MEMBER@NetK112_PC5_S1_4@PIN@QYWPDVRI@$$$\QYWPDVRI-4","NetK112_PC5_S1_4","PIN","K112_PC5_S1.4","K112_PC5_S1","QYWPDVRI","$$$\QYWPDVRI-4","","","1","4","4","Passive","","","","","","","","","","4"
"C:\Users\shiwei.yang\Desktop\dali\PCB_Project\Sheet2.SchDoc","NET_MEMBER","NET_MEMBER@NetK112_PC5_S1_4@PIN@KIENIJPS@$$$\KIENIJPS-2","NetK112_PC5_S1_4","PIN","R_PC5_S1.2","R_PC5_S1","KIENIJPS","$$$\KIENIJPS-2","","","1","2","2","Passive","","","","","","","","","","2"
"C:\Users\shiwei.yang\Desktop\dali\PCB_Project\Sheet2.SchDoc","NET_MEMBER","NET_MEMBER@NetK112_PC5_S1_4@PIN@YFNEEHKS@$$$\YFNEEHKS-1","NetK112_PC5_S1_4","PIN","TP_PC5_S_S1.1","TP_PC5_S_S1","YFNEEHKS","$$$\YFNEEHKS-1","","","1","1","1","Passive","","","","","","","","","","1"
"C:\Users\shiwei.yang\Desktop\dali\PCB_Project\Sheet2.SchDoc","NET_MEMBER","NET_MEMBER@NetK112_PC5_S1_5@PORT@PC5_F_S1@Output","NetK112_PC5_S1_5","PORT","PC5_F_S1","","","","","","","","","Output","","","","","","","","","CONNECTED","PC5_F_S1"
"C:\Users\shiwei.yang\Desktop\dali\PCB_Project\Sheet2.SchDoc","NET_MEMBER","NET_MEMBER@NetK112_PC5_S1_5@PIN@DUKZWPTP@$$$\DUKZWPTP-5","NetK112_PC5_S1_5","PIN","K112_PC5_S1.5","K112_PC5_S1","DUKZWPTP","$$$\DUKZWPTP-5","","","2","5","5","Passive","","","","","","","","","","5"
"C:\Users\shiwei.yang\Desktop\dali\PCB_Project\Sheet2.SchDoc","NET_MEMBER","NET_MEMBER@NetK112_PC5_S1_5@PIN@KIENIJPS@$$$\KIENIJPS-1","NetK112_PC5_S1_5","PIN","R_PC5_S1.1","R_PC5_S1","KIENIJPS","$$$\KIENIJPS-1","","","1","1","1","Passive","","","","","","","","","","1"
"C:\Users\shiwei.yang\Desktop\dali\PCB_Project\Sheet2.SchDoc","NET_MEMBER","NET_MEMBER@NetK112_PC5_S1_5@PIN@TLPYGJSJ@$$$\TLPYGJSJ-1","NetK112_PC5_S1_5","PIN","TP_PC5_F_S1.1","TP_PC5_F_S1","TLPYGJSJ","$$$\TLPYGJSJ-1","","","1","1","1","Passive","","","","","","","","","","1"
"C:\Users\shiwei.yang\Desktop\dali\PCB_Project\Sheet2.SchDoc","NET_MEMBER","NET_MEMBER@NetK112_PC5_S1_7@PORT@PA6_F_S1@Output","NetK112_PC5_S1_7","PORT","PA6_F_S1","","","","","","","","","Output","","","","","","","","","CONNECTED","PA6_F_S1"
"C:\Users\shiwei.yang\Desktop\dali\PCB_Project\Sheet2.SchDoc","NET_MEMBER","NET_MEMBER@NetK112_PC5_S1_7@PORT@PWM2_F_S1@Output","NetK112_PC5_S1_7","PORT","PWM2_F_S1","","","","","","","","","Output","","","","","","","","","CONNECTED","PWM2_F_S1"
"C:\Users\shiwei.yang\Desktop\dali\PCB_Project\Sheet2.SchDoc","NET_MEMBER","NET_MEMBER@NetK112_PC5_S1_7@PORT@S24_P9@I/O","NetK112_PC5_S1_7","PORT","S24_P9","","","","","","","","","I/O","","","","","","","","","CONNECTED","S24_P9"
"C:\Users\shiwei.yang\Desktop\dali\PCB_Project\Sheet2.SchDoc","NET_MEMBER","NET_MEMBER@NetK112_PC5_S1_7@PIN@DUKZWPTP@$$$\DUKZWPTP-7","NetK112_PC5_S1_7","PIN","K112_PC5_S1.7","K112_PC5_S1","DUKZWPTP","$$$\DUKZWPTP-7","","","2","7","7","Passive","","","","","","","","","","7"
"C:\Users\shiwei.yang\Desktop\dali\PCB_Project\Sheet2.SchDoc","NET_MEMBER","NET_MEMBER@NetK112_PC5_S1_7@PIN@KNXNNOUN@$$$\KNXNNOUN-1","NetK112_PC5_S1_7","PIN","R_PA6_PU_S1.1","R_PA6_PU_S1","KNXNNOUN","$$$\KNXNNOUN-1","","","1","1","1","Passive","","","","","","","","","","1"
"C:\Users\shiwei.yang\Desktop\dali\PCB_Project\Sheet2.SchDoc","NET_MEMBER","NET_MEMBER@NetK112_PC5_S1_7@PIN@FQELXJYU@$$$\FQELXJYU-1","NetK112_PC5_S1_7","PIN","R_PA6_S1.1","R_PA6_S1","FQELXJYU","$$$\FQELXJYU-1","","","1","1","1","Passive","","","","","","","","","","1"
"C:\Users\shiwei.yang\Desktop\dali\PCB_Project\Sheet2.SchDoc","NET_MEMBER","NET_MEMBER@NetK112_PC5_S1_7@PIN@MENHMTRL@$$$\MENHMTRL-1","NetK112_PC5_S1_7","PIN","TP_PA6_F_S1.1","TP_PA6_F_S1","MENHMTRL","$$$\MENHMTRL-1","","","1","1","1","Passive","","","","","","","","","","1"
"C:\Users\shiwei.yang\Desktop\dali\PCB_Project\Sheet2.SchDoc","NET_MEMBER","NET_MEMBER@NetK113_PA6_PU_S1_1@PIN@RVGOVQZI@$$$\RVGOVQZI-1","NetK113_PA6_PU_S1_1","PIN","K113_PA6_PU_S1.1","K113_PA6_PU_S1","RVGOVQZI","$$$\RVGOVQZI-1","","","1","1","COMMON","Passive","","","","","","","","","","1"
"C:\Users\shiwei.yang\Desktop\dali\PCB_Project\Sheet2.SchDoc","NET_MEMBER","NET_MEMBER@NetK113_PA6_PU_S1_1@PIN@KNXNNOUN@$$$\KNXNNOUN-2","NetK113_PA6_PU_S1_1","PIN","R_PA6_PU_S1.2","R_PA6_PU_S1","KNXNNOUN","$$$\KNXNNOUN-2","","","1","2","2","Passive","","","","","","","","","","2"
"C:\Users\shiwei.yang\Desktop\dali\PCB_Project\Sheet2.SchDoc","NET_MEMBER","NET_MEMBER@NetK114_BUSL_PA5_S1_2@PIN@GDYLJDQU@$$$\GDYLJDQU-2","NetK114_BUSL_PA5_S1_2","PIN","K114_BUSL_PA5_S1.2","K114_BUSL_PA5_S1","GDYLJDQU","$$$\GDYLJDQU-2","","","1","2","2","Passive","","","","","","","","","","2"
"C:\Users\shiwei.yang\Desktop\dali\PCB_Project\Sheet2.SchDoc","NET_MEMBER","NET_MEMBER@NetK114_BUSL_PA5_S1_4@PORT@S5_ACM200_FH20@I/O","NetK114_BUSL_PA5_S1_4","PORT","S5_ACM200_FH20","","","","","","","","","I/O","","","","","","","","","CONNECTED","S5_ACM200_FH20"
"C:\Users\shiwei.yang\Desktop\dali\PCB_Project\Sheet2.SchDoc","NET_MEMBER","NET_MEMBER@NetK114_BUSL_PA5_S1_4@PIN@GDYLJDQU@$$$\GDYLJDQU-4","NetK114_BUSL_PA5_S1_4","PIN","K114_BUSL_PA5_S1.4","K114_BUSL_PA5_S1","GDYLJDQU","$$$\GDYLJDQU-4","","","1","4","4","Passive","","","","","","","","","","4"
"C:\Users\shiwei.yang\Desktop\dali\PCB_Project\Sheet2.SchDoc","NET_MEMBER","NET_MEMBER@NetK114_BUSL_PA5_S1_4@PIN@URUVEZUF@$$$\URUVEZUF-6","NetK114_BUSL_PA5_S1_4","PIN","K115_PB2_S1.6","K115_PB2_S1","URUVEZUF","$$$\URUVEZUF-6","","","2","6","6","Passive","","","","","","","","","","6"
"C:\Users\shiwei.yang\Desktop\dali\PCB_Project\Sheet2.SchDoc","NET_MEMBER","NET_MEMBER@NetK114_BUSL_PA5_S1_5@PORT@S5_ACM200_SH20@I/O","NetK114_BUSL_PA5_S1_5","PORT","S5_ACM200_SH20","","","","","","","","","I/O","","","","","","","","","CONNECTED","S5_ACM200_SH20"
"C:\Users\shiwei.yang\Desktop\dali\PCB_Project\Sheet2.SchDoc","NET_MEMBER","NET_MEMBER@NetK114_BUSL_PA5_S1_5@PIN@RQDHACWR@$$$\RQDHACWR-5","NetK114_BUSL_PA5_S1_5","PIN","K114_BUSL_PA5_S1.5","K114_BUSL_PA5_S1","RQDHACWR","$$$\RQDHACWR-5","","","2","5","5","Passive","","","","","","","","","","5"
"C:\Users\shiwei.yang\Desktop\dali\PCB_Project\Sheet2.SchDoc","NET_MEMBER","NET_MEMBER@NetK114_BUSL_PA5_S1_5@PIN@IXMTHNQR@$$$\IXMTHNQR-3","NetK114_BUSL_PA5_S1_5","PIN","K115_PB2_S1.3","K115_PB2_S1","IXMTHNQR","$$$\IXMTHNQR-3","","","1","3","3","Passive","","","","","","","","","","3"
"C:\Users\shiwei.yang\Desktop\dali\PCB_Project\Sheet2.SchDoc","NET_MEMBER","NET_MEMBER@NetK114_BUSL_PA5_S1_7@PIN@RQDHACWR@$$$\RQDHACWR-7","NetK114_BUSL_PA5_S1_7","PIN","K114_BUSL_PA5_S1.7","K114_BUSL_PA5_S1","RQDHACWR","$$$\RQDHACWR-7","","","2","7","7","Passive","","","","","","","","","","7"
"C:\Users\shiwei.yang\Desktop\dali\PCB_Project\Sheet2.SchDoc","NET_MEMBER","NET_MEMBER@NetK115_PB2_S1_4@PORT@PB2_S_S1@Output","NetK115_PB2_S1_4","PORT","PB2_S_S1","","","","","","","","","Output","","","","","","","","","CONNECTED","PB2_S_S1"
"C:\Users\shiwei.yang\Desktop\dali\PCB_Project\Sheet2.SchDoc","NET_MEMBER","NET_MEMBER@NetK115_PB2_S1_4@PIN@IXMTHNQR@$$$\IXMTHNQR-4","NetK115_PB2_S1_4","PIN","K115_PB2_S1.4","K115_PB2_S1","IXMTHNQR","$$$\IXMTHNQR-4","","","1","4","4","Passive","","","","","","","","","","4"
"C:\Users\shiwei.yang\Desktop\dali\PCB_Project\Sheet2.SchDoc","NET_MEMBER","NET_MEMBER@NetK115_PB2_S1_4@PIN@XQLHRDJD@$$$\XQLHRDJD-2","NetK115_PB2_S1_4","PIN","R_PB2_S1.2","R_PB2_S1","XQLHRDJD","$$$\XQLHRDJD-2","","","1","2","2","Passive","","","","","","","","","","2"
"C:\Users\shiwei.yang\Desktop\dali\PCB_Project\Sheet2.SchDoc","NET_MEMBER","NET_MEMBER@NetK115_PB2_S1_4@PIN@HDSYUYNL@$$$\HDSYUYNL-1","NetK115_PB2_S1_4","PIN","TP_PB2_S_S1.1","TP_PB2_S_S1","HDSYUYNL","$$$\HDSYUYNL-1","","","1","1","1","Passive","","","","","","","","","","1"
"C:\Users\shiwei.yang\Desktop\dali\PCB_Project\Sheet2.SchDoc","NET_MEMBER","NET_MEMBER@NetK115_PB2_S1_5@PORT@PB2_F_S1@Output","NetK115_PB2_S1_5","PORT","PB2_F_S1","","","","","","","","","Output","","","","","","","","","CONNECTED","PB2_F_S1"
"C:\Users\shiwei.yang\Desktop\dali\PCB_Project\Sheet2.SchDoc","NET_MEMBER","NET_MEMBER@NetK115_PB2_S1_5@PIN@URUVEZUF@$$$\URUVEZUF-5","NetK115_PB2_S1_5","PIN","K115_PB2_S1.5","K115_PB2_S1","URUVEZUF","$$$\URUVEZUF-5","","","2","5","5","Passive","","","","","","","","","","5"
"C:\Users\shiwei.yang\Desktop\dali\PCB_Project\Sheet2.SchDoc","NET_MEMBER","NET_MEMBER@NetK115_PB2_S1_5@PIN@XQLHRDJD@$$$\XQLHRDJD-1","NetK115_PB2_S1_5","PIN","R_PB2_S1.1","R_PB2_S1","XQLHRDJD","$$$\XQLHRDJD-1","","","1","1","1","Passive","","","","","","","","","","1"
"C:\Users\shiwei.yang\Desktop\dali\PCB_Project\Sheet2.SchDoc","NET_MEMBER","NET_MEMBER@NetK115_PB2_S1_5@PIN@SZBABDFZ@$$$\SZBABDFZ-1","NetK115_PB2_S1_5","PIN","TP_PB2_F_S1.1","TP_PB2_F_S1","SZBABDFZ","$$$\SZBABDFZ-1","","","1","1","1","Passive","","","","","","","","","","1"
"C:\Users\shiwei.yang\Desktop\dali\PCB_Project\Sheet2.SchDoc","NET_MEMBER","NET_MEMBER@NetK116_BUS_FH_PB7_S1_2@PORT@S5_ACM200_FH21@I/O","NetK116_BUS_FH_PB7_S1_2","PORT","S5_ACM200_FH21","","","","","","","","","I/O","","","","","","","","","CONNECTED","S5_ACM200_FH21"
"C:\Users\shiwei.yang\Desktop\dali\PCB_Project\Sheet2.SchDoc","NET_MEMBER","NET_MEMBER@NetK116_BUS_FH_PB7_S1_2@PIN@MFWHUXHB@$$$\MFWHUXHB-2","NetK116_BUS_FH_PB7_S1_2","PIN","K116_BUS_FH_PB7_S1.2","K116_BUS_FH_PB7_S1","MFWHUXHB","$$$\MFWHUXHB-2","","","1","2","NO","Passive","","","","","","","","","","2"
"C:\Users\shiwei.yang\Desktop\dali\PCB_Project\Sheet2.SchDoc","NET_MEMBER","NET_MEMBER@NetK116_BUS_FH_PB7_S1_2@PIN@ITRMLCFH@$$$\ITRMLCFH-6","NetK116_BUS_FH_PB7_S1_2","PIN","K117_PB6_S1.6","K117_PB6_S1","ITRMLCFH","$$$\ITRMLCFH-6","","","2","6","6","Passive","","","","","","","","","","6"
"C:\Users\shiwei.yang\Desktop\dali\PCB_Project\Sheet2.SchDoc","NET_MEMBER","NET_MEMBER@NetK116_BUS_SH_PB7_S1_2@PORT@S5_ACM200_SH21@I/O","NetK116_BUS_SH_PB7_S1_2","PORT","S5_ACM200_SH21","","","","","","","","","I/O","","","","","","","","","CONNECTED","S5_ACM200_SH21"
"C:\Users\shiwei.yang\Desktop\dali\PCB_Project\Sheet2.SchDoc","NET_MEMBER","NET_MEMBER@NetK116_BUS_SH_PB7_S1_2@PIN@THOZWDLF@$$$\THOZWDLF-2","NetK116_BUS_SH_PB7_S1_2","PIN","K116_BUS_SH_PB7_S1.2","K116_BUS_SH_PB7_S1","THOZWDLF","$$$\THOZWDLF-2","","","1","2","NO","Passive","","","","","","","","","","2"
"C:\Users\shiwei.yang\Desktop\dali\PCB_Project\Sheet2.SchDoc","NET_MEMBER","NET_MEMBER@NetK116_BUS_SH_PB7_S1_2@PIN@YMMRSMUB@$$$\YMMRSMUB-3","NetK116_BUS_SH_PB7_S1_2","PIN","K117_PB6_S1.3","K117_PB6_S1","YMMRSMUB","$$$\YMMRSMUB-3","","","1","3","3","Passive","","","","","","","","","","3"
"C:\Users\shiwei.yang\Desktop\dali\PCB_Project\Sheet2.SchDoc","NET_MEMBER","NET_MEMBER@NetK117_PB6_S1_2@PORT@PB7_S_S1@Output","NetK117_PB6_S1_2","PORT","PB7_S_S1","","","","","","","","","Output","","","","","","","","","CONNECTED","PB7_S_S1"
"C:\Users\shiwei.yang\Desktop\dali\PCB_Project\Sheet2.SchDoc","NET_MEMBER","NET_MEMBER@NetK117_PB6_S1_2@PIN@YMMRSMUB@$$$\YMMRSMUB-2","NetK117_PB6_S1_2","PIN","K117_PB6_S1.2","K117_PB6_S1","YMMRSMUB","$$$\YMMRSMUB-2","","","1","2","2","Passive","","","","","","","","","","2"
"C:\Users\shiwei.yang\Desktop\dali\PCB_Project\Sheet2.SchDoc","NET_MEMBER","NET_MEMBER@NetK117_PB6_S1_2@PIN@PTLSVUYT@$$$\PTLSVUYT-2","NetK117_PB6_S1_2","PIN","R_PB7_S1.2","R_PB7_S1","PTLSVUYT","$$$\PTLSVUYT-2","","","1","2","2","Passive","","","","","","","","","","2"
"C:\Users\shiwei.yang\Desktop\dali\PCB_Project\Sheet2.SchDoc","NET_MEMBER","NET_MEMBER@NetK117_PB6_S1_2@PIN@QKMBZRNZ@$$$\QKMBZRNZ-1","NetK117_PB6_S1_2","PIN","TP_PB7_S_S1.1","TP_PB7_S_S1","QKMBZRNZ","$$$\QKMBZRNZ-1","","","1","1","1","Passive","","","","","","","","","","1"
"C:\Users\shiwei.yang\Desktop\dali\PCB_Project\Sheet2.SchDoc","NET_MEMBER","NET_MEMBER@NetK117_PB6_S1_4@PORT@PB6_S_S1@Output","NetK117_PB6_S1_4","PORT","PB6_S_S1","","","","","","","","","Output","","","","","","","","","CONNECTED","PB6_S_S1"
"C:\Users\shiwei.yang\Desktop\dali\PCB_Project\Sheet2.SchDoc","NET_MEMBER","NET_MEMBER@NetK117_PB6_S1_4@PIN@YMMRSMUB@$$$\YMMRSMUB-4","NetK117_PB6_S1_4","PIN","K117_PB6_S1.4","K117_PB6_S1","YMMRSMUB","$$$\YMMRSMUB-4","","","1","4","4","Passive","","","","","","","","","","4"
"C:\Users\shiwei.yang\Desktop\dali\PCB_Project\Sheet2.SchDoc","NET_MEMBER","NET_MEMBER@NetK117_PB6_S1_4@PIN@XEXZFZYV@$$$\XEXZFZYV-2","NetK117_PB6_S1_4","PIN","R_PB6_S1.2","R_PB6_S1","XEXZFZYV","$$$\XEXZFZYV-2","","","1","2","2","Passive","","","","","","","","","","2"
"C:\Users\shiwei.yang\Desktop\dali\PCB_Project\Sheet2.SchDoc","NET_MEMBER","NET_MEMBER@NetK117_PB6_S1_4@PIN@BVLELQEK@$$$\BVLELQEK-1","NetK117_PB6_S1_4","PIN","TP_PB6_S_S1.1","TP_PB6_S_S1","BVLELQEK","$$$\BVLELQEK-1","","","1","1","1","Passive","","","","","","","","","","1"
"C:\Users\shiwei.yang\Desktop\dali\PCB_Project\Sheet2.SchDoc","NET_MEMBER","NET_MEMBER@NetK117_PB6_S1_5@PORT@PB6_F_S1@Output","NetK117_PB6_S1_5","PORT","PB6_F_S1","","","","","","","","","Output","","","","","","","","","CONNECTED","PB6_F_S1"
"C:\Users\shiwei.yang\Desktop\dali\PCB_Project\Sheet2.SchDoc","NET_MEMBER","NET_MEMBER@NetK117_PB6_S1_5@PORT@S24_P6@I/O","NetK117_PB6_S1_5","PORT","S24_P6","","","","","","","","","I/O","","","","","","","","","CONNECTED","S24_P6"
"C:\Users\shiwei.yang\Desktop\dali\PCB_Project\Sheet2.SchDoc","NET_MEMBER","NET_MEMBER@NetK117_PB6_S1_5@PIN@ITRMLCFH@$$$\ITRMLCFH-5","NetK117_PB6_S1_5","PIN","K117_PB6_S1.5","K117_PB6_S1","ITRMLCFH","$$$\ITRMLCFH-5","","","2","5","5","Passive","","","","","","","","","","5"
"C:\Users\shiwei.yang\Desktop\dali\PCB_Project\Sheet2.SchDoc","NET_MEMBER","NET_MEMBER@NetK117_PB6_S1_5@PIN@XEXZFZYV@$$$\XEXZFZYV-1","NetK117_PB6_S1_5","PIN","R_PB6_S1.1","R_PB6_S1","XEXZFZYV","$$$\XEXZFZYV-1","","","1","1","1","Passive","","","","","","","","","","1"
"C:\Users\shiwei.yang\Desktop\dali\PCB_Project\Sheet2.SchDoc","NET_MEMBER","NET_MEMBER@NetK117_PB6_S1_5@PIN@LBOXPSQA@$$$\LBOXPSQA-1","NetK117_PB6_S1_5","PIN","TP_PB6_F_S1.1","TP_PB6_F_S1","LBOXPSQA","$$$\LBOXPSQA-1","","","1","1","1","Passive","","","","","","","","","","1"
"C:\Users\shiwei.yang\Desktop\dali\PCB_Project\Sheet2.SchDoc","NET_MEMBER","NET_MEMBER@NetK117_PB6_S1_7@PORT@PB7_F_S1@Output","NetK117_PB6_S1_7","PORT","PB7_F_S1","","","","","","","","","Output","","","","","","","","","CONNECTED","PB7_F_S1"
"C:\Users\shiwei.yang\Desktop\dali\PCB_Project\Sheet2.SchDoc","NET_MEMBER","NET_MEMBER@NetK117_PB6_S1_7@PIN@ITRMLCFH@$$$\ITRMLCFH-7","NetK117_PB6_S1_7","PIN","K117_PB6_S1.7","K117_PB6_S1","ITRMLCFH","$$$\ITRMLCFH-7","","","2","7","7","Passive","","","","","","","","","","7"
"C:\Users\shiwei.yang\Desktop\dali\PCB_Project\Sheet2.SchDoc","NET_MEMBER","NET_MEMBER@NetK117_PB6_S1_7@PIN@PTLSVUYT@$$$\PTLSVUYT-1","NetK117_PB6_S1_7","PIN","R_PB7_S1.1","R_PB7_S1","PTLSVUYT","$$$\PTLSVUYT-1","","","1","1","1","Passive","","","","","","","","","","1"
"C:\Users\shiwei.yang\Desktop\dali\PCB_Project\Sheet2.SchDoc","NET_MEMBER","NET_MEMBER@NetK117_PB6_S1_7@PIN@ICHDTCJE@$$$\ICHDTCJE-1","NetK117_PB6_S1_7","PIN","TP_PB7_F_S1.1","TP_PB7_F_S1","ICHDTCJE","$$$\ICHDTCJE-1","","","1","1","1","Passive","","","","","","","","","","1"
"C:\Users\shiwei.yang\Desktop\dali\PCB_Project\Sheet2.SchDoc","NET_MEMBER","NET_MEMBER@NetK118_BUS_FL_PA4_S1_2@PORT@S5_ACM200_FH22@I/O","NetK118_BUS_FL_PA4_S1_2","PORT","S5_ACM200_FH22","","","","","","","","","I/O","","","","","","","","","CONNECTED","S5_ACM200_FH22"
"C:\Users\shiwei.yang\Desktop\dali\PCB_Project\Sheet2.SchDoc","NET_MEMBER","NET_MEMBER@NetK118_BUS_FL_PA4_S1_2@PIN@JHODAGYI@$$$\JHODAGYI-2","NetK118_BUS_FL_PA4_S1_2","PIN","K118_BUS_FL_PA4_S1.2","K118_BUS_FL_PA4_S1","JHODAGYI","$$$\JHODAGYI-2","","","1","2","NO","Passive","","","","","","","","","","2"
"C:\Users\shiwei.yang\Desktop\dali\PCB_Project\Sheet2.SchDoc","NET_MEMBER","NET_MEMBER@NetK118_BUS_FL_PA4_S1_2@PIN@CEXJHLWM@$$$\CEXJHLWM-6","NetK118_BUS_FL_PA4_S1_2","PIN","K119_PB4_S1.6","K119_PB4_S1","CEXJHLWM","$$$\CEXJHLWM-6","","","2","6","6","Passive","","","","","","","","","","6"
"C:\Users\shiwei.yang\Desktop\dali\PCB_Project\Sheet2.SchDoc","NET_MEMBER","NET_MEMBER@NetK118_BUS_SL_PA4_S1_2@PORT@S5_ACM200_SH22@I/O","NetK118_BUS_SL_PA4_S1_2","PORT","S5_ACM200_SH22","","","","","","","","","I/O","","","","","","","","","CONNECTED","S5_ACM200_SH22"
"C:\Users\shiwei.yang\Desktop\dali\PCB_Project\Sheet2.SchDoc","NET_MEMBER","NET_MEMBER@NetK118_BUS_SL_PA4_S1_2@PIN@UOPJJRGR@$$$\UOPJJRGR-2","NetK118_BUS_SL_PA4_S1_2","PIN","K118_BUS_SL_PA4_S1.2","K118_BUS_SL_PA4_S1","UOPJJRGR","$$$\UOPJJRGR-2","","","1","2","NO","Passive","","","","","","","","","","2"
"C:\Users\shiwei.yang\Desktop\dali\PCB_Project\Sheet2.SchDoc","NET_MEMBER","NET_MEMBER@NetK118_BUS_SL_PA4_S1_2@PIN@SYTSAQWH@$$$\SYTSAQWH-3","NetK118_BUS_SL_PA4_S1_2","PIN","K119_PB4_S1.3","K119_PB4_S1","SYTSAQWH","$$$\SYTSAQWH-3","","","1","3","3","Passive","","","","","","","","","","3"
"C:\Users\shiwei.yang\Desktop\dali\PCB_Project\Sheet2.SchDoc","NET_MEMBER","NET_MEMBER@NetK119_PB4_S1_2@PORT@PA4_S_S1@Output","NetK119_PB4_S1_2","PORT","PA4_S_S1","","","","","","","","","Output","","","","","","","","","CONNECTED","PA4_S_S1"
"C:\Users\shiwei.yang\Desktop\dali\PCB_Project\Sheet2.SchDoc","NET_MEMBER","NET_MEMBER@NetK119_PB4_S1_2@PIN@SYTSAQWH@$$$\SYTSAQWH-2","NetK119_PB4_S1_2","PIN","K119_PB4_S1.2","K119_PB4_S1","SYTSAQWH","$$$\SYTSAQWH-2","","","1","2","2","Passive","","","","","","","","","","2"
"C:\Users\shiwei.yang\Desktop\dali\PCB_Project\Sheet2.SchDoc","NET_MEMBER","NET_MEMBER@NetK119_PB4_S1_2@PIN@YBUWBWJK@$$$\YBUWBWJK-1","NetK119_PB4_S1_2","PIN","K153_PA4_S1.1","K153_PA4_S1","YBUWBWJK","$$$\YBUWBWJK-1","","","1","1","COMMON","Passive","","","","","","","","","","1"
"C:\Users\shiwei.yang\Desktop\dali\PCB_Project\Sheet2.SchDoc","NET_MEMBER","NET_MEMBER@NetK119_PB4_S1_2@PIN@ADNGJOUI@$$$\ADNGJOUI-2","NetK119_PB4_S1_2","PIN","R_PA4_S1.2","R_PA4_S1","ADNGJOUI","$$$\ADNGJOUI-2","","","1","2","2","Passive","","","","","","","","","","2"
"C:\Users\shiwei.yang\Desktop\dali\PCB_Project\Sheet2.SchDoc","NET_MEMBER","NET_MEMBER@NetK119_PB4_S1_2@PIN@HTEUNVWI@$$$\HTEUNVWI-1","NetK119_PB4_S1_2","PIN","TP_PA4_S_S1.1","TP_PA4_S_S1","HTEUNVWI","$$$\HTEUNVWI-1","","","1","1","1","Passive","","","","","","","","","","1"
"C:\Users\shiwei.yang\Desktop\dali\PCB_Project\Sheet2.SchDoc","NET_MEMBER","NET_MEMBER@NetK119_PB4_S1_4@PORT@PB4_S_S1@Output","NetK119_PB4_S1_4","PORT","PB4_S_S1","","","","","","","","","Output","","","","","","","","","CONNECTED","PB4_S_S1"
"C:\Users\shiwei.yang\Desktop\dali\PCB_Project\Sheet2.SchDoc","NET_MEMBER","NET_MEMBER@NetK119_PB4_S1_4@PIN@SYTSAQWH@$$$\SYTSAQWH-4","NetK119_PB4_S1_4","PIN","K119_PB4_S1.4","K119_PB4_S1","SYTSAQWH","$$$\SYTSAQWH-4","","","1","4","4","Passive","","","","","","","","","","4"
"C:\Users\shiwei.yang\Desktop\dali\PCB_Project\Sheet2.SchDoc","NET_MEMBER","NET_MEMBER@NetK119_PB4_S1_4@PIN@WFRZKPLO@$$$\WFRZKPLO-2","NetK119_PB4_S1_4","PIN","R_PB4_S1.2","R_PB4_S1","WFRZKPLO","$$$\WFRZKPLO-2","","","1","2","2","Passive","","","","","","","","","","2"
"C:\Users\shiwei.yang\Desktop\dali\PCB_Project\Sheet2.SchDoc","NET_MEMBER","NET_MEMBER@NetK119_PB4_S1_4@PIN@PBWHCTSH@$$$\PBWHCTSH-1","NetK119_PB4_S1_4","PIN","TP_PB4_S_S1.1","TP_PB4_S_S1","PBWHCTSH","$$$\PBWHCTSH-1","","","1","1","1","Passive","","","","","","","","","","1"
"C:\Users\shiwei.yang\Desktop\dali\PCB_Project\Sheet2.SchDoc","NET_MEMBER","NET_MEMBER@NetK119_PB4_S1_5@PORT@PB4_F_S1@Output","NetK119_PB4_S1_5","PORT","PB4_F_S1","","","","","","","","","Output","","","","","","","","","CONNECTED","PB4_F_S1"
"C:\Users\shiwei.yang\Desktop\dali\PCB_Project\Sheet2.SchDoc","NET_MEMBER","NET_MEMBER@NetK119_PB4_S1_5@PIN@CEXJHLWM@$$$\CEXJHLWM-5","NetK119_PB4_S1_5","PIN","K119_PB4_S1.5","K119_PB4_S1","CEXJHLWM","$$$\CEXJHLWM-5","","","2","5","5","Passive","","","","","","","","","","5"
"C:\Users\shiwei.yang\Desktop\dali\PCB_Project\Sheet2.SchDoc","NET_MEMBER","NET_MEMBER@NetK119_PB4_S1_5@PIN@WFRZKPLO@$$$\WFRZKPLO-1","NetK119_PB4_S1_5","PIN","R_PB4_S1.1","R_PB4_S1","WFRZKPLO","$$$\WFRZKPLO-1","","","1","1","1","Passive","","","","","","","","","","1"
"C:\Users\shiwei.yang\Desktop\dali\PCB_Project\Sheet2.SchDoc","NET_MEMBER","NET_MEMBER@NetK119_PB4_S1_5@PIN@RHEDMNGM@$$$\RHEDMNGM-1","NetK119_PB4_S1_5","PIN","TP_PB4_F_S1.1","TP_PB4_F_S1","RHEDMNGM","$$$\RHEDMNGM-1","","","1","1","1","Passive","","","","","","","","","","1"
"C:\Users\shiwei.yang\Desktop\dali\PCB_Project\Sheet2.SchDoc","NET_MEMBER","NET_MEMBER@NetK119_PB4_S1_7@PORT@PA4_F_S1@Output","NetK119_PB4_S1_7","PORT","PA4_F_S1","","","","","","","","","Output","","","","","","","","","CONNECTED","PA4_F_S1"
"C:\Users\shiwei.yang\Desktop\dali\PCB_Project\Sheet2.SchDoc","NET_MEMBER","NET_MEMBER@NetK119_PB4_S1_7@PORT@S24_P12@I/O","NetK119_PB4_S1_7","PORT","S24_P12","","","","","","","","","I/O","","","","","","","","","CONNECTED","S24_P12"
"C:\Users\shiwei.yang\Desktop\dali\PCB_Project\Sheet2.SchDoc","NET_MEMBER","NET_MEMBER@NetK119_PB4_S1_7@PIN@CEXJHLWM@$$$\CEXJHLWM-7","NetK119_PB4_S1_7","PIN","K119_PB4_S1.7","K119_PB4_S1","CEXJHLWM","$$$\CEXJHLWM-7","","","2","7","7","Passive","","","","","","","","","","7"
"C:\Users\shiwei.yang\Desktop\dali\PCB_Project\Sheet2.SchDoc","NET_MEMBER","NET_MEMBER@NetK119_PB4_S1_7@PIN@UPKXOJLC@$$$\UPKXOJLC-1","NetK119_PB4_S1_7","PIN","R_PA4_PD_S1.1","R_PA4_PD_S1","UPKXOJLC","$$$\UPKXOJLC-1","","","1","1","1","Passive","","","","","","","","","","1"
"C:\Users\shiwei.yang\Desktop\dali\PCB_Project\Sheet2.SchDoc","NET_MEMBER","NET_MEMBER@NetK119_PB4_S1_7@PIN@ADNGJOUI@$$$\ADNGJOUI-1","NetK119_PB4_S1_7","PIN","R_PA4_S1.1","R_PA4_S1","ADNGJOUI","$$$\ADNGJOUI-1","","","1","1","1","Passive","","","","","","","","","","1"
"C:\Users\shiwei.yang\Desktop\dali\PCB_Project\Sheet2.SchDoc","NET_MEMBER","NET_MEMBER@NetK119_PB4_S1_7@PIN@ECGKZEEW@$$$\ECGKZEEW-1","NetK119_PB4_S1_7","PIN","TP_PA4_F_S1.1","TP_PA4_F_S1","ECGKZEEW","$$$\ECGKZEEW-1","","","1","1","1","Passive","","","","","","","","","","1"
"C:\Users\shiwei.yang\Desktop\dali\PCB_Project\Sheet2.SchDoc","NET_MEMBER","NET_MEMBER@NetK120_BUS_FH_PA7_S1_2@PORT@S5_ACM200_FH23@I/O","NetK120_BUS_FH_PA7_S1_2","PORT","S5_ACM200_FH23","","","","","","","","","I/O","","","","","","","","","CONNECTED","S5_ACM200_FH23"
"C:\Users\shiwei.yang\Desktop\dali\PCB_Project\Sheet2.SchDoc","NET_MEMBER","NET_MEMBER@NetK120_BUS_FH_PA7_S1_2@PIN@TKPAKHDB@$$$\TKPAKHDB-2","NetK120_BUS_FH_PA7_S1_2","PIN","K120_BUS_FH_PA7_S1.2","K120_BUS_FH_PA7_S1","TKPAKHDB","$$$\TKPAKHDB-2","","","1","2","NO","Passive","","","","","","","","","","2"
"C:\Users\shiwei.yang\Desktop\dali\PCB_Project\Sheet2.SchDoc","NET_MEMBER","NET_MEMBER@NetK120_BUS_FH_PA7_S1_2@PIN@WHHJZWSM@$$$\WHHJZWSM-6","NetK120_BUS_FH_PA7_S1_2","PIN","K121_PD2_S1.6","K121_PD2_S1","WHHJZWSM","$$$\WHHJZWSM-6","","","2","6","6","Passive","","","","","","","","","","6"
"C:\Users\shiwei.yang\Desktop\dali\PCB_Project\Sheet2.SchDoc","NET_MEMBER","NET_MEMBER@NetK120_BUS_SH_PA7_S1_2@PORT@S5_ACM200_SH23@I/O","NetK120_BUS_SH_PA7_S1_2","PORT","S5_ACM200_SH23","","","","","","","","","I/O","","","","","","","","","CONNECTED","S5_ACM200_SH23"
"C:\Users\shiwei.yang\Desktop\dali\PCB_Project\Sheet2.SchDoc","NET_MEMBER","NET_MEMBER@NetK120_BUS_SH_PA7_S1_2@PIN@XDMVSPWC@$$$\XDMVSPWC-2","NetK120_BUS_SH_PA7_S1_2","PIN","K120_BUS_SH_PA7_S1.2","K120_BUS_SH_PA7_S1","XDMVSPWC","$$$\XDMVSPWC-2","","","1","2","NO","Passive","","","","","","","","","","2"
"C:\Users\shiwei.yang\Desktop\dali\PCB_Project\Sheet2.SchDoc","NET_MEMBER","NET_MEMBER@NetK120_BUS_SH_PA7_S1_2@PIN@LFCADTWP@$$$\LFCADTWP-3","NetK120_BUS_SH_PA7_S1_2","PIN","K121_PD2_S1.3","K121_PD2_S1","LFCADTWP","$$$\LFCADTWP-3","","","1","3","3","Passive","","","","","","","","","","3"
"C:\Users\shiwei.yang\Desktop\dali\PCB_Project\Sheet2.SchDoc","NET_MEMBER","NET_MEMBER@NetK121_PD2_S1_2@PORT@DMA_S_S1@Output","NetK121_PD2_S1_2","PORT","DMA_S_S1","","","","","","","","","Output","","","","","","","","","CONNECTED","DMA_S_S1"
"C:\Users\shiwei.yang\Desktop\dali\PCB_Project\Sheet2.SchDoc","NET_MEMBER","NET_MEMBER@NetK121_PD2_S1_2@PORT@PA7_S_S1@Output","NetK121_PD2_S1_2","PORT","PA7_S_S1","","","","","","","","","Output","","","","","","","","","CONNECTED","PA7_S_S1"
"C:\Users\shiwei.yang\Desktop\dali\PCB_Project\Sheet2.SchDoc","NET_MEMBER","NET_MEMBER@NetK121_PD2_S1_2@PIN@LFCADTWP@$$$\LFCADTWP-2","NetK121_PD2_S1_2","PIN","K121_PD2_S1.2","K121_PD2_S1","LFCADTWP","$$$\LFCADTWP-2","","","1","2","2","Passive","","","","","","","","","","2"
"C:\Users\shiwei.yang\Desktop\dali\PCB_Project\Sheet2.SchDoc","NET_MEMBER","NET_MEMBER@NetK121_PD2_S1_2@PIN@MJFSKWFS@$$$\MJFSKWFS-2","NetK121_PD2_S1_2","PIN","R_PA7_S1.2","R_PA7_S1","MJFSKWFS","$$$\MJFSKWFS-2","","","1","2","2","Passive","","","","","","","","","","2"
"C:\Users\shiwei.yang\Desktop\dali\PCB_Project\Sheet2.SchDoc","NET_MEMBER","NET_MEMBER@NetK121_PD2_S1_2@PIN@DCLNITAN@$$$\DCLNITAN-1","NetK121_PD2_S1_2","PIN","TP_PA7_S_S1.1","TP_PA7_S_S1","DCLNITAN","$$$\DCLNITAN-1","","","1","1","1","Passive","","","","","","","","","","1"
"C:\Users\shiwei.yang\Desktop\dali\PCB_Project\Sheet2.SchDoc","NET_MEMBER","NET_MEMBER@NetK121_PD2_S1_4@PORT@PD2_S_S1@Output","NetK121_PD2_S1_4","PORT","PD2_S_S1","","","","","","","","","Output","","","","","","","","","CONNECTED","PD2_S_S1"
"C:\Users\shiwei.yang\Desktop\dali\PCB_Project\Sheet2.SchDoc","NET_MEMBER","NET_MEMBER@NetK121_PD2_S1_4@PIN@LFCADTWP@$$$\LFCADTWP-4","NetK121_PD2_S1_4","PIN","K121_PD2_S1.4","K121_PD2_S1","LFCADTWP","$$$\LFCADTWP-4","","","1","4","4","Passive","","","","","","","","","","4"
"C:\Users\shiwei.yang\Desktop\dali\PCB_Project\Sheet2.SchDoc","NET_MEMBER","NET_MEMBER@NetK121_PD2_S1_4@PIN@RPSILLYZ@$$$\RPSILLYZ-2","NetK121_PD2_S1_4","PIN","R_PD2_S1.2","R_PD2_S1","RPSILLYZ","$$$\RPSILLYZ-2","","","1","2","2","Passive","","","","","","","","","","2"
"C:\Users\shiwei.yang\Desktop\dali\PCB_Project\Sheet2.SchDoc","NET_MEMBER","NET_MEMBER@NetK121_PD2_S1_4@PIN@VPLHLVEY@$$$\VPLHLVEY-1","NetK121_PD2_S1_4","PIN","TP_PD2_S_S1.1","TP_PD2_S_S1","VPLHLVEY","$$$\VPLHLVEY-1","","","1","1","1","Passive","","","","","","","","","","1"
"C:\Users\shiwei.yang\Desktop\dali\PCB_Project\Sheet2.SchDoc","NET_MEMBER","NET_MEMBER@NetK121_PD2_S1_5@PORT@PD2_F_S1@Output","NetK121_PD2_S1_5","PORT","PD2_F_S1","","","","","","","","","Output","","","","","","","","","CONNECTED","PD2_F_S1"
"C:\Users\shiwei.yang\Desktop\dali\PCB_Project\Sheet2.SchDoc","NET_MEMBER","NET_MEMBER@NetK121_PD2_S1_5@PIN@WHHJZWSM@$$$\WHHJZWSM-5","NetK121_PD2_S1_5","PIN","K121_PD2_S1.5","K121_PD2_S1","WHHJZWSM","$$$\WHHJZWSM-5","","","2","5","5","Passive","","","","","","","","","","5"
"C:\Users\shiwei.yang\Desktop\dali\PCB_Project\Sheet2.SchDoc","NET_MEMBER","NET_MEMBER@NetK121_PD2_S1_5@PIN@RPSILLYZ@$$$\RPSILLYZ-1","NetK121_PD2_S1_5","PIN","R_PD2_S1.1","R_PD2_S1","RPSILLYZ","$$$\RPSILLYZ-1","","","1","1","1","Passive","","","","","","","","","","1"
"C:\Users\shiwei.yang\Desktop\dali\PCB_Project\Sheet2.SchDoc","NET_MEMBER","NET_MEMBER@NetK121_PD2_S1_5@PIN@HHPRDWCU@$$$\HHPRDWCU-1","NetK121_PD2_S1_5","PIN","TP_PD2_F_S1.1","TP_PD2_F_S1","HHPRDWCU","$$$\HHPRDWCU-1","","","1","1","1","Passive","","","","","","","","","","1"
"C:\Users\shiwei.yang\Desktop\dali\PCB_Project\Sheet2.SchDoc","NET_MEMBER","NET_MEMBER@NetK121_PD2_S1_7@PORT@DMA_F_S1@Output","NetK121_PD2_S1_7","PORT","DMA_F_S1","","","","","","","","","Output","","","","","","","","","CONNECTED","DMA_F_S1"
"C:\Users\shiwei.yang\Desktop\dali\PCB_Project\Sheet2.SchDoc","NET_MEMBER","NET_MEMBER@NetK121_PD2_S1_7@PORT@PA7_F_S1@Output","NetK121_PD2_S1_7","PORT","PA7_F_S1","","","","","","","","","Output","","","","","","","","","CONNECTED","PA7_F_S1"
"C:\Users\shiwei.yang\Desktop\dali\PCB_Project\Sheet2.SchDoc","NET_MEMBER","NET_MEMBER@NetK121_PD2_S1_7@PORT@S24_P7@I/O","NetK121_PD2_S1_7","PORT","S24_P7","","","","","","","","","I/O","","","","","","","","","CONNECTED","S24_P7"
"C:\Users\shiwei.yang\Desktop\dali\PCB_Project\Sheet2.SchDoc","NET_MEMBER","NET_MEMBER@NetK121_PD2_S1_7@PIN@WHHJZWSM@$$$\WHHJZWSM-7","NetK121_PD2_S1_7","PIN","K121_PD2_S1.7","K121_PD2_S1","WHHJZWSM","$$$\WHHJZWSM-7","","","2","7","7","Passive","","","","","","","","","","7"
"C:\Users\shiwei.yang\Desktop\dali\PCB_Project\Sheet2.SchDoc","NET_MEMBER","NET_MEMBER@NetK121_PD2_S1_7@PIN@YUSJUFYS@$$$\YUSJUFYS-1","NetK121_PD2_S1_7","PIN","R_PA7_PU_S1.1","R_PA7_PU_S1","YUSJUFYS","$$$\YUSJUFYS-1","","","1","1","1","Passive","","","","","","","","","","1"
"C:\Users\shiwei.yang\Desktop\dali\PCB_Project\Sheet2.SchDoc","NET_MEMBER","NET_MEMBER@NetK121_PD2_S1_7@PIN@MJFSKWFS@$$$\MJFSKWFS-1","NetK121_PD2_S1_7","PIN","R_PA7_S1.1","R_PA7_S1","MJFSKWFS","$$$\MJFSKWFS-1","","","1","1","1","Passive","","","","","","","","","","1"
"C:\Users\shiwei.yang\Desktop\dali\PCB_Project\Sheet2.SchDoc","NET_MEMBER","NET_MEMBER@NetK121_PD2_S1_7@PIN@IIIXRIAJ@$$$\IIIXRIAJ-1","NetK121_PD2_S1_7","PIN","TP_PA7_F_S1.1","TP_PA7_F_S1","IIIXRIAJ","$$$\IIIXRIAJ-1","","","1","1","1","Passive","","","","","","","","","","1"
"C:\Users\shiwei.yang\Desktop\dali\PCB_Project\Sheet2.SchDoc","NET_MEMBER","NET_MEMBER@NetK122_PA7_PU_S1_1@PIN@EDCJYAXN@$$$\EDCJYAXN-1","NetK122_PA7_PU_S1_1","PIN","K122_PA7_PU_S1.1","K122_PA7_PU_S1","EDCJYAXN","$$$\EDCJYAXN-1","","","1","1","COMMON","Passive","","","","","","","","","","1"
"C:\Users\shiwei.yang\Desktop\dali\PCB_Project\Sheet2.SchDoc","NET_MEMBER","NET_MEMBER@NetK122_PA7_PU_S1_1@PIN@YUSJUFYS@$$$\YUSJUFYS-2","NetK122_PA7_PU_S1_1","PIN","R_PA7_PU_S1.2","R_PA7_PU_S1","YUSJUFYS","$$$\YUSJUFYS-2","","","1","2","2","Passive","","","","","","","","","","2"
"C:\Users\shiwei.yang\Desktop\dali\PCB_Project\Sheet2.SchDoc","NET_MEMBER","NET_MEMBER@NetK123_BUSL_PB5_S1_2@PIN@MJSVNQMY@$$$\MJSVNQMY-2","NetK123_BUSL_PB5_S1_2","PIN","K123_BUSL_PB5_S1.2","K123_BUSL_PB5_S1","MJSVNQMY","$$$\MJSVNQMY-2","","","1","2","2","Passive","","","","","","","","","","2"
"C:\Users\shiwei.yang\Desktop\dali\PCB_Project\Sheet2.SchDoc","NET_MEMBER","NET_MEMBER@NetK123_BUSL_PB5_S1_4@PORT@S3_FOVIe_FH4@I/O","NetK123_BUSL_PB5_S1_4","PORT","S3_FOVIe_FH4","","","","","","","","","I/O","","","","","","","","","CONNECTED","S3_FOVIe_FH4"
"C:\Users\shiwei.yang\Desktop\dali\PCB_Project\Sheet2.SchDoc","NET_MEMBER","NET_MEMBER@NetK123_BUSL_PB5_S1_4@PIN@MJSVNQMY@$$$\MJSVNQMY-4","NetK123_BUSL_PB5_S1_4","PIN","K123_BUSL_PB5_S1.4","K123_BUSL_PB5_S1","MJSVNQMY","$$$\MJSVNQMY-4","","","1","4","4","Passive","","","","","","","","","","4"
"C:\Users\shiwei.yang\Desktop\dali\PCB_Project\Sheet2.SchDoc","NET_MEMBER","NET_MEMBER@NetK123_BUSL_PB5_S1_4@PIN@JIZBBUWQ@$$$\JIZBBUWQ-3","NetK123_BUSL_PB5_S1_4","PIN","K124_nRST_S1.3","K124_nRST_S1","JIZBBUWQ","$$$\JIZBBUWQ-3","","","1","3","3","Passive","","","","","","","","","","3"
"C:\Users\shiwei.yang\Desktop\dali\PCB_Project\Sheet2.SchDoc","NET_MEMBER","NET_MEMBER@NetK123_BUSL_PB5_S1_5@PORT@S3_FOVIe_SH4@I/O","NetK123_BUSL_PB5_S1_5","PORT","S3_FOVIe_SH4","","","","","","","","","I/O","","","","","","","","","CONNECTED","S3_FOVIe_SH4"
"C:\Users\shiwei.yang\Desktop\dali\PCB_Project\Sheet2.SchDoc","NET_MEMBER","NET_MEMBER@NetK123_BUSL_PB5_S1_5@PIN@TWBGDWDJ@$$$\TWBGDWDJ-5","NetK123_BUSL_PB5_S1_5","PIN","K123_BUSL_PB5_S1.5","K123_BUSL_PB5_S1","TWBGDWDJ","$$$\TWBGDWDJ-5","","","2","5","5","Passive","","","","","","","","","","5"
"C:\Users\shiwei.yang\Desktop\dali\PCB_Project\Sheet2.SchDoc","NET_MEMBER","NET_MEMBER@NetK123_BUSL_PB5_S1_5@PIN@AYITLNVM@$$$\AYITLNVM-6","NetK123_BUSL_PB5_S1_5","PIN","K124_nRST_S1.6","K124_nRST_S1","AYITLNVM","$$$\AYITLNVM-6","","","2","6","6","Passive","","","","","","","","","","6"
"C:\Users\shiwei.yang\Desktop\dali\PCB_Project\Sheet2.SchDoc","NET_MEMBER","NET_MEMBER@NetK123_BUSL_PB5_S1_7@PIN@TWBGDWDJ@$$$\TWBGDWDJ-7","NetK123_BUSL_PB5_S1_7","PIN","K123_BUSL_PB5_S1.7","K123_BUSL_PB5_S1","TWBGDWDJ","$$$\TWBGDWDJ-7","","","2","7","7","Passive","","","","","","","","","","7"
"C:\Users\shiwei.yang\Desktop\dali\PCB_Project\Sheet2.SchDoc","NET_MEMBER","NET_MEMBER@PB5_FORCE_S1@PORT@PB5_F_S1@Output","PB5_FORCE_S1","PORT","PB5_F_S1","","","","","","","","","Output","","","","","","","","","CONNECTED","PB5_F_S1"
"C:\Users\shiwei.yang\Desktop\dali\PCB_Project\Sheet2.SchDoc","NET_MEMBER","NET_MEMBER@PB5_FORCE_S1@PORT@S24_P8@I/O","PB5_FORCE_S1","PORT","S24_P8","","","","","","","","","I/O","","","","","","","","","CONNECTED","S24_P8"
"C:\Users\shiwei.yang\Desktop\dali\PCB_Project\Sheet2.SchDoc","NET_MEMBER","NET_MEMBER@PB5_FORCE_S1@NET_LABEL@PB5_FORCE_S1@PB5_FORCE_S1","PB5_FORCE_S1","NET_LABEL","PB5_FORCE_S1","","","","","","","","","Passive","","","","","","","","","","PB5_FORCE_S1"
"C:\Users\shiwei.yang\Desktop\dali\PCB_Project\Sheet2.SchDoc","NET_MEMBER","NET_MEMBER@PB5_FORCE_S1@PIN@QZPPWEPT@$$$\QZPPWEPT-2","PB5_FORCE_S1","PIN","K69_PB5_F_S1.2","K69_PB5_F_S1","QZPPWEPT","$$$\QZPPWEPT-2","","","1","2","NO","Passive","","","","","","","","","","2"
"C:\Users\shiwei.yang\Desktop\dali\PCB_Project\Sheet2.SchDoc","NET_MEMBER","NET_MEMBER@PB5_FORCE_S1@PIN@YLEUXFIS@$$$\YLEUXFIS-7","PB5_FORCE_S1","PIN","K100_PC4_S1.7","K100_PC4_S1","YLEUXFIS","$$$\YLEUXFIS-7","","","2","7","7","Passive","","","","","","","","","","7"
"C:\Users\shiwei.yang\Desktop\dali\PCB_Project\Sheet2.SchDoc","NET_MEMBER","NET_MEMBER@PB5_FORCE_S1@PIN@JIZBBUWQ@$$$\JIZBBUWQ-2","PB5_FORCE_S1","PIN","K124_nRST_S1.2","K124_nRST_S1","JIZBBUWQ","$$$\JIZBBUWQ-2","","","1","2","2","Passive","","","","","","","","","","2"
"C:\Users\shiwei.yang\Desktop\dali\PCB_Project\Sheet2.SchDoc","NET_MEMBER","NET_MEMBER@PB5_FORCE_S1@PIN@UUMZIZLG@$$$\UUMZIZLG-2","PB5_FORCE_S1","PIN","K169_PB5_F_S1.2","K169_PB5_F_S1","UUMZIZLG","$$$\UUMZIZLG-2","","","1","2","NO","Passive","","","","","","","","","","2"
"C:\Users\shiwei.yang\Desktop\dali\PCB_Project\Sheet2.SchDoc","NET_MEMBER","NET_MEMBER@PB5_FORCE_S1@PIN@UMJJBDGX@$$$\UMJJBDGX-1","PB5_FORCE_S1","PIN","R_PB5_S1.1","R_PB5_S1","UMJJBDGX","$$$\UMJJBDGX-1","","","1","1","1","Passive","","","","","","","","","","1"
"C:\Users\shiwei.yang\Desktop\dali\PCB_Project\Sheet2.SchDoc","NET_MEMBER","NET_MEMBER@PB5_FORCE_S1@PIN@TCYQALYR@$$$\TCYQALYR-1","PB5_FORCE_S1","PIN","TP_PB5_F_S1.1","TP_PB5_F_S1","TCYQALYR","$$$\TCYQALYR-1","","","1","1","1","Passive","","","","","","","","","","1"
"C:\Users\shiwei.yang\Desktop\dali\PCB_Project\Sheet2.SchDoc","NET_MEMBER","NET_MEMBER@PB5_SENSE_S1@PORT@PB5_S_S1@Output","PB5_SENSE_S1","PORT","PB5_S_S1","","","","","","","","","Output","","","","","","","","","CONNECTED","PB5_S_S1"
"C:\Users\shiwei.yang\Desktop\dali\PCB_Project\Sheet2.SchDoc","NET_MEMBER","NET_MEMBER@PB5_SENSE_S1@NET_LABEL@PB5_SENSE_S1@PB5_SENSE_S1","PB5_SENSE_S1","NET_LABEL","PB5_SENSE_S1","","","","","","","","","Passive","","","","","","","","","","PB5_SENSE_S1"
"C:\Users\shiwei.yang\Desktop\dali\PCB_Project\Sheet2.SchDoc","NET_MEMBER","NET_MEMBER@PB5_SENSE_S1@PIN@ETXIXTLF@$$$\ETXIXTLF-2","PB5_SENSE_S1","PIN","K78_PB5_S_S1.2","K78_PB5_S_S1","ETXIXTLF","$$$\ETXIXTLF-2","","","1","2","NO","Passive","","","","","","","","","","2"
"C:\Users\shiwei.yang\Desktop\dali\PCB_Project\Sheet2.SchDoc","NET_MEMBER","NET_MEMBER@PB5_SENSE_S1@PIN@ZZQXFTGQ@$$$\ZZQXFTGQ-2","PB5_SENSE_S1","PIN","K100_PC4_S1.2","K100_PC4_S1","ZZQXFTGQ","$$$\ZZQXFTGQ-2","","","1","2","2","Passive","","","","","","","","","","2"
"C:\Users\shiwei.yang\Desktop\dali\PCB_Project\Sheet2.SchDoc","NET_MEMBER","NET_MEMBER@PB5_SENSE_S1@PIN@AYITLNVM@$$$\AYITLNVM-7","PB5_SENSE_S1","PIN","K124_nRST_S1.7","K124_nRST_S1","AYITLNVM","$$$\AYITLNVM-7","","","2","7","7","Passive","","","","","","","","","","7"
"C:\Users\shiwei.yang\Desktop\dali\PCB_Project\Sheet2.SchDoc","NET_MEMBER","NET_MEMBER@PB5_SENSE_S1@PIN@UMJJBDGX@$$$\UMJJBDGX-2","PB5_SENSE_S1","PIN","R_PB5_S1.2","R_PB5_S1","UMJJBDGX","$$$\UMJJBDGX-2","","","1","2","2","Passive","","","","","","","","","","2"
"C:\Users\shiwei.yang\Desktop\dali\PCB_Project\Sheet2.SchDoc","NET_MEMBER","NET_MEMBER@PB5_SENSE_S1@PIN@NYASYKHV@$$$\NYASYKHV-1","PB5_SENSE_S1","PIN","TP_PB5_S_S1.1","TP_PB5_S_S1","NYASYKHV","$$$\NYASYKHV-1","","","1","1","1","Passive","","","","","","","","","","1"
"C:\Users\shiwei.yang\Desktop\dali\PCB_Project\Sheet2.SchDoc","NET_MEMBER","NET_MEMBER@NetK125_U34_PS_S1_3@PORT@S3_FOVIe_FH6@I/O","NetK125_U34_PS_S1_3","PORT","S3_FOVIe_FH6","","","","","","","","","I/O","","","","","","","","","CONNECTED","S3_FOVIe_FH6"
"C:\Users\shiwei.yang\Desktop\dali\PCB_Project\Sheet2.SchDoc","NET_MEMBER","NET_MEMBER@NetK125_U34_PS_S1_3@PIN@FIUDKUWP@$$$\FIUDKUWP-3","NetK125_U34_PS_S1_3","PIN","K125_U34_PS_S1.3","K125_U34_PS_S1","FIUDKUWP","$$$\FIUDKUWP-3","","","1","3","3","Passive","","","","","","","","","","3"
"C:\Users\shiwei.yang\Desktop\dali\PCB_Project\Sheet2.SchDoc","NET_MEMBER","NET_MEMBER@NetK125_U34_PS_S1_6@PORT@S3_FOVIe_SH6@I/O","NetK125_U34_PS_S1_6","PORT","S3_FOVIe_SH6","","","","","","","","","I/O","","","","","","","","","CONNECTED","S3_FOVIe_SH6"
"C:\Users\shiwei.yang\Desktop\dali\PCB_Project\Sheet2.SchDoc","NET_MEMBER","NET_MEMBER@NetK125_U34_PS_S1_6@PIN@CLAAKOMN@$$$\CLAAKOMN-6","NetK125_U34_PS_S1_6","PIN","K125_U34_PS_S1.6","K125_U34_PS_S1","CLAAKOMN","$$$\CLAAKOMN-6","","","2","6","6","Passive","","","","","","","","","","6"
"C:\Users\shiwei.yang\Desktop\dali\PCB_Project\Sheet2.SchDoc","NET_MEMBER","NET_MEMBER@NetK125_U34_PS_S1_7@PORT@V1P5_S_S1@Output","NetK125_U34_PS_S1_7","PORT","V1P5_S_S1","","","","","","","","","Output","","","","","","","","","CONNECTED","V1P5_S_S1"
"C:\Users\shiwei.yang\Desktop\dali\PCB_Project\Sheet2.SchDoc","NET_MEMBER","NET_MEMBER@NetK125_U34_PS_S1_7@PORT@VDRV_S_S1@Output","NetK125_U34_PS_S1_7","PORT","VDRV_S_S1","","","","","","","","","Output","","","","","","","","","CONNECTED","VDRV_S_S1"
"C:\Users\shiwei.yang\Desktop\dali\PCB_Project\Sheet2.SchDoc","NET_MEMBER","NET_MEMBER@NetK125_U34_PS_S1_7@PIN@CLAAKOMN@$$$\CLAAKOMN-7","NetK125_U34_PS_S1_7","PIN","K125_U34_PS_S1.7","K125_U34_PS_S1","CLAAKOMN","$$$\CLAAKOMN-7","","","2","7","7","Passive","","","","","","","","","","7"
"C:\Users\shiwei.yang\Desktop\dali\PCB_Project\Sheet2.SchDoc","NET_MEMBER","NET_MEMBER@NetK125_U34_PS_S1_7@PIN@HBYYQPXF@$$$\HBYYQPXF-2","NetK125_U34_PS_S1_7","PIN","R_V1P5_KLV_S1.2","R_V1P5_KLV_S1","HBYYQPXF","$$$\HBYYQPXF-2","","","1","2","2","Passive","","","","","","","","","","2"
"C:\Users\shiwei.yang\Desktop\dali\PCB_Project\Sheet2.SchDoc","NET_MEMBER","NET_MEMBER@NetK125_U34_PS_S1_7@PIN@DDRZCQHE@$$$\DDRZCQHE-1","NetK125_U34_PS_S1_7","PIN","TP_V1P5_S_S1.1","TP_V1P5_S_S1","DDRZCQHE","$$$\DDRZCQHE-1","","","1","1","1","Passive","","","","","","","","","","1"
"C:\Users\shiwei.yang\Desktop\dali\PCB_Project\Sheet2.SchDoc","NET_MEMBER","NET_MEMBER@NetK126_V1P5_CAP_S1_2@PIN@TZAIJSNL@$$$\TZAIJSNL-2","NetK126_V1P5_CAP_S1_2","PIN","K126_V1P5_CAP_S1.2","K126_V1P5_CAP_S1","TZAIJSNL","$$$\TZAIJSNL-2","","","1","2","2","Passive","","","","","","","","","","2"
"C:\Users\shiwei.yang\Desktop\dali\PCB_Project\Sheet2.SchDoc","NET_MEMBER","NET_MEMBER@NetK126_V1P5_CAP_S1_2@PIN@UKOKWXUD@$$$\UKOKWXUD-1","NetK126_V1P5_CAP_S1_2","PIN","R_V1P5_S1.1","R_V1P5_S1","UKOKWXUD","$$$\UKOKWXUD-1","","","1","1","1","Passive","","","","","","","","","","1"
"C:\Users\shiwei.yang\Desktop\dali\PCB_Project\Sheet2.SchDoc","NET_MEMBER","NET_MEMBER@NetK127_U2_PS_S1_1@PORT@S3_FOVIe_FH7@I/O","NetK127_U2_PS_S1_1","PORT","S3_FOVIe_FH7","","","","","","","","","I/O","","","","","","","","","CONNECTED","S3_FOVIe_FH7"
"C:\Users\shiwei.yang\Desktop\dali\PCB_Project\Sheet2.SchDoc","NET_MEMBER","NET_MEMBER@NetK127_U2_PS_S1_1@PORT@S3_FOVIe_SH7@I/O","NetK127_U2_PS_S1_1","PORT","S3_FOVIe_SH7","","","","","","","","","I/O","","","","","","","","","CONNECTED","S3_FOVIe_SH7"
"C:\Users\shiwei.yang\Desktop\dali\PCB_Project\Sheet2.SchDoc","NET_MEMBER","NET_MEMBER@NetK127_U2_PS_S1_1@PIN@GTVJVTZC@$$$\GTVJVTZC-1","NetK127_U2_PS_S1_1","PIN","K127_U2_PS_S1.1","K127_U2_PS_S1","GTVJVTZC","$$$\GTVJVTZC-1","","","1","1","COMMON","Passive","","","","","","","","","","1"
"C:\Users\shiwei.yang\Desktop\dali\PCB_Project\Sheet2.SchDoc","NET_MEMBER","NET_MEMBER@NetK127_U2_PS_S1_1@PIN@JQTTEPHN@$$$\JQTTEPHN-1","NetK127_U2_PS_S1_1","PIN","K128_PU_PS_S1.1","K128_PU_PS_S1","JQTTEPHN","$$$\JQTTEPHN-1","","","1","1","COMMON","Passive","","","","","","","","","","1"
"C:\Users\shiwei.yang\Desktop\dali\PCB_Project\Sheet2.SchDoc","NET_MEMBER","NET_MEMBER@NetK127_U2_PS_S1_1@PIN@CIHGIWJX@$$$\CIHGIWJX-1","NetK127_U2_PS_S1_1","PIN","K129_Backup_S1.1","K129_Backup_S1","CIHGIWJX","$$$\CIHGIWJX-1","","","1","1","COMMON","Passive","","","","","","","","","","1"
"C:\Users\shiwei.yang\Desktop\dali\PCB_Project\Sheet2.SchDoc","NET_MEMBER","NET_MEMBER@NetK127_U2_PS_S1_1@PIN@IHFNACZJ@$$$\IHFNACZJ-1","NetK127_U2_PS_S1_1","PIN","K158_AMPOUT_S1.1","K158_AMPOUT_S1","IHFNACZJ","$$$\IHFNACZJ-1","","","1","1","COMMON","Passive","","","","","","","","","","1"
"C:\Users\shiwei.yang\Desktop\dali\PCB_Project\Sheet2.SchDoc","NET_MEMBER","NET_MEMBER@NetK130_KELVIN1_F_S1_1@PORT@S1_FPVIe_SH1@I/O","NetK130_KELVIN1_F_S1_1","PORT","S1_FPVIe_SH1","","","","","","","","","I/O","","","","","","","","","CONNECTED","S1_FPVIe_SH1"
"C:\Users\shiwei.yang\Desktop\dali\PCB_Project\Sheet2.SchDoc","NET_MEMBER","NET_MEMBER@NetK130_KELVIN1_F_S1_1@PIN@FJZSNLXR@$$$\FJZSNLXR-1","NetK130_KELVIN1_F_S1_1","PIN","K130_KELVIN1_F_S1.1","K130_KELVIN1_F_S1","FJZSNLXR","$$$\FJZSNLXR-1","","","1","1","COMMON","Passive","","","","","","","","","","1"
"C:\Users\shiwei.yang\Desktop\dali\PCB_Project\Sheet2.SchDoc","NET_MEMBER","NET_MEMBER@NetK130_KELVIN1_F_S1_1@PIN@JWXNARPP@$$$\JWXNARPP-3","NetK130_KELVIN1_F_S1_1","PIN","K132_KELVIN1_S1.3","K132_KELVIN1_S1","JWXNARPP","$$$\JWXNARPP-3","","","1","3","3","Passive","","","","","","","","","","3"
"C:\Users\shiwei.yang\Desktop\dali\PCB_Project\Sheet2.SchDoc","NET_MEMBER","NET_MEMBER@NetK130_KELVIN1_F_S1_2@PORT@S1_FPVIe_FH1@I/O","NetK130_KELVIN1_F_S1_2","PORT","S1_FPVIe_FH1","","","","","","","","","I/O","","","","","","","","","CONNECTED","S1_FPVIe_FH1"
"C:\Users\shiwei.yang\Desktop\dali\PCB_Project\Sheet2.SchDoc","NET_MEMBER","NET_MEMBER@NetK130_KELVIN1_F_S1_2@PIN@FJZSNLXR@$$$\FJZSNLXR-2","NetK130_KELVIN1_F_S1_2","PIN","K130_KELVIN1_F_S1.2","K130_KELVIN1_F_S1","FJZSNLXR","$$$\FJZSNLXR-2","","","1","2","NO","Passive","","","","","","","","","","2"
"C:\Users\shiwei.yang\Desktop\dali\PCB_Project\Sheet2.SchDoc","NET_MEMBER","NET_MEMBER@NetK130_KELVIN1_F_S1_2@PIN@CQDIYGBF@$$$\CQDIYGBF-3","NetK130_KELVIN1_F_S1_2","PIN","K131_KELVIN1_S1S2.3","K131_KELVIN1_S1S2","CQDIYGBF","$$$\CQDIYGBF-3","","","1","3","3","Passive","","","","","","","","","","3"
"C:\Users\shiwei.yang\Desktop\dali\PCB_Project\Sheet2.SchDoc","NET_MEMBER","NET_MEMBER@NetK130_KELVIN1_S_S1_1@PORT@S1_FPVIe_SL1@I/O","NetK130_KELVIN1_S_S1_1","PORT","S1_FPVIe_SL1","","","","","","","","","I/O","","","","","","","","","CONNECTED","S1_FPVIe_SL1"
"C:\Users\shiwei.yang\Desktop\dali\PCB_Project\Sheet2.SchDoc","NET_MEMBER","NET_MEMBER@NetK130_KELVIN1_S_S1_1@PIN@XFVHUQPJ@$$$\XFVHUQPJ-1","NetK130_KELVIN1_S_S1_1","PIN","K130_KELVIN1_S_S1.1","K130_KELVIN1_S_S1","XFVHUQPJ","$$$\XFVHUQPJ-1","","","1","1","COMMON","Passive","","","","","","","","","","1"
"C:\Users\shiwei.yang\Desktop\dali\PCB_Project\Sheet2.SchDoc","NET_MEMBER","NET_MEMBER@NetK130_KELVIN1_S_S1_1@PIN@ZGIJMCOE@$$$\ZGIJMCOE-6","NetK130_KELVIN1_S_S1_1","PIN","K132_KELVIN1_S1.6","K132_KELVIN1_S1","ZGIJMCOE","$$$\ZGIJMCOE-6","","","2","6","6","Passive","","","","","","","","","","6"
"C:\Users\shiwei.yang\Desktop\dali\PCB_Project\Sheet2.SchDoc","NET_MEMBER","NET_MEMBER@NetK130_KELVIN1_S_S1_2@PORT@S1_FPVIe_FL1@I/O","NetK130_KELVIN1_S_S1_2","PORT","S1_FPVIe_FL1","","","","","","","","","I/O","","","","","","","","","CONNECTED","S1_FPVIe_FL1"
"C:\Users\shiwei.yang\Desktop\dali\PCB_Project\Sheet2.SchDoc","NET_MEMBER","NET_MEMBER@NetK130_KELVIN1_S_S1_2@PIN@XFVHUQPJ@$$$\XFVHUQPJ-2","NetK130_KELVIN1_S_S1_2","PIN","K130_KELVIN1_S_S1.2","K130_KELVIN1_S_S1","XFVHUQPJ","$$$\XFVHUQPJ-2","","","1","2","NO","Passive","","","","","","","","","","2"
"C:\Users\shiwei.yang\Desktop\dali\PCB_Project\Sheet2.SchDoc","NET_MEMBER","NET_MEMBER@NetK130_KELVIN1_S_S1_2@PIN@ZJKQOISP@$$$\ZJKQOISP-3","NetK130_KELVIN1_S_S1_2","PIN","K133_KELVIN1_S1S2.3","K133_KELVIN1_S1S2","ZJKQOISP","$$$\ZJKQOISP-3","","","1","3","3","Passive","","","","","","","","","","3"
"C:\Users\shiwei.yang\Desktop\dali\PCB_Project\Sheet2.SchDoc","NET_MEMBER","NET_MEMBER@NetK131_KELVIN1_S1S2_4@PIN@CQDIYGBF@$$$\CQDIYGBF-4","NetK131_KELVIN1_S1S2_4","PIN","K131_KELVIN1_S1S2.4","K131_KELVIN1_S1S2","CQDIYGBF","$$$\CQDIYGBF-4","","","1","4","4","Passive","","","","","","","","","","4"
"C:\Users\shiwei.yang\Desktop\dali\PCB_Project\Sheet2.SchDoc","NET_MEMBER","NET_MEMBER@NetK131_KELVIN1_S1S2_4@PIN@TWTUADFL@$$$\TWTUADFL-3","NetK131_KELVIN1_S1S2_4","PIN","K134_PC1_Force_S1.3","K134_PC1_Force_S1","TWTUADFL","$$$\TWTUADFL-3","","","1","3","3","Passive","","","","","","","","","","3"
"C:\Users\shiwei.yang\Desktop\dali\PCB_Project\Sheet2.SchDoc","NET_MEMBER","NET_MEMBER@NetK132_KELVIN1_S1_4@PIN@JWXNARPP@$$$\JWXNARPP-4","NetK132_KELVIN1_S1_4","PIN","K132_KELVIN1_S1.4","K132_KELVIN1_S1","JWXNARPP","$$$\JWXNARPP-4","","","1","4","4","Passive","","","","","","","","","","4"
"C:\Users\shiwei.yang\Desktop\dali\PCB_Project\Sheet2.SchDoc","NET_MEMBER","NET_MEMBER@NetK132_KELVIN1_S1_4@PIN@NCQHRKFS@$$$\NCQHRKFS-3","NetK132_KELVIN1_S1_4","PIN","K135_PC1_Sense_S1.3","K135_PC1_Sense_S1","NCQHRKFS","$$$\NCQHRKFS-3","","","1","3","3","Passive","","","","","","","","","","3"
"C:\Users\shiwei.yang\Desktop\dali\PCB_Project\Sheet2.SchDoc","NET_MEMBER","NET_MEMBER@NetK132_KELVIN1_S1_5@PIN@ZGIJMCOE@$$$\ZGIJMCOE-5","NetK132_KELVIN1_S1_5","PIN","K132_KELVIN1_S1.5","K132_KELVIN1_S1","ZGIJMCOE","$$$\ZGIJMCOE-5","","","2","5","5","Passive","","","","","","","","","","5"
"C:\Users\shiwei.yang\Desktop\dali\PCB_Project\Sheet2.SchDoc","NET_MEMBER","NET_MEMBER@NetK132_KELVIN1_S1_5@PIN@VBYJNKEM@$$$\VBYJNKEM-6","NetK132_KELVIN1_S1_5","PIN","K135_PC1_Sense_S1.6","K135_PC1_Sense_S1","VBYJNKEM","$$$\VBYJNKEM-6","","","2","6","6","Passive","","","","","","","","","","6"
"C:\Users\shiwei.yang\Desktop\dali\PCB_Project\Sheet2.SchDoc","NET_MEMBER","NET_MEMBER@NetK133_KELVIN1_S1S2_4@PIN@ZJKQOISP@$$$\ZJKQOISP-4","NetK133_KELVIN1_S1S2_4","PIN","K133_KELVIN1_S1S2.4","K133_KELVIN1_S1S2","ZJKQOISP","$$$\ZJKQOISP-4","","","1","4","4","Passive","","","","","","","","","","4"
"C:\Users\shiwei.yang\Desktop\dali\PCB_Project\Sheet2.SchDoc","NET_MEMBER","NET_MEMBER@NetK133_KELVIN1_S1S2_4@PIN@RBNRPIOM@$$$\RBNRPIOM-6","NetK133_KELVIN1_S1S2_4","PIN","K134_PC1_Force_S1.6","K134_PC1_Force_S1","RBNRPIOM","$$$\RBNRPIOM-6","","","2","6","6","Passive","","","","","","","","","","6"
"C:\Users\shiwei.yang\Desktop\dali\PCB_Project\Sheet2.SchDoc","NET_MEMBER","NET_MEMBER@NetK134_PC1_Force_S1_2@PIN@TWTUADFL@$$$\TWTUADFL-2","NetK134_PC1_Force_S1_2","PIN","K134_PC1_Force_S1.2","K134_PC1_Force_S1","TWTUADFL","$$$\TWTUADFL-2","","","1","2","2","Passive","","","","","","","","","","2"
"C:\Users\shiwei.yang\Desktop\dali\PCB_Project\Sheet2.SchDoc","NET_MEMBER","NET_MEMBER@NetK135_PC1_Sense_S1_2@PIN@NCQHRKFS@$$$\NCQHRKFS-2","NetK135_PC1_Sense_S1_2","PIN","K135_PC1_Sense_S1.2","K135_PC1_Sense_S1","NCQHRKFS","$$$\NCQHRKFS-2","","","1","2","2","Passive","","","","","","","","","","2"
"C:\Users\shiwei.yang\Desktop\dali\PCB_Project\Sheet2.SchDoc","NET_MEMBER","NET_MEMBER@NetK135_PC1_Sense_S1_7@PIN@VBYJNKEM@$$$\VBYJNKEM-7","NetK135_PC1_Sense_S1_7","PIN","K135_PC1_Sense_S1.7","K135_PC1_Sense_S1","VBYJNKEM","$$$\VBYJNKEM-7","","","2","7","7","Passive","","","","","","","","","","7"
"C:\Users\shiwei.yang\Desktop\dali\PCB_Project\Sheet2.SchDoc","NET_MEMBER","NET_MEMBER@NetK138_QVML_BUS0_S1_1@PORT@S8_QVM_CH0-@I/O","NetK138_QVML_BUS0_S1_1","PORT","S8_QVM_CH0-","","","","","","","","","I/O","","","","","","","","","CONNECTED","S8_QVM_CH0-"
"C:\Users\shiwei.yang\Desktop\dali\PCB_Project\Sheet2.SchDoc","NET_MEMBER","NET_MEMBER@NetK138_QVML_BUS0_S1_1@PIN@XBEYYGHR@$$$\XBEYYGHR-1","NetK138_QVML_BUS0_S1_1","PIN","K138_QVML_BUS0_S1.1","K138_QVML_BUS0_S1","XBEYYGHR","$$$\XBEYYGHR-1","","","1","1","COMMON","Passive","","","","","","","","","","1"
"C:\Users\shiwei.yang\Desktop\dali\PCB_Project\Sheet2.SchDoc","NET_MEMBER","NET_MEMBER@NetK138_QVML_BUS0_S1_1@PIN@YORXTMKK@$$$\YORXTMKK-1","NetK138_QVML_BUS0_S1_1","PIN","K139_QVML_BUS1_S1.1","K139_QVML_BUS1_S1","YORXTMKK","$$$\YORXTMKK-1","","","1","1","COMMON","Passive","","","","","","","","","","1"
"C:\Users\shiwei.yang\Desktop\dali\PCB_Project\Sheet2.SchDoc","NET_MEMBER","NET_MEMBER@NetK138_QVML_BUS0_S1_1@PIN@WCUFQTVL@$$$\WCUFQTVL-1","NetK138_QVML_BUS0_S1_1","PIN","K140_QVML_AGND_S1.1","K140_QVML_AGND_S1","WCUFQTVL","$$$\WCUFQTVL-1","","","1","1","COMMON","Passive","","","","","","","","","","1"
"C:\Users\shiwei.yang\Desktop\dali\PCB_Project\Sheet2.SchDoc","NET_MEMBER","NET_MEMBER@NetK66_TMU_nQON_S1_2@PORT@S10_CH0_A@I/O","NetK66_TMU_nQON_S1_2","PORT","S10_CH0_A","","","","","","","","","I/O","","","","","","","","","CONNECTED","S10_CH0_A"
"C:\Users\shiwei.yang\Desktop\dali\PCB_Project\Sheet2.SchDoc","NET_MEMBER","NET_MEMBER@NetK66_TMU_nQON_S1_2@PIN@JQMLARJS@$$$\JQMLARJS-2","NetK66_TMU_nQON_S1_2","PIN","K66_TMU_nQON_S1.2","K66_TMU_nQON_S1","JQMLARJS","$$$\JQMLARJS-2","","","1","2","NO","Passive","","","","","","","","","","2"
"C:\Users\shiwei.yang\Desktop\dali\PCB_Project\Sheet2.SchDoc","NET_MEMBER","NET_MEMBER@NetK66_TMU_nQON_S1_2@PIN@KTVTIPQF@$$$\KTVTIPQF-3","NetK66_TMU_nQON_S1_2","PIN","K141_QTMU_BUSA_S1S2.3","K141_QTMU_BUSA_S1S2","KTVTIPQF","$$$\KTVTIPQF-3","","","1","3","3","Passive","","","","","","","","","","3"
"C:\Users\shiwei.yang\Desktop\dali\PCB_Project\Sheet2.SchDoc","NET_MEMBER","NET_MEMBER@NetK142_QTMU_BUSB_S1S2_3@PORT@S10_CH0_B@I/O","NetK142_QTMU_BUSB_S1S2_3","PORT","S10_CH0_B","","","","","","","","","I/O","","","","","","","","","CONNECTED","S10_CH0_B"
"C:\Users\shiwei.yang\Desktop\dali\PCB_Project\Sheet2.SchDoc","NET_MEMBER","NET_MEMBER@NetK142_QTMU_BUSB_S1S2_3@PIN@MCLDSEFS@$$$\MCLDSEFS-3","NetK142_QTMU_BUSB_S1S2_3","PIN","K142_QTMU_BUSB_S1S2.3","K142_QTMU_BUSB_S1S2","MCLDSEFS","$$$\MCLDSEFS-3","","","1","3","3","Passive","","","","","","","","","","3"
"C:\Users\shiwei.yang\Desktop\dali\PCB_Project\Sheet2.SchDoc","NET_MEMBER","NET_MEMBER@NetK142_QTMU_BUSB_S1S2_3@PIN@LWEAPQHZ@$$$\LWEAPQHZ-2","NetK142_QTMU_BUSB_S1S2_3","PIN","K152_VDM_TMU_S1.2","K152_VDM_TMU_S1","LWEAPQHZ","$$$\LWEAPQHZ-2","","","1","2","NO","Passive","","","","","","","","","","2"
"C:\Users\shiwei.yang\Desktop\dali\PCB_Project\Sheet2.SchDoc","NET_MEMBER","NET_MEMBER@NetK143_DCM_BUS0_H_S1_1@PORT@S24_P5@I/O","NetK143_DCM_BUS0_H_S1_1","PORT","S24_P5","","","","","","","","","I/O","","","","","","","","","CONNECTED","S24_P5"
"C:\Users\shiwei.yang\Desktop\dali\PCB_Project\Sheet2.SchDoc","NET_MEMBER","NET_MEMBER@NetK143_DCM_BUS0_H_S1_1@PIN@QLBWWBDD@$$$\QLBWWBDD-1","NetK143_DCM_BUS0_H_S1_1","PIN","K143_DCM_BUS0_H_S1.1","K143_DCM_BUS0_H_S1","QLBWWBDD","$$$\QLBWWBDD-1","","","1","1","COMMON","Passive","","","","","","","","","","1"
"C:\Users\shiwei.yang\Desktop\dali\PCB_Project\Sheet2.SchDoc","NET_MEMBER","NET_MEMBER@NetK143_DCM_BUS0_H_S1_1@PIN@SSXDNBES@$$$\SSXDNBES-1","NetK143_DCM_BUS0_H_S1_1","PIN","K144_DCM_BUS1_H_S1.1","K144_DCM_BUS1_H_S1","SSXDNBES","$$$\SSXDNBES-1","","","1","1","COMMON","Passive","","","","","","","","","","1"
"C:\Users\shiwei.yang\Desktop\dali\PCB_Project\Sheet2.SchDoc","NET_MEMBER","NET_MEMBER@NetK145_DCM_BUS0_L_S1_1@PORT@S24_P4@I/O","NetK145_DCM_BUS0_L_S1_1","PORT","S24_P4","","","","","","","","","I/O","","","","","","","","","CONNECTED","S24_P4"
"C:\Users\shiwei.yang\Desktop\dali\PCB_Project\Sheet2.SchDoc","NET_MEMBER","NET_MEMBER@NetK145_DCM_BUS0_L_S1_1@PIN@QZIREKOF@$$$\QZIREKOF-1","NetK145_DCM_BUS0_L_S1_1","PIN","K145_DCM_BUS0_L_S1.1","K145_DCM_BUS0_L_S1","QZIREKOF","$$$\QZIREKOF-1","","","1","1","COMMON","Passive","","","","","","","","","","1"
"C:\Users\shiwei.yang\Desktop\dali\PCB_Project\Sheet2.SchDoc","NET_MEMBER","NET_MEMBER@NetK145_DCM_BUS0_L_S1_1@PIN@QXJZQMCN@$$$\QXJZQMCN-1","NetK145_DCM_BUS0_L_S1_1","PIN","K146_DCM_BUS1_L_S1.1","K146_DCM_BUS1_L_S1","QXJZQMCN","$$$\QXJZQMCN-1","","","1","1","COMMON","Passive","","","","","","","","","","1"
"C:\Users\shiwei.yang\Desktop\dali\PCB_Project\Sheet2.SchDoc","NET_MEMBER","NET_MEMBER@NetK148_PC4_PD_S1_1@PIN@GKMPXDLW@$$$\GKMPXDLW-1","NetK148_PC4_PD_S1_1","PIN","K148_PC4_PD_S1.1","K148_PC4_PD_S1","GKMPXDLW","$$$\GKMPXDLW-1","","","1","1","COMMON","Passive","","","","","","","","","","1"
"C:\Users\shiwei.yang\Desktop\dali\PCB_Project\Sheet2.SchDoc","NET_MEMBER","NET_MEMBER@NetK148_PC4_PD_S1_1@PIN@RHVMBYCT@$$$\RHVMBYCT-2","NetK148_PC4_PD_S1_1","PIN","R_PC4_PD_S1.2","R_PC4_PD_S1","RHVMBYCT","$$$\RHVMBYCT-2","","","1","2","2","Passive","","","","","","","","","","2"
"C:\Users\shiwei.yang\Desktop\dali\PCB_Project\Sheet2.SchDoc","NET_MEMBER","NET_MEMBER@NetK149_PA1_PD_S1_1@PIN@IDFZZHDP@$$$\IDFZZHDP-1","NetK149_PA1_PD_S1_1","PIN","K149_PA1_PD_S1.1","K149_PA1_PD_S1","IDFZZHDP","$$$\IDFZZHDP-1","","","1","1","COMMON","Passive","","","","","","","","","","1"
"C:\Users\shiwei.yang\Desktop\dali\PCB_Project\Sheet2.SchDoc","NET_MEMBER","NET_MEMBER@NetK149_PA1_PD_S1_1@PIN@YQRLJKVS@$$$\YQRLJKVS-2","NetK149_PA1_PD_S1_1","PIN","R_PA1_PD_S1.2","R_PA1_PD_S1","YQRLJKVS","$$$\YQRLJKVS-2","","","1","2","2","Passive","","","","","","","","","","2"
"C:\Users\shiwei.yang\Desktop\dali\PCB_Project\Sheet2.SchDoc","NET_MEMBER","NET_MEMBER@NetK150_PA4_PD_S1_1@PIN@FGJXVAYN@$$$\FGJXVAYN-1","NetK150_PA4_PD_S1_1","PIN","K150_PA4_PD_S1.1","K150_PA4_PD_S1","FGJXVAYN","$$$\FGJXVAYN-1","","","1","1","COMMON","Passive","","","","","","","","","","1"
"C:\Users\shiwei.yang\Desktop\dali\PCB_Project\Sheet2.SchDoc","NET_MEMBER","NET_MEMBER@NetK150_PA4_PD_S1_1@PIN@UPKXOJLC@$$$\UPKXOJLC-2","NetK150_PA4_PD_S1_1","PIN","R_PA4_PD_S1.2","R_PA4_PD_S1","UPKXOJLC","$$$\UPKXOJLC-2","","","1","2","2","Passive","","","","","","","","","","2"
"C:\Users\shiwei.yang\Desktop\dali\PCB_Project\Sheet2.SchDoc","NET_MEMBER","NET_MEMBER@NetK151_NC_GND_S1S2_2@PORT@NC_S1@Output","NetK151_NC_GND_S1S2_2","PORT","NC_S1","","","","","","","","","Output","","","","","","","","","CONNECTED","NC_S1"
"C:\Users\shiwei.yang\Desktop\dali\PCB_Project\Sheet2.SchDoc","NET_MEMBER","NET_MEMBER@NetK151_NC_GND_S1S2_2@PIN@OLFICLVJ@$$$\OLFICLVJ-2","NetK151_NC_GND_S1S2_2","PIN","K151_NC_GND_S1S2.2","K151_NC_GND_S1S2","OLFICLVJ","$$$\OLFICLVJ-2","","","1","2","2","Passive","","","","","","","","","","2"
"C:\Users\shiwei.yang\Desktop\dali\PCB_Project\Sheet2.SchDoc","NET_MEMBER","NET_MEMBER@NetK151_NC_GND_S1S2_4@PIN@OLFICLVJ@$$$\OLFICLVJ-4","NetK151_NC_GND_S1S2_4","PIN","K151_NC_GND_S1S2.4","K151_NC_GND_S1S2","OLFICLVJ","$$$\OLFICLVJ-4","","","1","4","4","Passive","","","","","","","","","","4"
"C:\Users\shiwei.yang\Desktop\dali\PCB_Project\Sheet2.SchDoc","NET_MEMBER","NET_MEMBER@NetK154_BUSH_AMUX_S1_2@PIN@YIFBQRMH@$$$\YIFBQRMH-2","NetK154_BUSH_AMUX_S1_2","PIN","K154_BUSH_AMUX_S1.2","K154_BUSH_AMUX_S1","YIFBQRMH","$$$\YIFBQRMH-2","","","1","2","2","Passive","","","","","","","","","","2"
"C:\Users\shiwei.yang\Desktop\dali\PCB_Project\Sheet2.SchDoc","NET_MEMBER","NET_MEMBER@NetK154_BUSH_AMUX_S1_4@PORT@S3_FOVIe_FH3@I/O","NetK154_BUSH_AMUX_S1_4","PORT","S3_FOVIe_FH3","","","","","","","","","I/O","","","","","","","","","CONNECTED","S3_FOVIe_FH3"
"C:\Users\shiwei.yang\Desktop\dali\PCB_Project\Sheet2.SchDoc","NET_MEMBER","NET_MEMBER@NetK154_BUSH_AMUX_S1_4@PIN@YIFBQRMH@$$$\YIFBQRMH-4","NetK154_BUSH_AMUX_S1_4","PIN","K154_BUSH_AMUX_S1.4","K154_BUSH_AMUX_S1","YIFBQRMH","$$$\YIFBQRMH-4","","","1","4","4","Passive","","","","","","","","","","4"
"C:\Users\shiwei.yang\Desktop\dali\PCB_Project\Sheet2.SchDoc","NET_MEMBER","NET_MEMBER@NetK154_BUSH_AMUX_S1_4@PIN@GFFROEGO@$$$\GFFROEGO-3","NetK154_BUSH_AMUX_S1_4","PIN","K155_FOVI_PGND_S1.3","K155_FOVI_PGND_S1","GFFROEGO","$$$\GFFROEGO-3","","","1","3","3","Passive","","","","","","","","","","3"
"C:\Users\shiwei.yang\Desktop\dali\PCB_Project\Sheet2.SchDoc","NET_MEMBER","NET_MEMBER@NetK154_BUSH_AMUX_S1_5@PORT@S3_FOVIe_SH3@I/O","NetK154_BUSH_AMUX_S1_5","PORT","S3_FOVIe_SH3","","","","","","","","","I/O","","","","","","","","","CONNECTED","S3_FOVIe_SH3"
"C:\Users\shiwei.yang\Desktop\dali\PCB_Project\Sheet2.SchDoc","NET_MEMBER","NET_MEMBER@NetK154_BUSH_AMUX_S1_5@PIN@LSWFHECM@$$$\LSWFHECM-5","NetK154_BUSH_AMUX_S1_5","PIN","K154_BUSH_AMUX_S1.5","K154_BUSH_AMUX_S1","LSWFHECM","$$$\LSWFHECM-5","","","2","5","5","Passive","","","","","","","","","","5"
"C:\Users\shiwei.yang\Desktop\dali\PCB_Project\Sheet2.SchDoc","NET_MEMBER","NET_MEMBER@NetK154_BUSH_AMUX_S1_5@PIN@MLDRPDMJ@$$$\MLDRPDMJ-6","NetK154_BUSH_AMUX_S1_5","PIN","K155_FOVI_PGND_S1.6","K155_FOVI_PGND_S1","MLDRPDMJ","$$$\MLDRPDMJ-6","","","2","6","6","Passive","","","","","","","","","","6"
"C:\Users\shiwei.yang\Desktop\dali\PCB_Project\Sheet2.SchDoc","NET_MEMBER","NET_MEMBER@NetK154_BUSH_AMUX_S1_7@PIN@LSWFHECM@$$$\LSWFHECM-7","NetK154_BUSH_AMUX_S1_7","PIN","K154_BUSH_AMUX_S1.7","K154_BUSH_AMUX_S1","LSWFHECM","$$$\LSWFHECM-7","","","2","7","7","Passive","","","","","","","","","","7"
"C:\Users\shiwei.yang\Desktop\dali\PCB_Project\Sheet2.SchDoc","NET_MEMBER","NET_MEMBER@NetK20_AMUX_S1_5@PORT@AMUX_S_S1@Output","NetK20_AMUX_S1_5","PORT","AMUX_S_S1","","","","","","","","","Output","","","","","","","","","CONNECTED","AMUX_S_S1"
"C:\Users\shiwei.yang\Desktop\dali\PCB_Project\Sheet2.SchDoc","NET_MEMBER","NET_MEMBER@NetK20_AMUX_S1_5@PIN@UAEVPCVE@$$$\UAEVPCVE-5","NetK20_AMUX_S1_5","PIN","K20_AMUX_S1.5","K20_AMUX_S1","UAEVPCVE","$$$\UAEVPCVE-5","","","2","5","5","Passive","","","","","","","","","","5"
"C:\Users\shiwei.yang\Desktop\dali\PCB_Project\Sheet2.SchDoc","NET_MEMBER","NET_MEMBER@NetK20_AMUX_S1_5@PIN@MLDRPDMJ@$$$\MLDRPDMJ-7","NetK20_AMUX_S1_5","PIN","K155_FOVI_PGND_S1.7","K155_FOVI_PGND_S1","MLDRPDMJ","$$$\MLDRPDMJ-7","","","2","7","7","Passive","","","","","","","","","","7"
"C:\Users\shiwei.yang\Desktop\dali\PCB_Project\Sheet2.SchDoc","NET_MEMBER","NET_MEMBER@NetK20_AMUX_S1_5@PIN@KFDNKDEE@$$$\KFDNKDEE-2","NetK20_AMUX_S1_5","PIN","R_AMUX_S1.2","R_AMUX_S1","KFDNKDEE","$$$\KFDNKDEE-2","","","1","2","2","Passive","","","","","","","","","","2"
"C:\Users\shiwei.yang\Desktop\dali\PCB_Project\Sheet2.SchDoc","NET_MEMBER","NET_MEMBER@NetK20_AMUX_S1_5@PIN@HAIOCHUF@$$$\HAIOCHUF-1","NetK20_AMUX_S1_5","PIN","TP_AMUX_S_S1.1","TP_AMUX_S_S1","HAIOCHUF","$$$\HAIOCHUF-1","","","1","1","1","Passive","","","","","","","","","","1"
"C:\Users\shiwei.yang\Desktop\dali\PCB_Project\Sheet2.SchDoc","NET_MEMBER","NET_MEMBER@NetK156_BUS_FH_VCN_S1_2@PORT@S5_ACM200_FH11@I/O","NetK156_BUS_FH_VCN_S1_2","PORT","S5_ACM200_FH11","","","","","","","","","I/O","","","","","","","","","CONNECTED","S5_ACM200_FH11"
"C:\Users\shiwei.yang\Desktop\dali\PCB_Project\Sheet2.SchDoc","NET_MEMBER","NET_MEMBER@NetK156_BUS_FH_VCN_S1_2@PIN@EVXEXSGM@$$$\EVXEXSGM-2","NetK156_BUS_FH_VCN_S1_2","PIN","K156_BUS_FH_VCN_S1.2","K156_BUS_FH_VCN_S1","EVXEXSGM","$$$\EVXEXSGM-2","","","1","2","NO","Passive","","","","","","","","","","2"
"C:\Users\shiwei.yang\Desktop\dali\PCB_Project\Sheet2.SchDoc","NET_MEMBER","NET_MEMBER@NetK156_BUS_FH_VCN_S1_2@PIN@ZIEZVALD@$$$\ZIEZVALD-6","NetK156_BUS_FH_VCN_S1_2","PIN","K157_COMP_S1.6","K157_COMP_S1","ZIEZVALD","$$$\ZIEZVALD-6","","","2","6","6","Passive","","","","","","","","","","6"
"C:\Users\shiwei.yang\Desktop\dali\PCB_Project\Sheet2.SchDoc","NET_MEMBER","NET_MEMBER@NetK156_BUS_SH_VCN_S1_2@PORT@S5_ACM200_SH11@I/O","NetK156_BUS_SH_VCN_S1_2","PORT","S5_ACM200_SH11","","","","","","","","","I/O","","","","","","","","","CONNECTED","S5_ACM200_SH11"
"C:\Users\shiwei.yang\Desktop\dali\PCB_Project\Sheet2.SchDoc","NET_MEMBER","NET_MEMBER@NetK156_BUS_SH_VCN_S1_2@PIN@YSCWDQQI@$$$\YSCWDQQI-2","NetK156_BUS_SH_VCN_S1_2","PIN","K156_BUS_SH_VCN_S1.2","K156_BUS_SH_VCN_S1","YSCWDQQI","$$$\YSCWDQQI-2","","","1","2","NO","Passive","","","","","","","","","","2"
"C:\Users\shiwei.yang\Desktop\dali\PCB_Project\Sheet2.SchDoc","NET_MEMBER","NET_MEMBER@NetK156_BUS_SH_VCN_S1_2@PIN@SESTIDCO@$$$\SESTIDCO-3","NetK156_BUS_SH_VCN_S1_2","PIN","K157_COMP_S1.3","K157_COMP_S1","SESTIDCO","$$$\SESTIDCO-3","","","1","3","3","Passive","","","","","","","","","","3"
"C:\Users\shiwei.yang\Desktop\dali\PCB_Project\Sheet2.SchDoc","NET_MEMBER","NET_MEMBER@NetK157_COMP_S1_2@PORT@VCN_S_S1@Output","NetK157_COMP_S1_2","PORT","VCN_S_S1","","","","","","","","","Output","","","","","","","","","CONNECTED","VCN_S_S1"
"C:\Users\shiwei.yang\Desktop\dali\PCB_Project\Sheet2.SchDoc","NET_MEMBER","NET_MEMBER@NetK157_COMP_S1_2@PIN@SESTIDCO@$$$\SESTIDCO-2","NetK157_COMP_S1_2","PIN","K157_COMP_S1.2","K157_COMP_S1","SESTIDCO","$$$\SESTIDCO-2","","","1","2","2","Passive","","","","","","","","","","2"
"C:\Users\shiwei.yang\Desktop\dali\PCB_Project\Sheet2.SchDoc","NET_MEMBER","NET_MEMBER@NetK157_COMP_S1_2@PIN@OVOOMPVH@$$$\OVOOMPVH-2","NetK157_COMP_S1_2","PIN","R_VCN_S1.2","R_VCN_S1","OVOOMPVH","$$$\OVOOMPVH-2","","","1","2","2","Passive","","","","","","","","","","2"
"C:\Users\shiwei.yang\Desktop\dali\PCB_Project\Sheet2.SchDoc","NET_MEMBER","NET_MEMBER@NetK157_COMP_S1_2@PIN@DQIXCYZB@$$$\DQIXCYZB-1","NetK157_COMP_S1_2","PIN","TP_VCN_S_S1.1","TP_VCN_S_S1","DQIXCYZB","$$$\DQIXCYZB-1","","","1","1","1","Passive","","","","","","","","","","1"
"C:\Users\shiwei.yang\Desktop\dali\PCB_Project\Sheet2.SchDoc","NET_MEMBER","NET_MEMBER@S34_J+5V@PORT@S34_J+5V@I/O","S34_J+5V","PORT","S34_J+5V","","","","","","","","","I/O","","","","","","","","","CONNECTED","S34_J+5V"
"C:\Users\shiwei.yang\Desktop\dali\PCB_Project\Sheet2.SchDoc","NET_MEMBER","NET_MEMBER@S34_J+5V@POWER_PORT@S34_J+5V@S34_J+5V","S34_J+5V","POWER_PORT","S34_J+5V","","","","","","","","","Power","","","","","","","","","","S34_J+5V"
"C:\Users\shiwei.yang\Desktop\dali\PCB_Project\Sheet2.SchDoc","NET_MEMBER","NET_MEMBER@S34_J+5V@PIN@IOSEFBPT@$$$\IOSEFBPT-8","S34_J+5V","PIN","EEPROM.8","EEPROM","IOSEFBPT","$$$\IOSEFBPT-8","","","1","8","VCC","Passive","","","","","","","","","","8"
"C:\Users\shiwei.yang\Desktop\dali\PCB_Project\Sheet2.SchDoc","NET_MEMBER","NET_MEMBER@S34_J+5V@PIN@XAAPBGON@$$$\XAAPBGON-2","S34_J+5V","PIN","K34_SCL_PU_S1.2","K34_SCL_PU_S1","XAAPBGON","$$$\XAAPBGON-2","","","1","2","NO","Passive","","","","","","","","","","2"
"C:\Users\shiwei.yang\Desktop\dali\PCB_Project\Sheet2.SchDoc","NET_MEMBER","NET_MEMBER@S34_J+5V@PIN@KRFUIGYF@$$$\KRFUIGYF-2","S34_J+5V","PIN","K63_SDA_PU_S1.2","K63_SDA_PU_S1","KRFUIGYF","$$$\KRFUIGYF-2","","","1","2","NO","Passive","","","","","","","","","","2"
"C:\Users\shiwei.yang\Desktop\dali\PCB_Project\Sheet2.SchDoc","NET_MEMBER","NET_MEMBER@S34_J+5V@PIN@AJJMQUES@$$$\AJJMQUES-1","S34_J+5V","PIN","R1E.1","R1E","AJJMQUES","$$$\AJJMQUES-1","","","1","1","1","Passive","","","","","","","","","","1"
"C:\Users\shiwei.yang\Desktop\dali\PCB_Project\Sheet2.SchDoc","NET_MEMBER","NET_MEMBER@S34_J+5V@PIN@BRVYWKKX@$$$\BRVYWKKX-1","S34_J+5V","PIN","R2E.1","R2E","BRVYWKKX","$$$\BRVYWKKX-1","","","1","1","1","Passive","","","","","","","","","","1"
"C:\Users\shiwei.yang\Desktop\dali\PCB_Project\Sheet2.SchDoc","NET_MEMBER","NET_MEMBER@S34_J+5V@PIN@IOCYIUTP@$$$\IOCYIUTP-1","S34_J+5V","PIN","R_nQON_PU_S1.1","R_nQON_PU_S1","IOCYIUTP","$$$\IOCYIUTP-1","","","1","1","1","Passive","","","","","","","","","","1"
"C:\Users\shiwei.yang\Desktop\dali\PCB_Project\Sheet2.SchDoc","NET_MEMBER","NET_MEMBER@NetR2_S1_2@PIN@TPZTYFUC@$$$\TPZTYFUC-2","NetR2_S1_2","PIN","R2_S1.2","R2_S1","TPZTYFUC","$$$\TPZTYFUC-2","","","1","2","2","Passive","","","","","","","","","","2"
"C:\Users\shiwei.yang\Desktop\dali\PCB_Project\Sheet2.SchDoc","NET_MEMBER","NET_MEMBER@NetR2_S1_2@PIN@HGOOMTOP@$$$\HGOOMTOP-1","NetR2_S1_2","PIN","R3_S1.1","R3_S1","HGOOMTOP","$$$\HGOOMTOP-1","","","1","1","1","Passive","","","","","","","","","","1"
"C:\Users\shiwei.yang\Desktop\dali\PCB_Project\Sheet2.SchDoc","NET_MEMBER","NET_MEMBER@NetR2_S1_2@PIN@CZTHNWPQ@$$$\CZTHNWPQ-1","NetR2_S1_2","PIN","U4_S1.1","U4_S1","CZTHNWPQ","$$$\CZTHNWPQ-1","","","1","1","OUT","Passive","","","","","","","","","","1"
"C:\Users\shiwei.yang\Desktop\dali\PCB_Project\Sheet2.SchDoc","NET_MEMBER","NET_MEMBER@NetR4_S1_1@PIN@SCWLJKSE@$$$\SCWLJKSE-1","NetR4_S1_1","PIN","R4_S1.1","R4_S1","SCWLJKSE","$$$\SCWLJKSE-1","","","1","1","1","Passive","","","","","","","","","","1"
"C:\Users\shiwei.yang\Desktop\dali\PCB_Project\Sheet2.SchDoc","NET_MEMBER","NET_MEMBER@NetR4_S1_1@PIN@SIPASHVU@$$$\SIPASHVU-1","NetR4_S1_1","PIN","R5_S1.1","R5_S1","SIPASHVU","$$$\SIPASHVU-1","","","1","1","1","Passive","","","","","","","","","","1"
"C:\Users\shiwei.yang\Desktop\dali\PCB_Project\Sheet2.SchDoc","NET_MEMBER","NET_MEMBER@NetR4_S1_1@PIN@YVMRURLU@$$$\YVMRURLU-4","NetR4_S1_1","PIN","U2_S1.4","U2_S1","YVMRURLU","$$$\YVMRURLU-4","","","1","4","-IN","Passive","","","","","","","","","","4"
"C:\Users\shiwei.yang\Desktop\dali\PCB_Project\Sheet2.SchDoc","NET_MEMBER","NET_MEMBER@NetR5_S1_2@PIN@SIPASHVU@$$$\SIPASHVU-2","NetR5_S1_2","PIN","R5_S1.2","R5_S1","SIPASHVU","$$$\SIPASHVU-2","","","1","2","2","Passive","","","","","","","","","","2"
"C:\Users\shiwei.yang\Desktop\dali\PCB_Project\Sheet2.SchDoc","NET_MEMBER","NET_MEMBER@NetR5_S1_2@PIN@ZJQPWIZC@$$$\ZJQPWIZC-1","NetR5_S1_2","PIN","R6_S1.1","R6_S1","ZJQPWIZC","$$$\ZJQPWIZC-1","","","1","1","1","Passive","","","","","","","","","","1"
"C:\Users\shiwei.yang\Desktop\dali\PCB_Project\Sheet2.SchDoc","NET_MEMBER","NET_MEMBER@NetR5_S1_2@PIN@YVMRURLU@$$$\YVMRURLU-1","NetR5_S1_2","PIN","U2_S1.1","U2_S1","YVMRURLU","$$$\YVMRURLU-1","","","1","1","OUT","Passive","","","","","","","","","","1"
"C:\Users\shiwei.yang\Desktop\dali\PCB_Project\Sheet2.SchDoc","NET_MEMBER","NET_MEMBER@NetU1_S1_3@PIN@HMRSZTXB@$$$\HMRSZTXB-3","NetU1_S1_3","PIN","U1_S1.3","U1_S1","HMRSZTXB","$$$\HMRSZTXB-3","","","1","3","NC","Passive","","","","","","","","","","3"
"C:\Users\shiwei.yang\Desktop\dali\PCB_Project\Sheet2.SchDoc","NET_MEMBER","NET_MEMBER@PA5_FORCE_S1@PORT@PA5_F_S1@Output","PA5_FORCE_S1","PORT","PA5_F_S1","","","","","","","","","Output","","","","","","","","","CONNECTED","PA5_F_S1"
"C:\Users\shiwei.yang\Desktop\dali\PCB_Project\Sheet2.SchDoc","NET_MEMBER","NET_MEMBER@PA5_FORCE_S1@PORT@S24_P11@I/O","PA5_FORCE_S1","PORT","S24_P11","","","","","","","","","I/O","","","","","","","","","CONNECTED","S24_P11"
"C:\Users\shiwei.yang\Desktop\dali\PCB_Project\Sheet2.SchDoc","NET_MEMBER","NET_MEMBER@PA5_FORCE_S1@NET_LABEL@PA5_FORCE_S1@PA5_FORCE_S1","PA5_FORCE_S1","NET_LABEL","PA5_FORCE_S1","","","","","","","","","Passive","","","","","","","","","","PA5_FORCE_S1"
"C:\Users\shiwei.yang\Desktop\dali\PCB_Project\Sheet2.SchDoc","NET_MEMBER","NET_MEMBER@PA5_FORCE_S1@PIN@PLTTLDME@$$$\PLTTLDME-2","PA5_FORCE_S1","PIN","K72_PA5_F_S1.2","K72_PA5_F_S1","PLTTLDME","$$$\PLTTLDME-2","","","1","2","NO","Passive","","","","","","","","","","2"
"C:\Users\shiwei.yang\Desktop\dali\PCB_Project\Sheet2.SchDoc","NET_MEMBER","NET_MEMBER@PA5_FORCE_S1@PIN@URUVEZUF@$$$\URUVEZUF-7","PA5_FORCE_S1","PIN","K115_PB2_S1.7","K115_PB2_S1","URUVEZUF","$$$\URUVEZUF-7","","","2","7","7","Passive","","","","","","","","","","7"
"C:\Users\shiwei.yang\Desktop\dali\PCB_Project\Sheet2.SchDoc","NET_MEMBER","NET_MEMBER@PA5_FORCE_S1@PIN@OQWRBYSD@$$$\OQWRBYSD-1","PA5_FORCE_S1","PIN","R_PA5_S1.1","R_PA5_S1","OQWRBYSD","$$$\OQWRBYSD-1","","","1","1","1","Passive","","","","","","","","","","1"
"C:\Users\shiwei.yang\Desktop\dali\PCB_Project\Sheet2.SchDoc","NET_MEMBER","NET_MEMBER@PA5_FORCE_S1@PIN@QTKONDDH@$$$\QTKONDDH-1","PA5_FORCE_S1","PIN","TP_PA5_F_S1.1","TP_PA5_F_S1","QTKONDDH","$$$\QTKONDDH-1","","","1","1","1","Passive","","","","","","","","","","1"
"C:\Users\shiwei.yang\Desktop\dali\PCB_Project\Sheet2.SchDoc","NET_MEMBER","NET_MEMBER@PA5_SENSE_S1@PORT@PA5_S_S1@Output","PA5_SENSE_S1","PORT","PA5_S_S1","","","","","","","","","Output","","","","","","","","","CONNECTED","PA5_S_S1"
"C:\Users\shiwei.yang\Desktop\dali\PCB_Project\Sheet2.SchDoc","NET_MEMBER","NET_MEMBER@PA5_SENSE_S1@NET_LABEL@PA5_SENSE_S1@PA5_SENSE_S1","PA5_SENSE_S1","NET_LABEL","PA5_SENSE_S1","","","","","","","","","Passive","","","","","","","","","","PA5_SENSE_S1"
"C:\Users\shiwei.yang\Desktop\dali\PCB_Project\Sheet2.SchDoc","NET_MEMBER","NET_MEMBER@PA5_SENSE_S1@PIN@NJEBRXCH@$$$\NJEBRXCH-2","PA5_SENSE_S1","PIN","K80_PA5_S_S1.2","K80_PA5_S_S1","NJEBRXCH","$$$\NJEBRXCH-2","","","1","2","NO","Passive","","","","","","","","","","2"
"C:\Users\shiwei.yang\Desktop\dali\PCB_Project\Sheet2.SchDoc","NET_MEMBER","NET_MEMBER@PA5_SENSE_S1@PIN@IXMTHNQR@$$$\IXMTHNQR-2","PA5_SENSE_S1","PIN","K115_PB2_S1.2","K115_PB2_S1","IXMTHNQR","$$$\IXMTHNQR-2","","","1","2","2","Passive","","","","","","","","","","2"
"C:\Users\shiwei.yang\Desktop\dali\PCB_Project\Sheet2.SchDoc","NET_MEMBER","NET_MEMBER@PA5_SENSE_S1@PIN@OQWRBYSD@$$$\OQWRBYSD-2","PA5_SENSE_S1","PIN","R_PA5_S1.2","R_PA5_S1","OQWRBYSD","$$$\OQWRBYSD-2","","","1","2","2","Passive","","","","","","","","","","2"
"C:\Users\shiwei.yang\Desktop\dali\PCB_Project\Sheet2.SchDoc","NET_MEMBER","NET_MEMBER@PA5_SENSE_S1@PIN@CCXCIZWG@$$$\CCXCIZWG-1","PA5_SENSE_S1","PIN","TP_PA5_S_S1.1","TP_PA5_S_S1","CCXCIZWG","$$$\CCXCIZWG-1","","","1","1","1","Passive","","","","","","","","","","1"
"C:\Users\shiwei.yang\Desktop\dali\PCB_Project\Sheet2.SchDoc","NET_MEMBER","NET_MEMBER@PU_PS_S1@NET_LABEL@PU_PS_S1@PU_PS_S1","PU_PS_S1","NET_LABEL","PU_PS_S1","","","","","","","","","Passive","","","","","","","","","","PU_PS_S1"
"C:\Users\shiwei.yang\Desktop\dali\PCB_Project\Sheet2.SchDoc","NET_MEMBER","NET_MEMBER@PU_PS_S1@PIN@KPQCZDYO@$$$\KPQCZDYO-2","PU_PS_S1","PIN","K103_PA0_PU_S1.2","K103_PA0_PU_S1","KPQCZDYO","$$$\KPQCZDYO-2","","","1","2","NO","Passive","","","","","","","","","","2"
"C:\Users\shiwei.yang\Desktop\dali\PCB_Project\Sheet2.SchDoc","NET_MEMBER","NET_MEMBER@PU_PS_S1@PIN@VTDZQTBK@$$$\VTDZQTBK-2","PU_PS_S1","PIN","K108_PA1_PU_S1.2","K108_PA1_PU_S1","VTDZQTBK","$$$\VTDZQTBK-2","","","1","2","NO","Passive","","","","","","","","","","2"
"C:\Users\shiwei.yang\Desktop\dali\PCB_Project\Sheet2.SchDoc","NET_MEMBER","NET_MEMBER@PU_PS_S1@PIN@RVGOVQZI@$$$\RVGOVQZI-2","PU_PS_S1","PIN","K113_PA6_PU_S1.2","K113_PA6_PU_S1","RVGOVQZI","$$$\RVGOVQZI-2","","","1","2","NO","Passive","","","","","","","","","","2"
"C:\Users\shiwei.yang\Desktop\dali\PCB_Project\Sheet2.SchDoc","NET_MEMBER","NET_MEMBER@PU_PS_S1@PIN@EDCJYAXN@$$$\EDCJYAXN-2","PU_PS_S1","PIN","K122_PA7_PU_S1.2","K122_PA7_PU_S1","EDCJYAXN","$$$\EDCJYAXN-2","","","1","2","NO","Passive","","","","","","","","","","2"
"C:\Users\shiwei.yang\Desktop\dali\PCB_Project\Sheet2.SchDoc","NET_MEMBER","NET_MEMBER@PU_PS_S1@PIN@JQTTEPHN@$$$\JQTTEPHN-2","PU_PS_S1","PIN","K128_PU_PS_S1.2","K128_PU_PS_S1","JQTTEPHN","$$$\JQTTEPHN-2","","","1","2","NO","Passive","","","","","","","","","","2"
"C:\Users\shiwei.yang\Desktop\dali\PCB_Project\Sheet2.SchDoc","NET_MEMBER","NET_MEMBER@PU_PS_S1@PIN@FJAPFEIH@$$$\FJAPFEIH-1","PU_PS_S1","PIN","TP_PU_PS_S1.1","TP_PU_PS_S1","FJAPFEIH","$$$\FJAPFEIH-1","","","1","1","1","Passive","","","","","","","","","","1"
"C:\Users\shiwei.yang\Desktop\dali\PCB_Project\Sheet2.SchDoc","NET_MEMBER","NET_MEMBER@Qpoint_S1@NET_LABEL@Qpoint_S1@Qpoint_S1","Qpoint_S1","NET_LABEL","Qpoint_S1","","","","","","","","","Passive","","","","","","","","","","Qpoint_S1"
"C:\Users\shiwei.yang\Desktop\dali\PCB_Project\Sheet2.SchDoc","NET_MEMBER","NET_MEMBER@Qpoint_S1@PIN@DUQQMRIF@$$$\DUQQMRIF-4","Qpoint_S1","PIN","K97_Qpoint_S1.4","K97_Qpoint_S1","DUQQMRIF","$$$\DUQQMRIF-4","","","1","4","4","Passive","","","","","","","","","","4"
"C:\Users\shiwei.yang\Desktop\dali\PCB_Project\Sheet2.SchDoc","NET_MEMBER","NET_MEMBER@Qpoint_S1@PIN@LGKINLFW@$$$\LGKINLFW-5","Qpoint_S1","PIN","K97_Qpoint_S1.5","K97_Qpoint_S1","LGKINLFW","$$$\LGKINLFW-5","","","2","5","5","Passive","","","","","","","","","","5"
"C:\Users\shiwei.yang\Desktop\dali\PCB_Project\Sheet2.SchDoc","NET_MEMBER","NET_MEMBER@Qpoint_S1@PIN@SCWLJKSE@$$$\SCWLJKSE-2","Qpoint_S1","PIN","R4_S1.2","R4_S1","SCWLJKSE","$$$\SCWLJKSE-2","","","1","2","2","Passive","","","","","","","","","","2"
"C:\Users\shiwei.yang\Desktop\dali\PCB_Project\Sheet2.SchDoc","NET_MEMBER","NET_MEMBER@Qpoint_S1@PIN@CZTHNWPQ@$$$\CZTHNWPQ-3","Qpoint_S1","PIN","U4_S1.3","U4_S1","CZTHNWPQ","$$$\CZTHNWPQ-3","","","1","3","+IN","Passive","","","","","","","","","","3"
"C:\Users\shiwei.yang\Desktop\dali\PCB_Project\Sheet2.SchDoc","NET_MEMBER","NET_MEMBER@U1_AMP_PS_S1@NET_LABEL@U1_AMP_PS_S1@U1_AMP_PS_S1","U1_AMP_PS_S1","NET_LABEL","U1_AMP_PS_S1","","","","","","","","","Passive","","","","","","","","","","U1_AMP_PS_S1"
"C:\Users\shiwei.yang\Desktop\dali\PCB_Project\Sheet2.SchDoc","NET_MEMBER","NET_MEMBER@U1_AMP_PS_S1@PIN@WWSCOLSH@$$$\WWSCOLSH-1","U1_AMP_PS_S1","PIN","CL_S1.1","CL_S1","WWSCOLSH","$$$\WWSCOLSH-1","","","1","1","1","Passive","","","","","","","","","","1"
"C:\Users\shiwei.yang\Desktop\dali\PCB_Project\Sheet2.SchDoc","NET_MEMBER","NET_MEMBER@U1_AMP_PS_S1@PIN@HLPOOVER@$$$\HLPOOVER-1","U1_AMP_PS_S1","PIN","CS_S1.1","CS_S1","HLPOOVER","$$$\HLPOOVER-1","","","1","1","1","Passive","","","","","","","","","","1"
"C:\Users\shiwei.yang\Desktop\dali\PCB_Project\Sheet2.SchDoc","NET_MEMBER","NET_MEMBER@U1_AMP_PS_S1@PIN@KVZCEJWV@$$$\KVZCEJWV-5","U1_AMP_PS_S1","PIN","K42_AMP_PS_S1.5","K42_AMP_PS_S1","KVZCEJWV","$$$\KVZCEJWV-5","","","2","5","5","Passive","","","","","","","","","","5"
"C:\Users\shiwei.yang\Desktop\dali\PCB_Project\Sheet2.SchDoc","NET_MEMBER","NET_MEMBER@U1_AMP_PS_S1@PIN@QKKYUPHS@$$$\QKKYUPHS-4","U1_AMP_PS_S1","PIN","K74_GAIN1_SEL_S1S2.4","K74_GAIN1_SEL_S1S2","QKKYUPHS","$$$\QKKYUPHS-4","","","1","4","4","Passive","","","","","","","","","","4"
"C:\Users\shiwei.yang\Desktop\dali\PCB_Project\Sheet2.SchDoc","NET_MEMBER","NET_MEMBER@U1_AMP_PS_S1@PIN@SUGXGJMJ@$$$\SUGXGJMJ-4","U1_AMP_PS_S1","PIN","K75_GAIN2_SEL_S1S2.4","K75_GAIN2_SEL_S1S2","SUGXGJMJ","$$$\SUGXGJMJ-4","","","1","4","4","Passive","","","","","","","","","","4"
"C:\Users\shiwei.yang\Desktop\dali\PCB_Project\Sheet2.SchDoc","NET_MEMBER","NET_MEMBER@U1_AMP_PS_S1@PIN@HMRSZTXB@$$$\HMRSZTXB-6","U1_AMP_PS_S1","PIN","U1_S1.6","U1_S1","HMRSZTXB","$$$\HMRSZTXB-6","","","1","6","VDD","Passive","","","","","","","","","","6"
"C:\Users\shiwei.yang\Desktop\dali\PCB_Project\Sheet2.SchDoc","NET_MEMBER","NET_MEMBER@U1_AMP_REF_S1@NET_LABEL@U1_AMP_REF_S1@U1_AMP_REF_S1","U1_AMP_REF_S1","NET_LABEL","U1_AMP_REF_S1","","","","","","","","","Passive","","","","","","","","","","U1_AMP_REF_S1"
"C:\Users\shiwei.yang\Desktop\dali\PCB_Project\Sheet2.SchDoc","NET_MEMBER","NET_MEMBER@U1_AMP_REF_S1@PIN@HXWSFPLJ@$$$\HXWSFPLJ-2","U1_AMP_REF_S1","PIN","K76_ACM_BST_S1.2","K76_ACM_BST_S1","HXWSFPLJ","$$$\HXWSFPLJ-2","","","1","2","2","Passive","","","","","","","","","","2"
"C:\Users\shiwei.yang\Desktop\dali\PCB_Project\Sheet2.SchDoc","NET_MEMBER","NET_MEMBER@U1_AMP_REF_S1@PIN@BTRQTUDU@$$$\BTRQTUDU-7","U1_AMP_REF_S1","PIN","K76_ACM_BST_S1.7","K76_ACM_BST_S1","BTRQTUDU","$$$\BTRQTUDU-7","","","2","7","7","Passive","","","","","","","","","","7"
"C:\Users\shiwei.yang\Desktop\dali\PCB_Project\Sheet2.SchDoc","NET_MEMBER","NET_MEMBER@U1_AMP_REF_S1@PIN@HMRSZTXB@$$$\HMRSZTXB-7","U1_AMP_REF_S1","PIN","U1_S1.7","U1_S1","HMRSZTXB","$$$\HMRSZTXB-7","","","1","7","REF2","Passive","","","","","","","","","","7"
"C:\Users\shiwei.yang\Desktop\dali\PCB_Project\Sheet2.SchDoc","NET_MEMBER","NET_MEMBER@U1_AMP_REF_S1@PIN@HMRSZTXB@$$$\HMRSZTXB-8","U1_AMP_REF_S1","PIN","U1_S1.8","U1_S1","HMRSZTXB","$$$\HMRSZTXB-8","","","1","8","REF1","Passive","","","","","","","","","","8"
"C:\Users\shiwei.yang\Desktop\dali\PCB_Project\Sheet2.SchDoc","NET_MEMBER","NET_MEMBER@U2_PS_S1@NET_LABEL@U2_PS_S1@U2_PS_S1","U2_PS_S1","NET_LABEL","U2_PS_S1","","","","","","","","","Passive","","","","","","","","","","U2_PS_S1"
"C:\Users\shiwei.yang\Desktop\dali\PCB_Project\Sheet2.SchDoc","NET_MEMBER","NET_MEMBER@U2_PS_S1@PIN@JJCEBQMD@$$$\JJCEBQMD-2","U2_PS_S1","PIN","C8_PWR_S1.2","C8_PWR_S1","JJCEBQMD","$$$\JJCEBQMD-2","","","1","2","2","Passive","","","","","","","","","","2"
"C:\Users\shiwei.yang\Desktop\dali\PCB_Project\Sheet2.SchDoc","NET_MEMBER","NET_MEMBER@U2_PS_S1@PIN@GTVJVTZC@$$$\GTVJVTZC-2","U2_PS_S1","PIN","K127_U2_PS_S1.2","K127_U2_PS_S1","GTVJVTZC","$$$\GTVJVTZC-2","","","1","2","NO","Passive","","","","","","","","","","2"
"C:\Users\shiwei.yang\Desktop\dali\PCB_Project\Sheet2.SchDoc","NET_MEMBER","NET_MEMBER@U2_PS_S1@PIN@TJWGTIMV@$$$\TJWGTIMV-1","U2_PS_S1","PIN","TP_U2_PS_S1.1","TP_U2_PS_S1","TJWGTIMV","$$$\TJWGTIMV-1","","","1","1","1","Passive","","","","","","","","","","1"
"C:\Users\shiwei.yang\Desktop\dali\PCB_Project\Sheet2.SchDoc","NET_MEMBER","NET_MEMBER@U2_PS_S1@PIN@YVMRURLU@$$$\YVMRURLU-5","U2_PS_S1","PIN","U2_S1.5","U2_S1","YVMRURLU","$$$\YVMRURLU-5","","","1","5","V+","Passive","","","","","","","","","","5"
"C:\Users\shiwei.yang\Desktop\dali\PCB_Project\Sheet2.SchDoc","NET_MEMBER","NET_MEMBER@U34_PS_S1@NET_LABEL@U34_PS_S1@U34_PS_S1","U34_PS_S1","NET_LABEL","U34_PS_S1","","","","","","","","","Passive","","","","","","","","","","U34_PS_S1"
"C:\Users\shiwei.yang\Desktop\dali\PCB_Project\Sheet2.SchDoc","NET_MEMBER","NET_MEMBER@U34_PS_S1@PIN@GIGMGHKN@$$$\GIGMGHKN-2","U34_PS_S1","PIN","C3_PWR_S1.2","C3_PWR_S1","GIGMGHKN","$$$\GIGMGHKN-2","","","1","2","2","Passive","","","","","","","","","","2"
"C:\Users\shiwei.yang\Desktop\dali\PCB_Project\Sheet2.SchDoc","NET_MEMBER","NET_MEMBER@U34_PS_S1@PIN@WRMPLRNL@$$$\WRMPLRNL-2","U34_PS_S1","PIN","C6_PWR_S1.2","C6_PWR_S1","WRMPLRNL","$$$\WRMPLRNL-2","","","1","2","2","Passive","","","","","","","","","","2"
"C:\Users\shiwei.yang\Desktop\dali\PCB_Project\Sheet2.SchDoc","NET_MEMBER","NET_MEMBER@U34_PS_S1@PIN@FIUDKUWP@$$$\FIUDKUWP-4","U34_PS_S1","PIN","K125_U34_PS_S1.4","K125_U34_PS_S1","FIUDKUWP","$$$\FIUDKUWP-4","","","1","4","4","Passive","","","","","","","","","","4"
"C:\Users\shiwei.yang\Desktop\dali\PCB_Project\Sheet2.SchDoc","NET_MEMBER","NET_MEMBER@U34_PS_S1@PIN@CLAAKOMN@$$$\CLAAKOMN-5","U34_PS_S1","PIN","K125_U34_PS_S1.5","K125_U34_PS_S1","CLAAKOMN","$$$\CLAAKOMN-5","","","2","5","5","Passive","","","","","","","","","","5"
"C:\Users\shiwei.yang\Desktop\dali\PCB_Project\Sheet2.SchDoc","NET_MEMBER","NET_MEMBER@U34_PS_S1@PIN@KYYQGNNQ@$$$\KYYQGNNQ-1","U34_PS_S1","PIN","TP_U34_PS_S1.1","TP_U34_PS_S1","KYYQGNNQ","$$$\KYYQGNNQ-1","","","1","1","1","Passive","","","","","","","","","","1"
"C:\Users\shiwei.yang\Desktop\dali\PCB_Project\Sheet2.SchDoc","NET_MEMBER","NET_MEMBER@U34_PS_S1@PIN@RNVDZYVO@$$$\RNVDZYVO-5","U34_PS_S1","PIN","U3_S1.5","U3_S1","RNVDZYVO","$$$\RNVDZYVO-5","","","1","5","V+","Passive","","","","","","","","","","5"
"C:\Users\shiwei.yang\Desktop\dali\PCB_Project\Sheet2.SchDoc","NET_MEMBER","NET_MEMBER@U34_PS_S1@PIN@CZTHNWPQ@$$$\CZTHNWPQ-5","U34_PS_S1","PIN","U4_S1.5","U4_S1","CZTHNWPQ","$$$\CZTHNWPQ-5","","","1","5","V+","Passive","","","","","","","","","","5"
"C:\Users\shiwei.yang\Desktop\dali\PCB_Project\Sheet2.SchDoc","NET_MEMBER","NET_MEMBER@VAC_FORCE_S1@PORT@S5_ACM200_FH0@I/O","VAC_FORCE_S1","PORT","S5_ACM200_FH0","","","","","","","","","I/O","","","","","","","","","CONNECTED","S5_ACM200_FH0"
"C:\Users\shiwei.yang\Desktop\dali\PCB_Project\Sheet2.SchDoc","NET_MEMBER","NET_MEMBER@VAC_FORCE_S1@NET_LABEL@VAC_FORCE_S1@VAC_FORCE_S1","VAC_FORCE_S1","NET_LABEL","VAC_FORCE_S1","","","","","","","","","Passive","","","","","","","","","","VAC_FORCE_S1"
"C:\Users\shiwei.yang\Desktop\dali\PCB_Project\Sheet2.SchDoc","NET_MEMBER","NET_MEMBER@VAC_FORCE_S1@PIN@XQOGVEQP@$$$\XQOGVEQP-4","VAC_FORCE_S1","PIN","K17_BUSL_VAC_S1.4","K17_BUSL_VAC_S1","XQOGVEQP","$$$\XQOGVEQP-4","","","1","4","4","Passive","","","","","","","","","","4"
"C:\Users\shiwei.yang\Desktop\dali\PCB_Project\Sheet2.SchDoc","NET_MEMBER","NET_MEMBER@VAC_FORCE_S1@PIN@GJIYAVYL@$$$\GJIYAVYL-3","VAC_FORCE_S1","PIN","K18_VAC3_S1.3","K18_VAC3_S1","GJIYAVYL","$$$\GJIYAVYL-3","","","1","3","3","Passive","","","","","","","","","","3"
"C:\Users\shiwei.yang\Desktop\dali\PCB_Project\Sheet2.SchDoc","NET_MEMBER","NET_MEMBER@VAC_FORCE_S1@PIN@EBHFNJIH@$$$\EBHFNJIH-4","VAC_FORCE_S1","PIN","K21_VAC_Cap_S1S2.4","K21_VAC_Cap_S1S2","EBHFNJIH","$$$\EBHFNJIH-4","","","1","4","4","Passive","","","","","","","","","","4"
"C:\Users\shiwei.yang\Desktop\dali\PCB_Project\Sheet2.SchDoc","NET_MEMBER","NET_MEMBER@VAC_FORCE_S1@PIN@NVEAJORD@$$$\NVEAJORD-2","VAC_FORCE_S1","PIN","K70_VAC_F_S1.2","K70_VAC_F_S1","NVEAJORD","$$$\NVEAJORD-2","","","1","2","NO","Passive","","","","","","","","","","2"
"C:\Users\shiwei.yang\Desktop\dali\PCB_Project\Sheet2.SchDoc","NET_MEMBER","NET_MEMBER@VAC_FORCE_S1@PIN@ZXWGWKUP@$$$\ZXWGWKUP-2","VAC_FORCE_S1","PIN","K170_VAC_F_S1.2","K170_VAC_F_S1","ZXWGWKUP","$$$\ZXWGWKUP-2","","","1","2","NO","Passive","","","","","","","","","","2"
"C:\Users\shiwei.yang\Desktop\dali\PCB_Project\Sheet2.SchDoc","NET_MEMBER","NET_MEMBER@VAC_SENSE_S1@PORT@S5_ACM200_SH0@I/O","VAC_SENSE_S1","PORT","S5_ACM200_SH0","","","","","","","","","I/O","","","","","","","","","CONNECTED","S5_ACM200_SH0"
"C:\Users\shiwei.yang\Desktop\dali\PCB_Project\Sheet2.SchDoc","NET_MEMBER","NET_MEMBER@VAC_SENSE_S1@NET_LABEL@VAC_SENSE_S1@VAC_SENSE_S1","VAC_SENSE_S1","NET_LABEL","VAC_SENSE_S1","","","","","","","","","Passive","","","","","","","","","","VAC_SENSE_S1"
"C:\Users\shiwei.yang\Desktop\dali\PCB_Project\Sheet2.SchDoc","NET_MEMBER","NET_MEMBER@VAC_SENSE_S1@PIN@XFTXKENH@$$$\XFTXKENH-5","VAC_SENSE_S1","PIN","K17_BUSL_VAC_S1.5","K17_BUSL_VAC_S1","XFTXKENH","$$$\XFTXKENH-5","","","2","5","5","Passive","","","","","","","","","","5"
"C:\Users\shiwei.yang\Desktop\dali\PCB_Project\Sheet2.SchDoc","NET_MEMBER","NET_MEMBER@VAC_SENSE_S1@PIN@HUQNCMFN@$$$\HUQNCMFN-6","VAC_SENSE_S1","PIN","K18_VAC3_S1.6","K18_VAC3_S1","HUQNCMFN","$$$\HUQNCMFN-6","","","2","6","6","Passive","","","","","","","","","","6"
"C:\Users\shiwei.yang\Desktop\dali\PCB_Project\Sheet2.SchDoc","NET_MEMBER","NET_MEMBER@VAC_SENSE_S1@PIN@OAKOBOVC@$$$\OAKOBOVC-2","VAC_SENSE_S1","PIN","K77_VAC_S_S1.2","K77_VAC_S_S1","OAKOBOVC","$$$\OAKOBOVC-2","","","1","2","NO","Passive","","","","","","","","","","2"
"C:\Users\shiwei.yang\Desktop\dali\PCB_Project\Sheet2.SchDoc","NET_MEMBER","NET_MEMBER@VCN_FORCE_S1@PORT@VCN_F_S1@Output","VCN_FORCE_S1","PORT","VCN_F_S1","","","","","","","","","Output","","","","","","","","","CONNECTED","VCN_F_S1"
"C:\Users\shiwei.yang\Desktop\dali\PCB_Project\Sheet2.SchDoc","NET_MEMBER","NET_MEMBER@VCN_FORCE_S1@NET_LABEL@VCN_FORCE_S1@VCN_FORCE_S1","VCN_FORCE_S1","NET_LABEL","VCN_FORCE_S1","","","","","","","","","Passive","","","","","","","","","","VCN_FORCE_S1"
"C:\Users\shiwei.yang\Desktop\dali\PCB_Project\Sheet2.SchDoc","NET_MEMBER","NET_MEMBER@VCN_FORCE_S1@PIN@BBKSFWDW@$$$\BBKSFWDW-2","VCN_FORCE_S1","PIN","K71_KLV_F_S1.2","K71_KLV_F_S1","BBKSFWDW","$$$\BBKSFWDW-2","","","1","2","NO","Passive","","","","","","","","","","2"
"C:\Users\shiwei.yang\Desktop\dali\PCB_Project\Sheet2.SchDoc","NET_MEMBER","NET_MEMBER@VCN_FORCE_S1@PIN@ZIEZVALD@$$$\ZIEZVALD-7","VCN_FORCE_S1","PIN","K157_COMP_S1.7","K157_COMP_S1","ZIEZVALD","$$$\ZIEZVALD-7","","","2","7","7","Passive","","","","","","","","","","7"
"C:\Users\shiwei.yang\Desktop\dali\PCB_Project\Sheet2.SchDoc","NET_MEMBER","NET_MEMBER@VCN_FORCE_S1@PIN@OVOOMPVH@$$$\OVOOMPVH-1","VCN_FORCE_S1","PIN","R_VCN_S1.1","R_VCN_S1","OVOOMPVH","$$$\OVOOMPVH-1","","","1","1","1","Passive","","","","","","","","","","1"
"C:\Users\shiwei.yang\Desktop\dali\PCB_Project\Sheet2.SchDoc","NET_MEMBER","NET_MEMBER@VCN_FORCE_S1@PIN@HQRCBMKD@$$$\HQRCBMKD-1","VCN_FORCE_S1","PIN","TP_VCN_F_S1.1","TP_VCN_F_S1","HQRCBMKD","$$$\HQRCBMKD-1","","","1","1","1","Passive","","","","","","","","","","1"
"C:\Users\shiwei.yang\Desktop\dali\PCB_Project\Sheet2.SchDoc","NET_MEMBER","NET_MEMBER@VCP_FORCE_S1@PORT@VCP_F_S1@Output","VCP_FORCE_S1","PORT","VCP_F_S1","","","","","","","","","Output","","","","","","","","","CONNECTED","VCP_F_S1"
"C:\Users\shiwei.yang\Desktop\dali\PCB_Project\Sheet2.SchDoc","NET_MEMBER","NET_MEMBER@VCP_FORCE_S1@NET_LABEL@VCP_FORCE_S1@VCP_FORCE_S1","VCP_FORCE_S1","NET_LABEL","VCP_FORCE_S1","","","","","","","","","Passive","","","","","","","","","","VCP_FORCE_S1"
"C:\Users\shiwei.yang\Desktop\dali\PCB_Project\Sheet2.SchDoc","NET_MEMBER","NET_MEMBER@VCP_FORCE_S1@PIN@TWFOPUXZ@$$$\TWFOPUXZ-7","VCP_FORCE_S1","PIN","K61_SW_S1.7","K61_SW_S1","TWFOPUXZ","$$$\TWFOPUXZ-7","","","2","7","7","Passive","","","","","","","","","","7"
"C:\Users\shiwei.yang\Desktop\dali\PCB_Project\Sheet2.SchDoc","NET_MEMBER","NET_MEMBER@VCP_FORCE_S1@PIN@UAXJYIKU@$$$\UAXJYIKU-2","VCP_FORCE_S1","PIN","K68_VCP_F_S1.2","K68_VCP_F_S1","UAXJYIKU","$$$\UAXJYIKU-2","","","1","2","NO","Passive","","","","","","","","","","2"
"C:\Users\shiwei.yang\Desktop\dali\PCB_Project\Sheet2.SchDoc","NET_MEMBER","NET_MEMBER@VCP_FORCE_S1@PIN@VRUDRUMO@$$$\VRUDRUMO-2","VCP_FORCE_S1","PIN","K168_VCP_F_S1.2","K168_VCP_F_S1","VRUDRUMO","$$$\VRUDRUMO-2","","","1","2","NO","Passive","","","","","","","","","","2"
"C:\Users\shiwei.yang\Desktop\dali\PCB_Project\Sheet2.SchDoc","NET_MEMBER","NET_MEMBER@VCP_FORCE_S1@PIN@XOFOUWRA@$$$\XOFOUWRA-1","VCP_FORCE_S1","PIN","R_VCP_S1.1","R_VCP_S1","XOFOUWRA","$$$\XOFOUWRA-1","","","1","1","1","Passive","","","","","","","","","","1"
"C:\Users\shiwei.yang\Desktop\dali\PCB_Project\Sheet2.SchDoc","NET_MEMBER","NET_MEMBER@VCP_FORCE_S1@PIN@YYVPLBNP@$$$\YYVPLBNP-1","VCP_FORCE_S1","PIN","TP_VCP_F_S1.1","TP_VCP_F_S1","YYVPLBNP","$$$\YYVPLBNP-1","","","1","1","1","Passive","","","","","","","","","","1"
"C:\Users\shiwei.yang\Desktop\dali\PCB_Project\Sheet2.SchDoc","NET_TIE_GROUP","NET_TIE_GROUP@REXTUFSA","","NET_TIE","NT1","NT1","REXTUFSA","","NET_TIE_IN_BOM","net_short","","","","","INTENTIONAL_SHORT_GROUP","","3","FPVIe0_FH_PC_S1 | FPVIe0_SH_PC_S1 | NetK82_R_CS_S1S2_3","3","FPVIe0_FH_PC_S1 | FPVIe0_SH_PC_S1 | NetK82_R_CS_S1S2_3","0","","OK",""
"C:\Users\shiwei.yang\Desktop\dali\PCB_Project\Sheet2.SchDoc","NET_TIE_GROUP","NET_TIE_GROUP@MGCCQPVB","","NET_TIE","NT2","NT2","MGCCQPVB","","NET_TIE_IN_BOM","net_short","","","","","INTENTIONAL_SHORT_GROUP","","3","FPVIe0_FL_PC_S1 | FPVIe0_SL_PC_S1 | NetC1_CS_S1_1","3","FPVIe0_FL_PC_S1 | FPVIe0_SL_PC_S1 | NetC1_CS_S1_1","0","","OK",""
